-- phpMyAdmin SQL Dump
-- version 5.2.0
-- https://www.phpmyadmin.net/
--
-- Host: localhost:3306
-- Generation Time: Oct 10, 2024 at 05:57 AM
-- Server version: 8.0.30
-- PHP Version: 8.2.12

SET SQL_MODE = "NO_AUTO_VALUE_ON_ZERO";
START TRANSACTION;
SET time_zone = "+00:00";


/*!40101 SET @OLD_CHARACTER_SET_CLIENT=@@CHARACTER_SET_CLIENT */;
/*!40101 SET @OLD_CHARACTER_SET_RESULTS=@@CHARACTER_SET_RESULTS */;
/*!40101 SET @OLD_COLLATION_CONNECTION=@@COLLATION_CONNECTION */;
/*!40101 SET NAMES utf8mb4 */;

--
-- Database: `clove`
--

-- --------------------------------------------------------

--
-- Table structure for table `authors`
--

CREATE TABLE `authors` (
  `id` bigint UNSIGNED NOT NULL,
  `username` varchar(255) CHARACTER SET utf8mb4 COLLATE utf8mb4_unicode_ci NOT NULL,
  `email` varchar(255) CHARACTER SET utf8mb4 COLLATE utf8mb4_unicode_ci NOT NULL,
  `password` varchar(255) CHARACTER SET utf8mb4 COLLATE utf8mb4_unicode_ci NOT NULL,
  `photo` varchar(255) CHARACTER SET utf8mb4 COLLATE utf8mb4_unicode_ci DEFAULT NULL,
  `desp` text CHARACTER SET utf8mb4 COLLATE utf8mb4_unicode_ci,
  `status` int NOT NULL DEFAULT '0',
  `email_verified_at` date DEFAULT NULL,
  `created_at` timestamp NULL DEFAULT NULL,
  `updated_at` timestamp NULL DEFAULT NULL
) ENGINE=InnoDB DEFAULT CHARSET=utf8mb4 COLLATE=utf8mb4_unicode_ci;

--
-- Dumping data for table `authors`
--

INSERT INTO `authors` (`id`, `username`, `email`, `password`, `photo`, `desp`, `status`, `email_verified_at`, `created_at`, `updated_at`) VALUES
(5, 'rohaw', 'ashikonik999@gmail.com', '$2y$12$g6jzS9taem6KhUpy7E6cj.HlkA.qt0czG9nwXYdHgeRtWQv9Lylb6', '66f0ef8d132d1.png', NULL, 1, '2024-10-03', '2024-09-09 21:23:14', '2024-10-06 22:54:13'),
(6, 'hykym', 'shamiul982@gmail.com', '$2y$12$ZQCRTN6Ivx9uEmz3PxpFW.QrRaqSpolwXEuyn8eX.cHJM7gq2OP8C', NULL, NULL, 1, '2024-10-03', '2024-09-16 21:26:54', '2024-09-16 21:36:11'),
(7, 'loqoz', 'badyp@mailinator.com', '$2y$12$l9Yjl2vrYb7CeUNC1DoqMeZo3wb6BkbA/TCiOPMf5k.IFszTYtPcu', NULL, NULL, 1, '2024-10-03', '2024-09-18 21:34:37', NULL),
(8, 'bijyj', 'tikimywot@mailinator.com', '$2y$12$V/z3R1sNyI1SQNlogVHVb.k/3JnEbibqR6x9gJJl.5daNIm9ErL1S', NULL, NULL, 1, '2024-10-03', '2024-09-18 21:34:44', NULL),
(9, 'tahsan', 'tahsan3.cit.bd@gmail.com', '$2y$12$OC55.lVm.SkQIAtHsufQuu7o0fujVO5viqZcT.GgEam5rLvcMq5TW', NULL, NULL, 1, '2024-10-03', '2024-10-02 05:40:47', '2024-10-02 21:51:24'),
(21, 'xehohope', 'freelancedemo7@gmail.com', '$2y$12$u5//UrbrdAXTdtusxEhM6OJEYEy1fKoJ1kSFcFvuiEx6VZIcfplMe', NULL, NULL, 0, '2024-10-03', '2024-10-02 22:35:23', '2024-10-02 22:58:28'),
(22, 'finyjik', 'lycu@mailinator.com', '$2y$12$/H6cc9igjsB10Vi7YL3Trus2oV23S4nn5f35EHTqsHhLaqQEdzLni', NULL, NULL, 0, NULL, '2024-10-07 21:51:48', NULL),
(23, 'kiwitoku', 'zeme@mailinator.com', '$2y$12$eIxtqnwEHyzmKxFdMxwyA.05XyLgxIjySDfY1dDdJyBhVeco5pP0G', NULL, NULL, 1, NULL, '2024-10-07 21:55:40', NULL);

-- --------------------------------------------------------

--
-- Table structure for table `author_verifies`
--

CREATE TABLE `author_verifies` (
  `id` bigint UNSIGNED NOT NULL,
  `author_id` int NOT NULL,
  `token` varchar(255) COLLATE utf8mb4_unicode_ci NOT NULL,
  `created_at` timestamp NULL DEFAULT NULL,
  `updated_at` timestamp NULL DEFAULT NULL
) ENGINE=InnoDB DEFAULT CHARSET=utf8mb4 COLLATE=utf8mb4_unicode_ci;

--
-- Dumping data for table `author_verifies`
--

INSERT INTO `author_verifies` (`id`, `author_id`, `token`, `created_at`, `updated_at`) VALUES
(10, 21, '66fe24532d58f', '2024-10-02 22:57:55', '2024-10-02 22:57:55'),
(11, 22, '6704ac54a0f00', '2024-10-07 21:51:48', '2024-10-07 21:51:48');

-- --------------------------------------------------------

--
-- Table structure for table `cache`
--

CREATE TABLE `cache` (
  `key` varchar(255) CHARACTER SET utf8mb4 COLLATE utf8mb4_unicode_ci NOT NULL,
  `value` mediumtext CHARACTER SET utf8mb4 COLLATE utf8mb4_unicode_ci NOT NULL,
  `expiration` int NOT NULL
) ENGINE=InnoDB DEFAULT CHARSET=utf8mb4 COLLATE=utf8mb4_unicode_ci;

--
-- Dumping data for table `cache`
--

INSERT INTO `cache` (`key`, `value`, `expiration`) VALUES
('qynosiz@mailinator.com|127.0.0.1', 'i:1;', 1724903283),
('qynosiz@mailinator.com|127.0.0.1:timer', 'i:1724903283;', 1724903283),
('ruxono@mailinator.com|127.0.0.1', 'i:1;', 1724901382),
('ruxono@mailinator.com|127.0.0.1:timer', 'i:1724901382;', 1724901382),
('ryniwixi@mailinator.com|127.0.0.1', 'i:1;', 1724903216),
('ryniwixi@mailinator.com|127.0.0.1:timer', 'i:1724903216;', 1724903216),
('spatie.permission.cache', 'a:3:{s:5:\"alias\";a:4:{s:1:\"a\";s:2:\"id\";s:1:\"b\";s:4:\"name\";s:1:\"c\";s:10:\"guard_name\";s:1:\"r\";s:5:\"roles\";}s:11:\"permissions\";a:14:{i:0;a:4:{s:1:\"a\";i:1;s:1:\"b\";s:8:\"add_user\";s:1:\"c\";s:3:\"web\";s:1:\"r\";a:1:{i:0;i:1;}}i:1;a:4:{s:1:\"a\";i:2;s:1:\"b\";s:5:\"users\";s:1:\"c\";s:3:\"web\";s:1:\"r\";a:3:{i:0;i:1;i:1;i:2;i:2;i:3;}}i:2;a:4:{s:1:\"a\";i:3;s:1:\"b\";s:8:\"user_del\";s:1:\"c\";s:3:\"web\";s:1:\"r\";a:1:{i:0;i:1;}}i:3;a:4:{s:1:\"a\";i:4;s:1:\"b\";s:6:\"author\";s:1:\"c\";s:3:\"web\";s:1:\"r\";a:2:{i:0;i:1;i:1;i:2;}}i:4;a:4:{s:1:\"a\";i:5;s:1:\"b\";s:13:\"author_status\";s:1:\"c\";s:3:\"web\";s:1:\"r\";a:2:{i:0;i:1;i:1;i:2;}}i:5;a:4:{s:1:\"a\";i:6;s:1:\"b\";s:10:\"author_del\";s:1:\"c\";s:3:\"web\";s:1:\"r\";a:2:{i:0;i:1;i:1;i:2;}}i:6;a:4:{s:1:\"a\";i:7;s:1:\"b\";s:4:\"role\";s:1:\"c\";s:3:\"web\";s:1:\"r\";a:1:{i:0;i:1;}}i:7;a:4:{s:1:\"a\";i:8;s:1:\"b\";s:12:\"category_add\";s:1:\"c\";s:3:\"web\";s:1:\"r\";a:3:{i:0;i:1;i:1;i:2;i:2;i:3;}}i:8;a:4:{s:1:\"a\";i:9;s:1:\"b\";s:8:\"category\";s:1:\"c\";s:3:\"web\";s:1:\"r\";a:4:{i:0;i:1;i:1;i:2;i:2;i:3;i:3;i:5;}}i:9;a:4:{s:1:\"a\";i:10;s:1:\"b\";s:14:\"trash_category\";s:1:\"c\";s:3:\"web\";s:1:\"r\";a:3:{i:0;i:1;i:1;i:2;i:2;i:3;}}i:10;a:4:{s:1:\"a\";i:11;s:1:\"b\";s:3:\"tag\";s:1:\"c\";s:3:\"web\";s:1:\"r\";a:5:{i:0;i:1;i:1;i:2;i:2;i:3;i:3;i:4;i:4;i:5;}}i:11;a:4:{s:1:\"a\";i:12;s:1:\"b\";s:7:\"tag_add\";s:1:\"c\";s:3:\"web\";s:1:\"r\";a:5:{i:0;i:1;i:1;i:2;i:2;i:3;i:3;i:4;i:4;i:5;}}i:12;a:4:{s:1:\"a\";i:13;s:1:\"b\";s:8:\"post_add\";s:1:\"c\";s:3:\"web\";s:1:\"r\";a:4:{i:0;i:1;i:1;i:2;i:2;i:3;i:3;i:4;}}i:13;a:4:{s:1:\"a\";i:14;s:1:\"b\";s:4:\"post\";s:1:\"c\";s:3:\"web\";s:1:\"r\";a:4:{i:0;i:1;i:1;i:2;i:2;i:3;i:3;i:4;}}}s:5:\"roles\";a:5:{i:0;a:3:{s:1:\"a\";i:1;s:1:\"b\";s:10:\"SuperAdmin\";s:1:\"c\";s:3:\"web\";}i:1;a:3:{s:1:\"a\";i:2;s:1:\"b\";s:5:\"Admin\";s:1:\"c\";s:3:\"web\";}i:2;a:3:{s:1:\"a\";i:3;s:1:\"b\";s:9:\"Moderator\";s:1:\"c\";s:3:\"web\";}i:3;a:3:{s:1:\"a\";i:5;s:1:\"b\";s:5:\"Gorib\";s:1:\"c\";s:3:\"web\";}i:4;a:3:{s:1:\"a\";i:4;s:1:\"b\";s:6:\"Editor\";s:1:\"c\";s:3:\"web\";}}}', 1728360082);

-- --------------------------------------------------------

--
-- Table structure for table `cache_locks`
--

CREATE TABLE `cache_locks` (
  `key` varchar(255) CHARACTER SET utf8mb4 COLLATE utf8mb4_unicode_ci NOT NULL,
  `owner` varchar(255) CHARACTER SET utf8mb4 COLLATE utf8mb4_unicode_ci NOT NULL,
  `expiration` int NOT NULL
) ENGINE=InnoDB DEFAULT CHARSET=utf8mb4 COLLATE=utf8mb4_unicode_ci;

-- --------------------------------------------------------

--
-- Table structure for table `categories`
--

CREATE TABLE `categories` (
  `id` bigint UNSIGNED NOT NULL,
  `category_name` varchar(255) CHARACTER SET utf8mb4 COLLATE utf8mb4_unicode_ci NOT NULL,
  `category_image` varchar(255) CHARACTER SET utf8mb4 COLLATE utf8mb4_unicode_ci NOT NULL,
  `deleted_at` timestamp NULL DEFAULT NULL,
  `created_at` timestamp NULL DEFAULT NULL,
  `updated_at` timestamp NULL DEFAULT NULL
) ENGINE=InnoDB DEFAULT CHARSET=utf8mb4 COLLATE=utf8mb4_unicode_ci;

--
-- Dumping data for table `categories`
--

INSERT INTO `categories` (`id`, `category_name`, `category_image`, `deleted_at`, `created_at`, `updated_at`) VALUES
(1, 'Information Technology', '66d53de2aafdb.jpg', NULL, '2024-09-01 22:24:02', '2024-09-02 22:49:00'),
(2, 'Politics', '66d53e5008c3f.jpg', NULL, '2024-09-01 22:25:52', '2024-09-02 22:49:00'),
(3, 'Education', '66d53e8f699e0.jpg', NULL, '2024-09-01 22:26:55', '2024-10-07 04:29:27'),
(4, 'International', '66d53ebb1d4b4.jpg', NULL, '2024-09-01 22:27:39', '2024-10-07 04:29:27'),
(5, 'Sports', '66d53ee71a105.jpg', NULL, '2024-09-01 22:28:23', '2024-10-07 04:29:27'),
(6, 'Entertainment', '66d53f085cc2e.jpg', NULL, '2024-09-01 22:28:56', '2024-10-07 04:29:27');

-- --------------------------------------------------------

--
-- Table structure for table `comments`
--

CREATE TABLE `comments` (
  `id` bigint UNSIGNED NOT NULL,
  `author_id` int NOT NULL,
  `post_id` int NOT NULL,
  `parent_id` int DEFAULT NULL,
  `comments` varchar(255) CHARACTER SET utf8mb4 COLLATE utf8mb4_unicode_ci NOT NULL,
  `created_at` timestamp NULL DEFAULT NULL,
  `updated_at` timestamp NULL DEFAULT NULL
) ENGINE=InnoDB DEFAULT CHARSET=utf8mb4 COLLATE=utf8mb4_unicode_ci;

--
-- Dumping data for table `comments`
--

INSERT INTO `comments` (`id`, `author_id`, `post_id`, `parent_id`, `comments`, `created_at`, `updated_at`) VALUES
(1, 5, 6, NULL, 'Joldi baran speed lagbo', '2024-09-29 22:06:52', '2024-09-29 22:06:52'),
(2, 6, 6, NULL, 'ho vai download speed onk kom lage', '2024-09-29 22:07:50', '2024-09-29 22:07:50'),
(3, 7, 6, NULL, 'ho mobile net onk slow kam kore', '2024-09-29 22:08:24', '2024-09-29 22:08:24'),
(4, 7, 6, 1, 'speed barle taka o barbe', '2024-09-29 22:23:43', '2024-09-29 22:23:43'),
(5, 8, 6, 1, 'dhur mia khali taka taka', '2024-09-29 22:30:58', '2024-09-29 22:30:58'),
(6, 8, 6, NULL, 'submarine cable bar bar nosto hoy kn', '2024-09-29 22:31:36', '2024-09-29 22:31:36'),
(7, 8, 6, 2, 'valo isp theke nen', '2024-09-29 22:32:05', '2024-09-29 22:32:05'),
(8, 8, 7, NULL, 'valo korche', '2024-09-29 22:36:41', '2024-09-29 22:36:41');

-- --------------------------------------------------------

--
-- Table structure for table `failed_jobs`
--

CREATE TABLE `failed_jobs` (
  `id` bigint UNSIGNED NOT NULL,
  `uuid` varchar(255) CHARACTER SET utf8mb4 COLLATE utf8mb4_unicode_ci NOT NULL,
  `connection` text CHARACTER SET utf8mb4 COLLATE utf8mb4_unicode_ci NOT NULL,
  `queue` text CHARACTER SET utf8mb4 COLLATE utf8mb4_unicode_ci NOT NULL,
  `payload` longtext CHARACTER SET utf8mb4 COLLATE utf8mb4_unicode_ci NOT NULL,
  `exception` longtext CHARACTER SET utf8mb4 COLLATE utf8mb4_unicode_ci NOT NULL,
  `failed_at` timestamp NOT NULL DEFAULT CURRENT_TIMESTAMP
) ENGINE=InnoDB DEFAULT CHARSET=utf8mb4 COLLATE=utf8mb4_unicode_ci;

-- --------------------------------------------------------

--
-- Table structure for table `faqs`
--

CREATE TABLE `faqs` (
  `id` bigint UNSIGNED NOT NULL,
  `question` varchar(255) COLLATE utf8mb4_unicode_ci NOT NULL,
  `answer` varchar(255) COLLATE utf8mb4_unicode_ci NOT NULL,
  `created_at` timestamp NULL DEFAULT NULL,
  `updated_at` timestamp NULL DEFAULT NULL
) ENGINE=InnoDB DEFAULT CHARSET=utf8mb4 COLLATE=utf8mb4_unicode_ci;

--
-- Dumping data for table `faqs`
--

INSERT INTO `faqs` (`id`, `question`, `answer`, `created_at`, `updated_at`) VALUES
(2, 'Sequi magni ullamco', 'Nihil architecto mol', NULL, NULL);

-- --------------------------------------------------------

--
-- Table structure for table `jobs`
--

CREATE TABLE `jobs` (
  `id` bigint UNSIGNED NOT NULL,
  `queue` varchar(255) CHARACTER SET utf8mb4 COLLATE utf8mb4_unicode_ci NOT NULL,
  `payload` longtext CHARACTER SET utf8mb4 COLLATE utf8mb4_unicode_ci NOT NULL,
  `attempts` tinyint UNSIGNED NOT NULL,
  `reserved_at` int UNSIGNED DEFAULT NULL,
  `available_at` int UNSIGNED NOT NULL,
  `created_at` int UNSIGNED NOT NULL
) ENGINE=InnoDB DEFAULT CHARSET=utf8mb4 COLLATE=utf8mb4_unicode_ci;

-- --------------------------------------------------------

--
-- Table structure for table `job_batches`
--

CREATE TABLE `job_batches` (
  `id` varchar(255) CHARACTER SET utf8mb4 COLLATE utf8mb4_unicode_ci NOT NULL,
  `name` varchar(255) CHARACTER SET utf8mb4 COLLATE utf8mb4_unicode_ci NOT NULL,
  `total_jobs` int NOT NULL,
  `pending_jobs` int NOT NULL,
  `failed_jobs` int NOT NULL,
  `failed_job_ids` longtext CHARACTER SET utf8mb4 COLLATE utf8mb4_unicode_ci NOT NULL,
  `options` mediumtext CHARACTER SET utf8mb4 COLLATE utf8mb4_unicode_ci,
  `cancelled_at` int DEFAULT NULL,
  `created_at` int NOT NULL,
  `finished_at` int DEFAULT NULL
) ENGINE=InnoDB DEFAULT CHARSET=utf8mb4 COLLATE=utf8mb4_unicode_ci;

-- --------------------------------------------------------

--
-- Table structure for table `migrations`
--

CREATE TABLE `migrations` (
  `id` int UNSIGNED NOT NULL,
  `migration` varchar(255) CHARACTER SET utf8mb4 COLLATE utf8mb4_unicode_ci NOT NULL,
  `batch` int NOT NULL
) ENGINE=InnoDB DEFAULT CHARSET=utf8mb4 COLLATE=utf8mb4_unicode_ci;

--
-- Dumping data for table `migrations`
--

INSERT INTO `migrations` (`id`, `migration`, `batch`) VALUES
(1, '0001_01_01_000000_create_users_table', 1),
(2, '0001_01_01_000001_create_cache_table', 1),
(3, '0001_01_01_000002_create_jobs_table', 1),
(6, '2024_08_29_041137_create_categories_table', 2),
(7, '2024_09_05_034230_create_tags_table', 3),
(8, '2024_09_05_040117_create_authors_table', 4),
(10, '2024_09_17_040749_create_posts_table', 5),
(11, '2024_09_26_042449_create_populars_table', 6),
(13, '2024_09_30_035246_create_comments_table', 7),
(14, '2024_10_01_033618_create_permission_tables', 8),
(15, '2024_10_03_041123_create_author_verifies_table', 9),
(16, '2024_10_07_043204_create_pass_resets_table', 10),
(17, '2024_10_08_041229_create_faqs_table', 11);

-- --------------------------------------------------------

--
-- Table structure for table `model_has_permissions`
--

CREATE TABLE `model_has_permissions` (
  `permission_id` bigint UNSIGNED NOT NULL,
  `model_type` varchar(255) CHARACTER SET utf8mb4 COLLATE utf8mb4_unicode_ci NOT NULL,
  `model_id` bigint UNSIGNED NOT NULL
) ENGINE=InnoDB DEFAULT CHARSET=utf8mb4 COLLATE=utf8mb4_unicode_ci;

-- --------------------------------------------------------

--
-- Table structure for table `model_has_roles`
--

CREATE TABLE `model_has_roles` (
  `role_id` bigint UNSIGNED NOT NULL,
  `model_type` varchar(255) CHARACTER SET utf8mb4 COLLATE utf8mb4_unicode_ci NOT NULL,
  `model_id` bigint UNSIGNED NOT NULL
) ENGINE=InnoDB DEFAULT CHARSET=utf8mb4 COLLATE=utf8mb4_unicode_ci;

--
-- Dumping data for table `model_has_roles`
--

INSERT INTO `model_has_roles` (`role_id`, `model_type`, `model_id`) VALUES
(1, 'App\\Models\\User', 2),
(2, 'App\\Models\\User', 7),
(4, 'App\\Models\\User', 9),
(5, 'App\\Models\\User', 9);

-- --------------------------------------------------------

--
-- Table structure for table `password_reset_tokens`
--

CREATE TABLE `password_reset_tokens` (
  `email` varchar(255) CHARACTER SET utf8mb4 COLLATE utf8mb4_unicode_ci NOT NULL,
  `token` varchar(255) CHARACTER SET utf8mb4 COLLATE utf8mb4_unicode_ci NOT NULL,
  `created_at` timestamp NULL DEFAULT NULL
) ENGINE=InnoDB DEFAULT CHARSET=utf8mb4 COLLATE=utf8mb4_unicode_ci;

-- --------------------------------------------------------

--
-- Table structure for table `pass_resets`
--

CREATE TABLE `pass_resets` (
  `id` bigint UNSIGNED NOT NULL,
  `author_id` int NOT NULL,
  `token` varchar(255) COLLATE utf8mb4_unicode_ci NOT NULL,
  `created_at` timestamp NULL DEFAULT NULL,
  `updated_at` timestamp NULL DEFAULT NULL
) ENGINE=InnoDB DEFAULT CHARSET=utf8mb4 COLLATE=utf8mb4_unicode_ci;

-- --------------------------------------------------------

--
-- Table structure for table `permissions`
--

CREATE TABLE `permissions` (
  `id` bigint UNSIGNED NOT NULL,
  `name` varchar(255) CHARACTER SET utf8mb4 COLLATE utf8mb4_unicode_ci NOT NULL,
  `guard_name` varchar(255) CHARACTER SET utf8mb4 COLLATE utf8mb4_unicode_ci NOT NULL,
  `created_at` timestamp NULL DEFAULT NULL,
  `updated_at` timestamp NULL DEFAULT NULL
) ENGINE=InnoDB DEFAULT CHARSET=utf8mb4 COLLATE=utf8mb4_unicode_ci;

--
-- Dumping data for table `permissions`
--

INSERT INTO `permissions` (`id`, `name`, `guard_name`, `created_at`, `updated_at`) VALUES
(1, 'add_user', 'web', '2024-09-30 21:41:22', '2024-09-30 21:41:22'),
(2, 'users', 'web', '2024-09-30 21:41:48', '2024-09-30 21:41:48'),
(3, 'user_del', 'web', '2024-09-30 21:41:54', '2024-09-30 21:41:54'),
(4, 'author', 'web', '2024-09-30 21:42:08', '2024-09-30 21:42:08'),
(5, 'author_status', 'web', '2024-09-30 21:42:21', '2024-09-30 21:42:21'),
(6, 'author_del', 'web', '2024-09-30 21:42:29', '2024-09-30 21:42:29'),
(7, 'role', 'web', '2024-09-30 21:42:46', '2024-09-30 21:42:46'),
(8, 'category_add', 'web', '2024-09-30 21:42:54', '2024-09-30 21:42:54'),
(9, 'category', 'web', '2024-09-30 21:43:03', '2024-09-30 21:43:03'),
(10, 'trash_category', 'web', '2024-09-30 21:43:13', '2024-09-30 21:43:13'),
(11, 'tag', 'web', '2024-09-30 21:43:23', '2024-09-30 21:43:23'),
(12, 'tag_add', 'web', '2024-09-30 21:43:28', '2024-09-30 21:43:28'),
(13, 'post_add', 'web', '2024-09-30 21:43:34', '2024-09-30 21:43:34'),
(14, 'post', 'web', '2024-09-30 21:43:40', '2024-09-30 21:43:40');

-- --------------------------------------------------------

--
-- Table structure for table `populars`
--

CREATE TABLE `populars` (
  `id` bigint UNSIGNED NOT NULL,
  `post_id` int NOT NULL,
  `total` int NOT NULL,
  `created_at` timestamp NULL DEFAULT NULL,
  `updated_at` timestamp NULL DEFAULT NULL
) ENGINE=InnoDB DEFAULT CHARSET=utf8mb4 COLLATE=utf8mb4_unicode_ci;

--
-- Dumping data for table `populars`
--

INSERT INTO `populars` (`id`, `post_id`, `total`, `created_at`, `updated_at`) VALUES
(3, 7, 33, NULL, '2024-10-07 21:36:29'),
(4, 6, 48, NULL, '2024-09-29 22:36:01'),
(5, 5, 25, NULL, NULL),
(6, 1, 23, NULL, '2024-09-25 22:42:33'),
(8, 2, 40, NULL, '2024-09-25 22:34:49');

-- --------------------------------------------------------

--
-- Table structure for table `posts`
--

CREATE TABLE `posts` (
  `id` bigint UNSIGNED NOT NULL,
  `author_id` int NOT NULL,
  `category_id` int NOT NULL,
  `read_time` int NOT NULL,
  `title` varchar(255) CHARACTER SET utf8mb4 COLLATE utf8mb4_unicode_ci NOT NULL,
  `slug` varchar(200) CHARACTER SET utf8mb4 COLLATE utf8mb4_unicode_ci NOT NULL,
  `desp` longtext CHARACTER SET utf8mb4 COLLATE utf8mb4_unicode_ci NOT NULL,
  `tag_id` varchar(255) CHARACTER SET utf8mb4 COLLATE utf8mb4_unicode_ci NOT NULL,
  `thumbnail` varchar(255) CHARACTER SET utf8mb4 COLLATE utf8mb4_unicode_ci NOT NULL,
  `preview` varchar(255) CHARACTER SET utf8mb4 COLLATE utf8mb4_unicode_ci NOT NULL,
  `approved` int NOT NULL DEFAULT '0',
  `status` int NOT NULL DEFAULT '0',
  `created_at` timestamp NULL DEFAULT NULL,
  `updated_at` timestamp NULL DEFAULT NULL
) ENGINE=InnoDB DEFAULT CHARSET=utf8mb4 COLLATE=utf8mb4_unicode_ci;

--
-- Dumping data for table `posts`
--

INSERT INTO `posts` (`id`, `author_id`, `category_id`, `read_time`, `title`, `slug`, `desp`, `tag_id`, `thumbnail`, `preview`, `approved`, `status`, `created_at`, `updated_at`) VALUES
(1, 5, 4, 5, 'লেবাননে এবার ওয়াকি–টকি বিস্ফোরণে নিহত ১৪, আহত ৪৫০', 'লেবাননে-এবার-ওয়াকি–টকি-বিস্ফোরণে-নিহত-১৪-আহত-৪৫০', '<h2 style=\"margin-right: 0px; margin-bottom: 10px; margin-left: 0px;\"><font color=\"#0000ff\">লেবাননে ওয়াকি–টকি বিস্ফোরণে অন্তত ১৪&nbsp;জন নিহত হয়েছেন। এ ঘটনায় ৪৫০&nbsp;জনের বেশি আহত হয়েছেন।</font></h2><div class=\"ads\" style=\"margin: 0px 0px 8px; color: rgb(51, 51, 51); font-family: SolaimanLipi, Vrinda; font-size: 18px;\"><div style=\"overflow: hidden; width: 739.031px; padding-bottom: 15px;\"><div data-id=\"47\"></div></div><div class=\"clearfix\" style=\"margin-bottom: 5px;\"></div></div><p><span style=\"color: rgb(51, 51, 51); font-family: SolaimanLipi, Vrinda; font-size: 18px;\">হতাহতের সংখ্যা আরও বাড়ার শঙ্কা রয়েছে।</span></p><p style=\"margin-right: 0px; margin-bottom: 10px; margin-left: 0px; color: rgb(51, 51, 51); font-family: SolaimanLipi, Vrinda; font-size: 18px;\"></p><p style=\"margin-right: 0px; margin-bottom: 10px; margin-left: 0px; color: rgb(51, 51, 51); font-family: SolaimanLipi, Vrinda; font-size: 18px;\">বুধবার (১৮ সেপ্টেম্বর) রাতে এক প্রতিবেদনে এ&nbsp;খবর জানিয়েছে ব্রিটিশ সংবাদ মাধ্যম&nbsp;<a href=\"https://www.bbc.com/news/live/cwyl9048gx8t\" style=\"color: rgb(0, 0, 0); transition: 0.3s;\">বিবিসি</a>। &nbsp;</p><p style=\"margin-right: 0px; margin-bottom: 10px; margin-left: 0px; color: rgb(51, 51, 51); font-family: SolaimanLipi, Vrinda; font-size: 18px;\">প্রতিবেদনে বলা হয়েছে, দক্ষিণ লেবাননের সিদন শহরে একটি মোবাইল ফোনের দোকান থেকে ধোঁয়া উঠতে দেখা যায়। সেই ধোঁয়ার কারণ সম্পর্কে নিশ্চিত হওয়া না গেলেও ঘণ্টাখানেকের মধ্যে বিভিন্ন স্থান থেকে দফায় দফায় বিস্ফোরণের খবর পাওয়া যায়।</p><p style=\"margin-right: 0px; margin-bottom: 10px; margin-left: 0px; color: rgb(51, 51, 51); font-family: SolaimanLipi, Vrinda; font-size: 18px;\">এর আগে লেবাননে মঙ্গলবার (১৭ সেপ্টেম্বর) হিজবুল্লাহর যোদ্ধাদের কাছে থাকা পেজার বিস্ফোরণ ঘটে। এতে অন্তত ১২&nbsp;জন নিহত এবং আহত হন প্রায় ৩ হাজার জন।</p><p style=\"margin-right: 0px; margin-bottom: 10px; margin-left: 0px; color: rgb(51, 51, 51); font-family: SolaimanLipi, Vrinda; font-size: 18px;\">ওই ঘটনার ২৪ ঘণ্টার মধ্যেই ওয়াকি–টকি বিস্ফোরণের ঘটনা ঘটল।</p><p style=\"margin-right: 0px; margin-bottom: 10px; margin-left: 0px; color: rgb(51, 51, 51); font-family: SolaimanLipi, Vrinda; font-size: 18px;\">লেবানিজ রেডক্রসকে উদ্ধৃত করে বিবিসি বলছে, লেবাননের একাধিক স্থানে ওয়াকি–টকি বিস্ফোরণ হয়েছে। এসব ঘটনায় অন্তত ৩০টি অ্যাম্বুলেন্স মোতায়েন করা হয়েছে। &nbsp;</p><p style=\"margin-right: 0px; margin-bottom: 10px; margin-left: 0px; color: rgb(51, 51, 51); font-family: SolaimanLipi, Vrinda; font-size: 18px;\">এ ঘটনার পর জাতিসংঘ নিরাপত্তা কাউন্সিলের অধিবেশন ডাকা হয়েছে। &nbsp;</p><p style=\"margin-right: 0px; margin-bottom: 10px; margin-left: 0px; color: rgb(51, 51, 51); font-family: SolaimanLipi, Vrinda; font-size: 18px;\">বিবিসি বলছে, দ্বিতীয় দফা বিস্ফোরণের পর হিজবুল্লাহর শক্ত অবস্থান থাকা দাহিয়া এবং বৈরুতের দক্ষিণাঞ্চলে বিশৃঙ্খল পরিস্থিতি তৈরি হয়েছে। এ পরিস্থিতিতে ওই এলাকাগুলোর বাসিন্দাদের মোবাইল ফোনসহ যোগাযোগের যন্ত্র থেকে দূরে থাকতে বলা হয়েছে।</p><p style=\"margin-right: 0px; margin-bottom: 10px; margin-left: 0px; color: rgb(51, 51, 51); font-family: SolaimanLipi, Vrinda; font-size: 18px;\"><img src=\"data:image/jpeg;base64,/9j/4QAiRXhpZgAATU0AKgAAAAgAAQESAAMAAAABAAEAAAAAAAD/4QAC/9sAhAACAgICAgICAgICAwICAgMEAwICAwQFBAQEBAQFBgUFBQUFBQYGBwcIBwcGCQkKCgkJDAwMDAwMDAwMDAwMDAwMAQMDAwUEBQkGBgkNCgkKDQ8ODg4ODw8MDAwMDA8PDAwMDAwMDwwMDAwMDAwMDAwMDAwMDAwMDAwMDAwMDAwMDAz/wgARCAGQAtUDAREAAhEBAxEB/8QAOAAAAgIDAQEBAQAAAAAAAAAABwgFBgMECQIBAAoBAAIDAQEBAQAAAAAAAAAAAAIDAQQFAAYHCP/aAAwDAQACEAMQAAAAIOt6zZZ5mFxU8t31uvlgt5XL5477DMb/AM+XLQxVdg5eBOgT7xLRbaCOatXaIZgW9Kfm98zfJNgPfpPzFo1gDrREUqg2cxlUWjU80VGg8z5cn0IRDjSoXdLrJE2hTjWxauGiilEXJwc99MOkHqfMb9OwHMvVS6jamxNhaN8OauYeKt4SULgNu55cB9TdWvwqY7PtXACh2V0xtREOKosQcK1uWzLa67+Zm5dgg4/lyAWOhuVsoJYza5cp9JPCawc0r+9q5unYprDbX0olSX17O6rVumX9VPe78aW8k1mwmLcm9OWm1G5dBOVt1SJTu6VKzRLNWkknTcr+jL1XqgT5zFv2IrijZV1RcmI5oSzNdMLtMpLISMDWamfpsfv59rrT7HOEm7U3o6ZgY1BwkdHtFkANnYUdFTWU2Db4d9lx3I/6NQj9rXAVtVpGKk5Q7W2vGHRfO2rgNjnFpYgiJG93TcHMqa0/pPOqfh65XrWAQ5NlW1zsPfV3dw/09ESupNTIg6RCTVTD1AaBlWoKY61JpaDNLOloZ0o8nrc+/WZYuKuVq9mkuUPWLN9a2S6VfG6RXbWMQtEUl2jmWGe6wTWWdNhInJ/DbiHVPEibjVY3AYGzzypWR2hupbqkNyqTWmzidvgoMl9hvVehF3nqF3yVc6bKGlYNglAdW0IuC/Rb1jr6HLjUtHFdtab0KHRxRIRB5MXgpuYiudPVcCJAq2jTpcA2fn0FrCsXPB0IZFhrPtWCi5WeX1bpcZeGraKgvV5yqBIgOzktCfn8iNNeI2Wm0q2vkatOkwO/OIsSR0aN2pWdFqx6xKqamTtCRMU2KVFkhE7Bw5lUblc05enAHIIu0unmH6xebmMo2lkxQzIs7R4DVWdcaBESHwTnUrSy/tpW5WdviI2cmmKtRpCaegPdxNJJdo6tT4I19KOidSG0hgeJjYCPUlYSXb+jtb7H1IL8xkD/AAkrbbX+Maq2An0VoC0SgjsQztN1XTZrvLpRNMsQzRVTJVsjquVBssVaysaNCXCDt5ux+829rb+YYc7O3LKCD899nbPv+Fx8bfpNO0qz895cbfqF6tSrOdBNFk7PiS03whYOtzdqfUF4b6C2VmPVk7cEQJTr5ONTehWF6BW9XNwo5R9jEti7DnY+8oup522gJBW0SPIZWazo5W3ZalxPfQeXPFLZr780Ouq0wW5D64Etn1RrrbrFFhXwdsd+t19EyY333lC5KucniPTwuZoH0TrDqsyzpOlcrfLopBFdxFKZGOj1zqx1Sg4llT6SWP0tipUq03mcQHytFe3V2japr6FgLF0SrFODWk3KYUl2LHVJUilbecHbEXZI9DKmhzs0MoauW37FMN8g2QMpdr9RXWf1M9bvn0rPpLXr6RgNHU9Hz8rncWUndzNZAb1OktmpyNAv5TT95U1z5cI1/chNfqejeP6HnNfyLYDJG7XBlqld6NvXs1TnRtpno0fXc72N6EM2siwNrsTj7iXalKn383bBtlAoGzS1RKUsBb1RiFl/6cgzTViPYa1ajTW0iWOCDaEZZltzvdeZlYWLsXU18q/X0WavPeEnTjU2+doK3qZuaR3J6GnjtWs0VU1xvMdc8sJ4X1u9j9G1cLPjPH0ysxnCHRVejBjUxYoUyQuMFaxYEtSwYVhrVxvZ44aMsLdTouqzdejeQfRy5VqOqCwE/gdnAoKf6ymCL18h068h1u562Q0N8E2zbFXELkomNrs5b3ui5R5YRHOizeY1cy1qraSa6N4C6ObYZZI9IemrvzO5MuJSsqE+vXZ4k1bheq2lo0MstVblYcA7t1GNr7AovYE7wFQpme6rKOkgZqV3qTt6iVdq+jNXQ5238/10WMijFFGiyvl0YYyA29+uwwC+J7PqFurqJtUd1SHlhYej5B9GvNeh9WaYeFbIxXWWwDD+206xi5opzK9s5sOlhr4mqUwPgmjedvp1fsMw56b6WPRwgR36VWkpUhkznd6JVJ+ba5NY9ac9vLWwwQ8sgsrVFjZCpadrE3hZtedfNepz47Pq9gPYjYUyeVW0T0878S5KZK1KxpDZ8PrSa2+nIqJdCzGVUV+Zd2ZncvUWSzR2zCBZBMiyNDVR+UytSyG7qZmZ2iWMVh4jrWJSwsNPE4rU05ZqkMjdvDERqJBGwUnerTki02Dvh/Ro1exX2lXK0K43kRTYjphp8rakAYoGxgsRdr3mq8mZWuQAW1UcA1gqFhPV76Fu2bzGXo+cTf0kEW9z9bO0xOTCs6jDk9CxLMrr5KIieWC5XZGvdDtinTXKtje0YHPIlWqzrXWfycdAtZXuhVjAQiWpsnynaB97L9MblWMTyouSwixjs/QS/axf0dp9M0JxoMnm18QdkY080LhDzNIHadENWs16GTfsbVDXAP8ASzYF6sJ8QR6NS0cizJLIoZ6Eps887dCHeixTB7Q7cUwXPr0fg2FGWeK+mSRENncsm21ZapadSzWImCdMfEVaZs3Lr7O8FFkpWTdS0F218cp2F1XucK3VVyhavFa2ZK8U56+597cqFesqOGorpLG0OCunVZnLfKrtVO0TBqE4LqKzYL3Mr7YGSYpqM+/vw2r26b96FFV83QMmddJVmhw40aseUFDh0T5y8reYtNzjvr+YJ9+lDV5yIdtRMVxRruFRJmoYSEuj0PvfEBb1DGPQPH0Syd5RerXa0sTaeOehk2UbNRjg/bTUxCtzzfQJBU7nS3rycVdTugqHJNaz8vOjOGaVJxmGwYFUSSiQ61yNzkF9fMOBVzhqJzorXKFG3ZHEMbqXEOOvdZ2I+8FGjJN62sxUoo8Oi9LNRZF2CrnSe6VSzuz7z12pgY/Nfx1Y2CVor2E40K48fBiytTTu1lU0cnsNhWeb1lk5Ipbo08pySK9m11LrdLLrB6HCUATiskoCrpIswJKRbWnfxdCm36jgUtZebOTmu0hrAEECP8AFQaH7C6HI7ZRJBx7o6ca8F7uUdVnR3cX8/RGDkX+VQkgQ5KeWRbQ9WhQ/FlfO+zXZcXRSWJiwNeesATZSXhAfBdvnBUCwbh6mQpcGdUImaArVHRQ9YhcZa2lRmL+kAvs0NgxgJioROiU2RLGPo6dZaBx0cbslrZ0c+B2jQudPp06+sSgUi3ytyNjpcuYvJtc4Kaal7bKGKucNkc8wdeUWCtEhi5mO3k2IyvZGdyFFv0tSZ35jyQfRN4pHrI0OP9Sy31L0q6V/oCoaPyufSufWV2aWnIBm7QwtQz9Zixqsdecff5/aWMsN3O9T2yzrYqwT6z8jK9FYMfPU6O/CZVRZOHVWuqWjYJhq0pUWroHJozeFxrvBLYwYW2eoFnssFcYDXWzIHbnRukJM46Nn3JZ9euB28MXRjReNlt7NMGVLquT0pJV21QOtTUBFzN9nMsmMbKzFqZ18I2PdT3dKrUKOppGQKrWSsVYi7mKCgscfPM7zv+WbGed3KpRWo32TzjG1rHOVtL905eI71bows5rWVLBVoWVa0UA96Ku1e4EyPd5bG9I2Zgdds+8kaPbL5YuVN/zwjoH4mw5NHYTPUw/FulRyl1wJRa1l3c/VFl6gk9zNn+K+KCa58dxWMVVnpg2DI902riki/hYnMoR29W0XDMXWxqek0IQweeppMFx8yZWJCCI50YqdOTpAhtP7tFCpjL2JHgArqyWCuHYRjhe5lbjbbuGK1O5VuTqTO10vBkeoSrR89H2EeC5i+wHmPz3aKj6/chkPZEXRfrNhdIrXbnczrbo0qJSsJR5f01VyETvmd3VpQln0/DoQuX/UyNzoN1K5vqMjc3KoZFwzB11hsqD1hcr0z6usFkdkgs5L6bZN9Zq3o0zvZ1ZdkZWq2EuKdK5R79GnNXMVbj41raHaOWSazrA1OJ6qcDKUhkfxHaA6rACBGwWMCgxFZEtQev8AJvkibW0GQrs5e2E6pLZkWLAzhe0bVETQku8xWXg/qSU+CEBRPuHv3WJZqV97bmbzarvUERiT5p5FW6WoRL9PcYKktCuj27INPk+jVvRwMb1fZ4hdhOefm+5lf2sv0yMSM3Mhn2KdXaRrVHfvorcL4h+X9M+3kbdGxtUbRSqvoKye+lqhfQo78DaUWWUq3KjyjQsRDZVe5kTGoVPXd+6RiNEjqVysbkR0+wN5XpPmXp5OmQ/nBmif3RJNVLCZHr2TAkxBZpVHjqEjFdF5KbTB6Ax6g4NM52hIT1xiWp5fN0haVTbGBWJ0URBhuyHmBP8Ayr3Msx3FeOogu4vuiYZVcpTDtBccyK8WE9aKlhx1HNGjkY5K9XlFfXyjtTcp/kfXr5dp4bCCvXdJBNbiGPobSA7Xn/UHvsgjpQUrnhf6CI9IRF2/HFQ3ujp6p17lw2c3EKPrVclcTXPHhfQji5TqWhWpUPAd1Yvu1ZFcEmo7NDdo1zwRSyk5EyIJQVYsoxxWq6PRTP1uC3ofLnsTZfz3qkQ2/MZhOMYFXsVbhPFKBjBiMFlDmacvtoysXdcGB5Ca4s6wM63TFELo5+q0dvLV+3WgYk0RCtkcMktwR1yayQsJDUFxPFoeiWToz273V4S5i2FmhSXLGxe5Rw+ayMsB3hr8ZgPN3csdrKUKyhjrldpaVjm75P1NgapfWySq8ZxOukGtzi5q5ikV27Uw1uTq62t8263u1HoVq4uGhWXTBqlE8E/Q1LZSfqshRs5q4+D9Pj3sOGoaAZuAq9tfpq7Gg2+zbYfMbRaQF7KZGu0g8ycgapYU+Cbkrm+nvFJ/IL0vhnZcNXy9DUcn4sg5eowQ9TeLRXOLpuJTFEGEuqa4iuPUGbfXfZVsiblaPeps612PiRczOorpmIhvVmkg98sj1jrwChcywnabKNFXSozss7HMa3dADPNhwOgrjXPXE1ca5YP2d2wrAchbt9yIadNHdTNarQRePP7HMfI1WMp6BuraHOHSwbnHUFq6UxEeUktR1QiaGnY/a/y5qy0OyY+k2OZQ7o0UzFaYVg4GcNFRq0FSd/Aen0EqoeqizaCOc1oLMwLABODk3RvC9fQGSOqzNOxI9JsWUNtEq30kJVE0H560LJzSUwRal9xXZpLkRkpsqTg2dR4mMEvK5/cTIqcolmnImu1NWQE29sC0mDVoGtdxG4W6FYSuLhAb1Kpu5KGDNWILIwT6pjewlr+nfEt4C+9EL3VkhozBEPF4FhuiLrw865PchXSieu3N/dC3ORz22MtgGBp5V/UyNWEC2tXGM7uZdJKGJdUcM4tzZ4+wFNChJzSv97y/6LZedpjJ6601dtao6SN0sAz4GVBOs1H8RPF+jOuHaxbdBgbSuVF1VQeuREzDQdjVMneS4qJbCq4ddAfbymayqFYDEnt3Q6drwYqsLWsqwqYmR96FQwUtBb4jb4M/LNlbQxuSZF8OLVTRCK4R7AONlYqGJiKQgWC1rAf3p5oWklDk9A6dq0DLWSN+EJmDxdOvw4ijwPT0nqrajxCOrCYhsVdZ7IxtiVQb05yT2E2mW75cMoDjZsZbaLb6FY9zdRI2dWSXKT09030umD4gcFzSYt46wBQhhCiXUy3Ueq1Ws1nqq3qJxB2swLJJf1yIz4h+V2CTiWyRr1TW0OJeik4AsAWJYuuXvpw2VXZHDyCokzBz3me1p726MF6ZiIqGdG9PSczP901fyzYN0GZ9mYYvKko8Yrx8REtWx6NYpxcNyhnaKsaY1m0xc7DJJdlBtcsMKYZpUad3Fj2DnW45ULGuudri2p6EYAxs0JGHOjl6VIrs5xHLEWg0uDSntae89210XpR2CGfu7S4eD2zl9O6mkhZ04urZtcHopKAicEHoxA77onuiz64s41yNAaqu90op053eL9a926RftATZE3HwHw7eKLK74GpUbVa5ukrKJWbFRkUvALq+5EafOgY6tRMQESAzelupL2VPYVksJsdEtxYUBQ3uesXdOiM+MVrpqcNpUToKP4UOgIONXfySuBSDXq93uO7g1niJEglBVGZYmwlm2jW4nTtqZDTwrpXs/EvipXEDJkS2xA3BKRPZULNCvVCE2Z1pL87RMFkb9ysM94LvIlAwVS5tUVw9GaTy1WuprCm0hbS4aqUpgjf2tMEeYY8ZAcdnAoSQ3SLX5cIXaklZmix5IZ6+hrJPehoyhVV0KHMvD0gWqw5lVwqYrD06XRaJLGI14Y0463ARXWZtHj0DCEM16G80bbw963LsCVyGRMjXjUIY4DhIOP6dvutezlAuleg6bLLJRPd0irmytZvPyyKo2kZ1ndhZ06x9uVflrsErcaX7tJO5TTIOp6+ZpaefNhE0p9NV1ySTE03kCs4U2q9bfFa6Z/uuiTH1a2vscTC6g9IBKQvwjuRsrANnccIi0mSiCbGcrnSp5weNiUa2dE4M6UzH91bGbSubvGD0Pr+KirH0FALl6iQ62MQ1jkLkq0wGXs6rVAf1HnD/ALWXRfOaq3Zt671ph+nwPQcBd612TW2WfUP/ACLqEMQp1Tk4QxqMwL38BnxTroQDAayuRBpEAUWRc5VLsrzRHroKmzjjVdofZF+ULvER0nrMPSWpu2Efu1WFQcVS1H2x9wXa3n1uhWIw6lUzPlxKz2FV+7WWW9XsygNrBtMOGaZ9Lf5XOBibDPepGBr2AaYhohha1ivqdbiF7bFU3FJPEttJDoWjGDEnEnxq2QUFibaHTTOmvwPsuvJAzquA0F8mv0ny/j1Or5Uho/TFPb7dPiPJYr2K0uLJcvXfOMFgt7NI2vSqfmdaWyLiv5rzZj6d50s9ablNyKG4UYtp3qeO2TXscWtD6xzKkA+Redq+quupkZ9ymfrSO4OS4gVH8WE2U3YqkhEKPZek469AcHXHWBu5DDfJXYmrZJA8lhdz3u17pXdZK1sp0dY9XMZQiXFmbZ11ZWCwtuu4T6grZwULqVzKDMjFDY+O35SSCawwpIB1yaphKYsji3nXlbA2bDCMQG5gPdIaOQ6USXBdO60yya4C50GHoM4zzUqvSW4uFKHWUbRHXH3TO16YtqfLLUNca2vZr7p+xp63xEx6eOhwEOrcHapaL0OWTt/Jrfltdk8y+stRbA+c2hDsUh5o0d4Di2FQIHSAIXlTEo22VyByLNV3mLqegSbYwaXdpNsaOuDZtkO5OY21R8m4umlm21NqyKtlVlUJa2Qq6DJy5L8h0KQ+79wYnuQFxBDVYZvI1BbbQ/CViELEw4WgZngNsVJg+WIBRHptWXZScnVyoYHCCYBD5dLB+Br8switi/nKvGArrtzkLX2q5CZxFDijHEmOsonqQVWKa1MfeiciLFBKNm2VXbFKKWZ7mjtV8RTJVqSEVvk5IpfUl51b4c1VQNaxjiMrxYLO14TOt7kkGdbF2NXLvdS309rN5uiELD4UOrLVRZx57vEdcRTZ1VspFGsVtmdE61vIttg/MhYuBHRo98LM0DPs8aUtJVOxnoa9VrdBWgcJDmg2vPcPelgJ5j1EyySITeHBRywsJnQJzMfdqhpDj6QyeEM5Bq4B2FhgBlua/G8Ot9hWkXCYeEciFZMFFNQJEiaypDSygq+Bl0ZsaCCkO6BXKO4yNozi56O4NHjxd0NwQbe890yPS8QH6j0tU4ZkYEuVndMHljo2gpLVfJpyl9h5yejnASbBXtUXkzbgOQ2qzRuDazQhLC8zOKQx1vCOQtOy3OTpLjZqAnWoSZdeRO0xIwGtfZzsvW4qJr73ep6/8PVs/OKfm+mBuijp89fIJd6o8vOYZlRVBnXWbe5mu41nPBlgYcutArhg6iFwx6MVujTKtwWpt6Q82R9Mkpke5g+nnqhxviavnXNPN01q2cWjPTcGqOZiyocSoP0YiUSHK5cTF0DBk2Up9fipO4tTg7juTvScf0++jV7vPdod0WQR8997t3iw93quaVKszeboL6yGUvZTKPUm1HX1T+VUej9LQH0mfmiWHz9JnsvZ5z7nli8FsCcrQcnyXfZi1kXZdI816rmJxfR1Pq6w+gw6e1c0h0bEMfUtW21mDU5bXK2VxsgCblGxQvTW4s1i/GuCtLoOjVIMkT4C6Lj8Dd/iiVWKcMRfRlibhxHGAIETVS6d0PNqYnUVBd7XEWyU4UBNR6YQoj1kytYmry9DpPnWU71afJTbzBi0MZTdg6uEEaziR3dMKZljF06rXZxV9JmRTYMcL7ymHjj+9Gj06Pdrd0h0fpCHnpDu2+P5EKrna0EHNXj6HyBrNykRNWhXHzy5R3ob6W6uNKjEbM7tY/VgZtB0FsRoxlLvM9dSnpDXlXkiaMb0ZoVKc72FSHUytQ0dtWm01Fid38qq3K5XzdG3Jbjt1lj0s29Gq7nNyMJ5DadJDQBqsOstS4HLlIj8Z9AzMntse/MHcnqdPD8YHTIDshXz6D6dhi5dE30HdBSWY+Lk1XNixNkMyyzAssl2qVr9dcnoGzFCnimw63L7HBjVbQxPc9OKkWV2s5Y9MdlBiTb2hy9fm/Ojf7tuO8KiEOZ0+0+7DEcyksT50uhkaPQHMu6hM1rdRkW0+fcnye1aVZenF3Ye7OUSKXe1stT1COF/u7HPTZc8dfhIHP3i+iUezRXbWy++dbNLVW8ifaUONlI9TDj2FbFmPGRLRMLBVUCg+LU5elAxTVyJhflWOlHn/TJDvefsHFZlTTOWPCCYMLvMEjiAzQvzJKcTYDWC+6frv0szV6MXMrJ3b4ly3AwowDpXYbVcyaWGRgwsahPt4dMI8nHgGIOAElZwAk0BuVxhZXcJ4rjHbYOubO+cObi1OmV7sERrj34u0p7N3YhhN8bYSi+pt01jDUsB9NuqSVktIXslI7r5tj58TC4M1++m0g0yIuVGxVCza+Nfee4h93SdDLFZrVahrUM6+vYpmZRBXpG7woyneyZsoaHH1dWZjly8WXrKhrZF8LtLo1IiaYnYgqrxQ6nzI9cmC0CpKwySxm7d23I/IPn249s6t7scPY6Ljlfz7bY4fqH89B46xT3mS5hoOBCKwxhhVFMmUxsAZSkiwOCA2pn8fB0hp6ObSq4HWAFNlch3WWR7RBxjOZHu0+j7wfO7c7tPmZ+7J3R/diWStef9HYtLErUjV19XV2JfrKqMAEXqtZuVXOxPRK7cyxHczpExnZjQOfEzk6YBc68Rljui9ZkQ+vtwc2KiWKPibJCEIo2ohYbp9OAGU4hvMFUrFcx03CZyq+HRHN8SGoQ6pRqdGBbuomRubuvnOTXr6I9uT0mY7fSvmPvDq5Q+6GUkLlyDVx/Nx5Gta8/Q6Mbvm7cB1zuQVbFNibJ3WoJ1TmfJd5C3NqaKrGfjEIcyyCW9ExkdJksBWxwSN6EO7CZvXFnbPuez93vu8d2t3aoTXQmGbGshqrZG9ZLucA1BgYgRtEK2IimzuPrsODGlqXefT6YLaqVIfMx47tfi1uLdCCTVti99VrZY8OJqMG+jDjwpclc+IOtAbMiCbOiIfjPTjr/K+oYCmFgJHA1l9YmJsQOHK1Hr2ij4PEdnN3kbszo5nQFA/Y6U7vZcDUuoinM3borkwApaT6id1diyeZ9WjGp5rqJZqS5EPChQZ5LBnf6MMjUpZfFv6a5e/HLXyc3vNT6XONRv4u5I9HIzMjenpESmOksCHbIJucznZOae0+733fO7x3QQzy0USwN7r5XeEKel7qaKLW8EzPQKmsDJdrNRlfWPNO1epYuj1jByPwxqlH6Zx9OtPGlQ9IMD1KI38ZlrlRb0OqRBDFHgeZzqUQm7RSeILKcbFbXRkLm+fU75JrhYdDl75f0gfs1whYrUSzXHFpG/Mb6o9WDZetaaYkN8o7J3SPdo9FIibcI+55CrApS9FnidVTrFQ0cTqPXZiKrxjwuAhwuC5zd2wyISJg5kqZ+nWHgH9PGarH2oyET9qrPNiw909PTq+nh4r8B1iZo48sn53and+7sHdsd0APchqtxdzHr0ng7n7CyuVRLeScFimVs37yPRge1RXjYwN5Fzpw6+Jr9JfE08FC2MtDNHiX4u7H3WbkOxi76yMrHW9VnKFliMnap1usaDWxz/ADAtW5JY3U908qnPVv8AT+mCYyegAHb87TDmDdFWhQFzK4hsiPbKshjKj22zuivOPSAY5Rbk97mfPBqd21E5ZnizYUAmRGR36Isqhvqz7o8WCeiemrxMbw/u7LEobelbLVeoKMuhAMEGHRY6biH4uwyWIO34n3MbUdZeVYgbNtDyHSUdF8Wmzt0oiu7GEK5R013q23d0M0C5e4ievg2dayGnka0xuMrwGuy3bDSMd0l2rg8GKblI5Z5Fan3c+j17P7pw8VljiTSs1SRoj6vXXN0KPjehIy32tnMLp+P/ABZ/I9XoWBq66A7nnKhdo+Ij70t1nWOheZrBLSw7g0VZTdUF0UdqtUxlO6bnui82T2oTWkNuZzzMfwS3dJdMD08grCV6ar6LIbuI6eOC1deesYp6PiYyJ1mBn6FDLuaN2HCrQc4GwN5BmC6KCb9BS5Tric3Xu2/NvarlVm5RXhoD/L2zuSyrpYO9MLrxCNvOR0R0cmvcqRGACOQIDah2qCtFUlRPJrojiajXk7e17dXnN9sWqcgcqlc2MvOHIpriWYhnJx4BnMMa0x+jutVB0Nn6dfixOExprGTzXt1YmnqtplavLL03mfr6fzo3uFzOzPwxIjPoiINfV55Lt11yosxk56/jzXgZG7mIDi3xZOjT5dl6cEnpxyKWB56PQyqSUkpmg51kh075mrxRndn7s0jXKWym6DPu1icrnJuthW9JgVZnxbSxQa70qLMznRYn865qWVRViovqrokyN64X6Daafnckdx8p6V5o6zs7Xm7WQcgAuM1S1UG1cCrFHkhZ9UkZLd5EJ3cCo2E4IPWVzOazWu0tHTQMQC0ryqEUdagrbhXPnnRMRIdGKR2O7qTTkt1LSJMbri2Bt1Qe9BiztBqc7SQ30PnPEjHGOWRvCqhpsUYpLYyJKwXQrX0Ay4NNoSHQ8aicBbLnHWCOynOp3TvJkunWkvMSKzVxFth1rQfN7uoRx0fWTzqnT6ZTomYj5IDatox6TK+jm/z0W5iGDi7tAeYSldwqY/hASYrG0CuirMY1UGaRUq2hefq+71DqrZysvcqmN6HTzN1iPU+LEZ1kXp7XQjD3kku5vO30nmd6ZvCjp/CxKjAbQwvVeU2Lf0e9JrNaVrykh/XUL87OpZLBizxAZ2p6IFu0NgknNF3KSm6SlVSfSnjrj2foqUqb+jdCsHKtAisFWrdTDwSaVvdmavzoWvTxOkHnfYVjSocnL1HIxe70dfksu4HN906fe4GO6Lbw4+nz04OnXhXB54O7HPVFnlH3EPh6kr6U7t+YzFGUZiujaLt4S4kWuW5oY+713EOs0nZtuUsKEbFdRY5yQLSmBT0clrYLWPOOvun+XqatumiC7Bhyd5kW1hpdqfKltCbFe2qYq+vg1wxdDN2k0vZlOtU/pBMIs/0N+W9jXYSm/o8UHbi7K1tYUkj5NWo8KIWUl8uteVqTp8pVvP6I4/oNtEB7V88PBsVJyohoxxdbQ48ps4ABTGBK9xWMN0pD0LfvzPr/AJYorrveSN2N6lxXp5336GlVewpoatgTxFLDGeRw9013Snd+7tXui+793cz3KU047FVbA8gi4QHci9iG53bPds8MP3a/FMT3PV0crrKpaCvwlocnOPW3PviZodMBaycJ45M7MzqzbTCjLHVy6LZmpDuRxpehvsrV+OFtcbZIkW+Lnp/I9I6jx7dqB6zT6Dp7ji4awyfcLOFe70z896as07CO+g83dtd971UadeBBnZgWkMzhguKbXM1m33FTbHEWiWtttZlqGLhVapU67W+91gW3aETzWu2ulalHpHG/hxVV+5l6eWvfo214sxkroUja9p5W12Xg896dkHyv2ljVLRyM4x6kcndM93ru2e7H3RU9zJasVPriGT6A07LTgd0iBM0Z2Vs6s5Pu0uiM7svFtd3Nw45m2g3o7BE7Ez6iCHSsHCu3oXYqhFb+SdlFtmdq0GCQ267z5n366HLTeqNBSu3xi2Ow/R2d88qtPzfY7I9SKWVefe3gxLc2oNKosHV6T1na/RWo0ZAS/wByuU9aCLulE103jz1KkDCPMhsls6eVyW0LHIN9U9J0W5x9w13ckNXqXKJ9fTsV8fcY1HLV7hFWrKZ1m3WAt6mWad23Y20ANXzl/s55iRD+VN0XECvcTQ4PsJKCuVipfdfyutMTkjtd3jukO793QndDA7g/YRtuCyCT1gDjIseZ7kNbTK8HZmu0lhEL0femT4v3cj09yJshH92buxEB0VDDDN+DiEtGlWv8/S0tY4DmnkkUo3e6452jHzAYZUYOjfxOSSa1vfTqT9g7RFe6rFJ7lEy0rVZsVE918q2FLDZmwL7NDQKucVXbONio2kb1wVyz65bpNPlKx2f0KUgwFPr3eRruHBLIGbed69WIwr4k3qc85O/M1cBvZt8920aputc+1r5qq3FtsZlmKr0Oy9VhM70FJ0chc9PCCDQrtS/e1XKcdfp1Zy5fp2+7N3bHdp92v3RvdW+fygq3v0rcw0sU6nZh79xcsa2uzNO2+t7Msz8ugn3JFxTyG9h5Cpd389thUNJ5ejZgeg6FwazHzhsIQPofoBbimqDlmswa3DhgVBip/maILwDYwENor7ja5X2WmvsFPS+P+MqesTMRG+kIUtbm96PyjkS1c0Fou671r58ytBx6O6gev5pU7+M3FF7Q4mpViYQtFN8sJXijpi63TRnVxugWF6PtRreUiSLlQcIKya4cEkZaGmxG7PZwvtDW+gHnM098PPcuNjwRlXcJVdgLs5tssV9wp6Za9XYiOaOHo5pYxppeVZzMTijvfdg7tGOjO6CnudoXaE3mjbQOqGmuFWM45709UU13v0UWG9lyfTz6obRaVY6UanmYkg4fsEaDaFtioSBG8oGfCaWwxg4o6Z+yOUisNc7gtvqYL8D2iw/RckNrGQW1UzlJLre2vYfQOgtj530as/PVjoab+zm4G9zGRocRL1Yxw0MVZmLkSwGzGXrNN5r2lHv5HOL0/h2EzL17p2YSVnvZpOBs5vPjMuIGM7Tuw1b39ULcfag9WBBcnwLsTTVPZ/L1CwVtlbHvah29ZBPAoVfp/KyCC+b+r53XsC8te5IpllL5Dq7lLbXaPRWWCUzKmtwl/wBAsHRi7tfuT4+QywFbdE0oSuJB04PyZ6sq5SZNFxs0SFzJh0fMVQztZ+618GavnmLZWT3pAVTTW/RyDks55EEsGCtjG4KAOYgA4GE8Xa1nVRJuXfiLWbWoO5dCYvTlPrSHorv3p+8ev8ubelQzrPVZw01hmsax/MaVgv5+qW6txfvS+ZpoduV7Bny9qkaWTGuq4Mi2SY7pZt5zJbGfp2q+3XcIsy3xwr3FTS7+ohuZOosRMlUhHlw91L896Jms7bsV6qJ9fPzqAXuqexa5OFpLSzPrOvnIga+9OB6ddX0yHWuIprYlcfXHthGOwnRU3tnn3aI5MGxZiUNN5vFl69CetvSfalvpnk6/Gvb8+N3L6uqDmw1kIBUaTvVdpVu1oau78JaVhDLgPTgI4qovh27n31bCjUudZsT119Hkf2PNzpr9zX4zXqbZ07bm5Oxz81MvXMDJU0ouzTSG5QlDgq0tqaXu9gt3wblNpWgIpj+BrGRfmdtZ0DEjd53aGZStCnrx2Ye3un9DLNwSiz6I7OezWpSniiOkNoJHGdr1uEcv8PY7M6uNa892uqxBtrrTz0+896Oq8fqxqkC1jFlecFDWq99HqK7sU7DSJYjDAWTjkIPBPQjB9Cu8tFoq9ly0Wh5m3uZno/P2Ix6UqEcQ/lcS9EOnwNhal7q7h+n58bnmUO0ctn1qF7j2Qb0G8/6QaWlKv6LzWarblwbHNqPVk7nR+/hcVK+qrVrPrXcaKd18cffi2iadHOBjqkzXjmlq5Oq495Izc9fEPYilpN0VEVWqvP1k/qOqw2fuK5see6pAxr3IlLtcL1baaed9LZirrzreaSS/V3W8RoDoTydKS56i2tx06XdQ97NO1xMnMZ5GOy9YP/NPpIlcmpXKD0+g8aRmr912Dhhcik2RYBVviPydg3UWhzQxd8LVyUkjOUDYHpYMaETz4M05euQCK1HW2vYZCHdbcX0uhYqqxaocqNnCn5S+yhW/ra2D0WIEbj7Z5OqSqV/iLtY4AtZ9j4bC3tko0AdciXL2FbE98Yue7n7y9JxuRyD7QDDMs8VLrRVrJERoHW1QOlrEVKvs8+Raqulh9BFtVcg8ptu5naARvZdPuY8vxnwHc2G2G/8AM+vD11rPuxA5fHPy62joVXMF0LI2unttEjMMcQEoQv1DUA4NWbSyphgPpu5r5Xg2a5+fNekXLx3qRVqY9K9BiVZldv8AI1D16HBJGdY5ki1CAPHxWHmyS9rpWun1b7EXcHrxm+pSfQwxeSemEqsVHQHrWc/SSsd3OaSholGndSfTz+u2B62Z6V/1fN8xdfEnChg0nUOdM9FLNdYfDL4Oo92Rt8VfT+Vac4EYkPHI3Z7aiMfTJ2gkoH106hdZ5V1jXWYizlBWQs3kvoxXVYLM1iLreS/mitWq6q5PQfQapeslyjaq48lU6A+bU3J6TZWbbK9AOHVE518joZh+0j9ep1+9X88pdmIyu+n02qfj6Vno3Y7L9UlV/EVvTw55YlOhouji+hsVypyf9F5ralXV3WqMXh+jGHl/ULaVQ1e08VedjLTPPtzdK10Sxb9P9Bi1xbOciLKmpLVOSp0VxTjPWb12Gp7rsZ20CoG1Iy7oYqFZRbpB8sNqsEL9WNXFgicnTt077wVfQS+npUssdUJwzdmWZNFlS72Zo3Kuo6N5Leu3l9njX6TCIMzRpHXmPsdtwXW7O0tJ0c6ruXSjGMjrw5LkWsl1L3n4PK9EM8H1SpMhjq94x38ZOM/aZKrojUl09iqDsYRSz9QJW82DXZaLJ2WfxNpZ9LHSDf8APvBTvEtW2APWef6x7Pj9HOt+6bOES2jHpOC7N0qadFTZUbQwiBXN7MLaj0RXdbGtBVr3n7BcoekAbZH+/wCed/2Hk6OmwsXmtcSDK18q8bOfftzIM15Kp+Y2hJk3WDMuwsJRehqPpQuLY2iJ+luDHqjcy1sixfEnBQfJajv84PQ+cwMD4M6Mdt8M33NJ3sz2Po6XGXa63mLnSmtU9Lc6VC9f44bcBKy9XoDg63If1HmKzBtZQ1Rq2qELdLbiZSC694npz4mOf9/MRDYybcyubnZr43sPBU1+VWP6Oar3On1PYAmr5ms5G8wqNELDU2fW4B889rEvV84U9PI5zdoJsm7bazaQpx/o6nSbE2kzv5hC3/OkO7VASTEUQrIWeg3nvSnmu6D2PPLbbpApYjCWHVM9iPL0KWhdAa9Yre+5tu+0pQv3sfMxW3h8xvNbikZ1mcW1xQd//8QANhAAAgIBBAEDAwIGAQUAAgMAAgMBBAAFERITIRQiMRAyQRUjBiAkM0JRQxY0UmFxMFM1RFT/2gAIAQEAAQgD05C+O86yP9GrNVULaCWYYiIzMeZjlkEM7kVpX7zShF6olXB927LpIUH+OIMakxMFanqszEQST32y3zBYVmMbPOYwHT8GKZKfbpyyGTFz7QLGeNK8KAdDj1pcfaesuL7Tu2i+QXdsT7E6HZPy9Wk0U7SW8h4VcZbBRHh27LX9WXohfAQWJZ+9tEFsMlBnziJ9iPU2YnrssNLjCfVFktYWTy48sWZCQmKbMPKChlkFF41NwsUo1ZvP4AT8YQhynsru6lcFt1F7MIjOdyXRc3bHxCy6wRp72jBmta0eA5q+cK2yNtrLTOwZFsXUR5G++0LrxtyIm8qbcjNsWpp78PI74sJYYji5pUB5rfYe6fcK2z8aH3LOVO5VhJiirtGewgf+4MzjUOH7q9V9UeJHXjucgOha54Q0DZTnKXOlTRjenfeYtkmd1dliwURBaZc6WNneZwuqdsrx7jmFsKHbZbYoT4qGWnB7E0izkXzm3+tUCSpjnX3UZTjE8AwD/p15Pxlsv33Tlpkm6YiqVWPDncVvcIFO/GIWDVuDmDExItZZdLiPCWvmRZHUOeqkfA+rd+BOw6dgMWxMwadIsuiChP8AD0/Lop6XT8k3Wq6vamufqayrDCRU/wArtaqJk1ZFW6yEQ6klywYl0mQerX+CtTM52lvgMrJ3jE3fJlDp7mO+nnxgxy5Rleub+W1MOksLnzPA7FINsx84vcy8AuYH3OEyNjsrqe2S6W+WSeb7fEHtO8CPNvu9TJzuXLfzPx8FJTtEVorcuNm3XOXdax/amcg/9DTh1EKs2qZ02QJ5XsCpR7AljANkZR/cscj4B+GMlcbBFpkYRERFOBactYLWTn2IiSHt7FSRelj3zasVoj9ojVB88m8zjwhvbEcmJAG+4xSmPsKCiOM09VEQlVtKxO2fWxRr5bqKQLlDmc9pAVTkLiN8Ppj7ez8Z+pUcu26lit0hV1GolSAJoD3NlQW6vFMGyymRgQd1NKM6K8Fi2JXMTDGVDMmHFhC/7Z3CLxnaRZJkM7ZLDnPOCP4wNKutIRXW0CQifUdGm1PdjdaUPhZap3QQm6ewdjIYVMRKvVlUVIRpdhvlo6InaeR6ZXbEgtNCrXXCxv6nFSLNOt0zx5CNbmQ4FPTZDYkoNHNEs7OBuynT9UZcoU0mdQr0ix47LtIqtbnlc5We8d4qXHJLKpb9kpbaJnQ9LK5cWJPpHjDrMvDpD0FOVcoHs02yuJ1NezJanI+cg9hmMGfnInN8Nm3iJLlG2Ll7Y91pRCHKVzsQzgGwIKBv9koAi+m0T9KO8E045SB8i7BgeeNqq254mr+7+76Pb5XK0FvjLslh2C8by0pwfJREs5FAlJzMzvKf7Q5SCubGnYbzF09Jy6fu2TG25MD35uP45Tgi4/slTY+8BgZ3zsH7c8ZqXAqRRlS2hVavBamde1YBwDf61JAWam5n3TZkslhzkcyzqHbeQopYsWKfXUtfPFBEeMlB+rbETo9p/HrT/D6RH+qidLofY7W1/Cjt2DCTk7EFhs/0uJZMQVWsdi1Vhmuf92os0cZKpXnHs4O4DvL3gQtCC95Dyjit2prlmp2MJELRaaKJKWxECDQGZm3yKxMxDSAevEWYrWO0a1xC1NJZWOoBKQf7ds1BS6939qS5Tkdg7TNM5SENy8EmtTH4tvUfKA1MIgji21b2qJdtu4AH0SXByyy8AisnBHvnxtiEm8+tdhZqMgZvlOxsIjls+5JgmEztua7BSuIxrjer08msg8zkTkjyL9mqnrTMGcL/AD3AH2JtRuc4Vhp/JKLjBGAV99jCtXCclqpXKisKhLJEQ5EWyxVZrO2ayqCzIc9sfHe3h1iTSnyUmvOxeQO3zuMYxgn4kXyoeIE//fI58xsfzh3nnheqkJYSaVp4wYt0hyq52JBXbvhDAHtnT53iMgCyUnOVd4GAj9Os2oCDVpFVMR2ttUaPy/8AiGPhE6k58TJm0Jn31ip8o5LIRW0nN/uESCP/APZQp9gGyxpW3CzGa7/cqTlBxq0e8a69XlIctOkpqqgtZf2ACFU6nZEMI6xF8wD7gGrKSlLmCWcc1GItXZWLyYDVOKFnar+nIcE5CeUKkZgpKqcywpnWP+6DKoc3BvPpTTkwce8CUXSuZsI9MKyKS3wHjAFBQyYjLah9Mt/0/wDlZ/aklsFUxMjO23jKLBXDBi6clYPcJiMkizuPh15vkbxvsMf66WF4z0n/AJJhFeSnCt7fZL2FjCOPmzpo10gzI+foXYxEEPmfiYn8WK5KBRyUJIR5wa1/2yf/AL5yX2zDPbuvdrBXnodPEBkiVETMZxCMkpzefiI0u1MTMs0+wj++FbuOAG3WahnNXc3fF066/svDH6fZypI9McZhbFOSfpzmfKqa+X7g+iSHGFSB+K4aa9n3hRpp8sdcXWWJi/W2+YArznTPO2ZHYZyjPj4+ZjFcYYPaqlXAWtOQkJ9wtdG3GJmEqTlG6tb7AP1mRn0rJq2IXp2pLhLlLmORak/0xVhRVTxL1FFzBkhz1PCOUsbPaY4s+EsHBf7vISbkkgmD1lI4bDYfM5yGTEcSWwYcJje27pnEMYst1xqLpOTEo92DO2GUNjYvp+JysJO0e8E9ZfjAOAHwyCejtTznKbeJlGWY/ePInznpNu6WcSn4Cuf+Qprh90tAI9k2iySPblgaXbZsU3tO6K4tEViA8FuQ82TEamEkrrj00xM8pFX5CwpP2Tcj8Q5zPAG12+xwcz89ZR8hG+0EsuBy3GmDZ5u5rD7SsTPiDaf55HMTkqgcV7XJPO6zKyHEB6uoxbF1zlkSMDuQwv0SvX4Wpx/gdq45LBgBtSEQC6D2H726baiwal19DZvyswikiJ3brNNEbL/UykIdYmy5zZKQa4hACfxm3MRI7ntj53e76RkbRnEiGTgWNFTExEzGV452kRmwfnUePrX8IwOXWwYL8bj947DejqgZSUrbNnCJLAkCeUjZdAyZfMA7jPKa1iRMSzVq5GC707I5Rz/a8xkyJzHJS1xhLBrRzoOJjh1O3koJNmd9/S2vx6S7vh0re++eltZoSHDYeZAlq2srkdV6zIM9M6YyzWeLOsKIXa0lOWaj2PkgGld3ghfTIn+ZqLiZ5boHIaRzxV6gpzcZ+f6TjghVnJHsRxUj1HQrm+xALZkX5HDttOcJm/zvv9AXy3nDX1cZyrLACeNiuUs3nqAfnmOSwc7M5zOb5p/uFnC0kOcQ+I5FA4z5nNPFfqRY5r6e8nlW7X6oryADwGMuMUv08Z69G+2QsPxNeSU2IrU5UH73Yhfxe1A6qBsCzXe3wa3VDqWSxNGmnjasvR6y13yemD5NSKtjvFjHhwsEJL6+zeTLsM2YpdORjHLhbCCMBrBEwHN80zzerxnCJy4HK5aLCXI7Tlb7pyy9fX1ZX/ub4XpZnfOe+4FEn/yMKJ47fG2SM77ipnUcHD7xMruVGfGfOD4w9+Xujjt9HSneOmh6NkEq306cMdbLhomR9NzLNBgm3vMzJgDRtRH7bYk3tLmT1FPUUigI+9TF1zhi3WzacsmWnOQMz92wQ2MMyqGDcaYye4Ryn4hL5nypa1LOGxflMFCWXHM+6Oxs7LNTllwbVo+pginU9OVTQk17TPxCDnADgO2FPLzPaUeMk8+ckc+Mn+2v6rZwwAKxBsZMbTnZvG8yUzleFurVpK1O9qxlJlpbA6nVGPOWs9EPxncA/Y17epxwp7GQfbExOGqLFexTKAOS4QiQqcpaS7F3953YVUx5U2LsM5Yuv1WRiCt2hczj65+5AfrBn74s1N8oDRMSmGaMgymVzoRR5hdOrWq+nIdJ0/keV6dOryJfE9uWSFiPugpHfeqmw+f6W2pyiiLGki1SlNXbrLsSUy37tsHyoTyfmBzjOR4wh3mCzYx5HMYPmYjNRYlz5aiirud5slLSFeR4yZ+lAEvTtFfYYaw7tbaYekUMLKYuqPXYGDSo7JQ2wraRCbEZLpyWFOafSF6u5t2ogajusN8PeR2wA9472rdRo7ZuuM7+PwdgjnEIOzJ7U9L9Rzkw0iqHki9GH9t8EwuWVbBVctagNhcLPuiPtls5JnnIpzbfPj55Zvv8dDz8jFC7KoxWkuMJli9JcRfuN00FF5kau3GaeiKcqHz/ANOU/PN2g8P+0qpuo5Ley9e7D4z+rOz0N8vOfpWo7fQ/7NqMXZjc8C1Afd69HzD1vt2yXp7qJUzgGoN64A0alu5RNNRyuYkaVjvUtg2PDnDnGI4b/RbzXG0DesCUTCdRSZDuSoYqFu/TThngalITs+mloBtJEd+XM9MVy6gOLa9ohDsm81Ppu/EalCt9qzV2AM8s16qXdTQKguBWYlpwnJEB0TmBGNKki8OqoNTBgxUYQEekH8ei3wNPZv5rU2ImZGxp9hsS3PQ24z0Vn8+lKPmpY9HvGGwd3bevbAcBg7R/YGn6i7F6W6SNTGacNYlzh1v3TkQpREDjUlL3Tle4qvWUqW6hDFmOcoj45TkJsn9voL5ZOm3s/Tbufp9mPmtXAZPvq31VUzGWNTc0ZCJsZLpn4WuT+/ppb7SQ6eM4hdJ0s47ae1cCIqTvG7JWuf2vXMCdh/ULX4/Ur84Vq0f3QRGLYJdk1jxGpZfCyIHS1pz2J0J0MXLZ+Z244AmrnGeomJ4QD+cQWT7p83ajLAj0b1ueTciNsK3yAxiwrpXWdiJR2jzUhz39AW7I6aidPqROKbx5Dklvpvn9vqzRWewxzVPZZzvFEgUkPEiD+XTNZbS2U119Eae28ilZfVPmNrUohUCCbJK9q7ZSdps4ntDY4smRceY1XMXywNTcoOASZGRGcH+J9ALq9iyNXfuGcTbRC546gH9Tyzr85sGbhiRkijgfPgAh6UuO7+KR+ZbH4J2L7GMFQXqx1DGMqVVkYzjg6hCUhPj3WzH1AsU+x7vZFxsTvDL7p3yXcvlVWxYiCWvRW/8AJdreks9ObYCynznXOdK/zwXHx4wRYz+2GmXWecbRcuBmbOnFS6u0cnPRx6Cb2Wk8QBkfw+jxZeR0Si3Yr5JlE+BeY5vvO8qqdqxbJRtJRgBznImFnhDxmYzTqrbJ9aqmkytWzYS+IjNt8Nn/AINUsp7DJIM2SqOcOVETGX7BVab3R6y1x3xxDyUuZ4z4xoQekzuhaiOIw7IaWpiElO8zMxnx5yFBNZhYCybygdNrxMSeahuxNfGCB1nHjvugvpGbeInNs2nIidtsrJSCKxK1Gf6uRwzmNsmTPzNaw2vvGBEkRG1bj64CbEpNpEElV642gx3ygfaJBMkSbBDiRsEYSnVg/eSIkJRPkUMPIrxH3e0fEdm+DWtM+Ok/8piBnysN5jj+4FpjRa3sr9BquykYEGanZOOOd9lntiKdtuNUamEsqdf1NkEyGk0wzVK8Itzw0eZ9CHMrCF/dfJFi1Lok0R9svHBabJ4LKXCIlPMp+mjLgKC5y1a2b0xSXBTNrNcnzUHPtycIp/RnDkEJ0ZiNG8acuM1rrEROJ+tKeVXbGf3GZE7fSlwP76TT/UavOPpx2x8fuq4mkJkiw/a1MAsOM8j5Y6T62Ev1Nns3xyzm2lmccpj2ouV5SQSxXHUi5WNvrVrBZg4w+SYNZ6eHsaWSXppklsIiTWFijFRu53z7bJH9OM4IHnWWQGQI/bk8xjZRKKwbmyxu0zGdk5uWRP8AtXuKAwgADOAKNsQqXHxi8uvpq6vpyk2zM4v1ERGHucxLexQR4K1nbJfHZMTtOnl2W1SyCCPuYNcCZuxyZ+2X/wCibOdhbbYisxwyzFUqoI5SsBTgny5TNkCsmdwaRRXsdrGarMeIu2/Usg8727QEBVsOjJ09wxMyIMZMQGaXWEq9pkWKxVy4Tm2UZAaNUo9E23bImbRECI61/wBwrP8A3m/nbKHFqrlVlMuQmGafqJVDlTNWKO+OJDO0F9P9ZSnihpZ8+frXZK+XGufFtV09y48ZDOXwfmPEjMnJl18pnfaO9zpCJkIk9sL52zpq9np8Z9mRvvmnEQ3pyypSrX7eof8Ads+q+xbRnLDItLgTTJqjYZ2nDKOyZnwzq42lygxlsuz9z0nflardt7zXsV7NadrAfGUPNtOBHZ82Zio7prNIiYZHIyHHff6+chZzlYOs4mbzl2HyzO+B+CsTObzObTPwNVpZCoD5nj4zl7ZnOf4wlOHjMsrtWvmVJENeqD1auEU+QDEl4xMypQRHqPdvLNR5CEZN9/GYGWHgi5s+0NJtM8mOjrH70Vq6vtxwc0uGIgo85XQy04VLoVriLGxMqAUM2yPjB7P0inxUkUhADmqSbbrdoD55opraPLNLUEWz209Yw9/J0cWnEzMzA7j/AG4jArjvE5amJheDXGvQs8/rCtlCeLMiVtlZkProbO0/TnvvwLu3jhKmxMbdhRkcijfJzrj/AKg687VkiJDviCxRcf3Il3vg5umBvkp5D+AMiKIhkbRywFqPaZbsBBENtFx4rnbfkdI9rI8tYLl0bVR7BaEcHvGRdTe7hAiRBZrFXtfbO00N+0mBZuNBMtEe0t5gzggyzH/b5CWl8DUL/OOsNt5Ncfb3ztnZMz4nnOQk5yEx/lHp15Nn/XqTyTmcgo87880ytWeHM9RDtSlo3IKUgEUv2HAw7N8WrYrNwiPbJ75C3F9i1NcfVC9J3jcx05AYACH28sn6sL9shi2hitpzSlyCzsCEn+fzE5aX1WXrkc07/sKkfW+UldsRjuzzyqLaI8s02J7bDJbvWt2VS70ZVK28x52xBwIcsH3tWA24gW8Yi2YjwxeoKgJBn/v6cRhA4IyAxE6I7nV6/rACHKRifoXkpwfAxk7Z1D+ud2VPNH3+3t2yDj9xMWJ4oE85kRSRbYqJgpxYdgccVErLab33JnJnaIzlvw3TAe0sv9HJcRVuigp3H0TwaSFCCQXMKcMF7rBi2w4w0qsUoeRW4LxWWPFHmWXa8iQZ3qj7Ss/6l5F8cmzmxfnhW4+7kA/b3ZLc55vlZUOcKytICvPCDAy2yET+e1EAK8K5tHACuTx45NgpxENsNBUDpBT/AHEDLHqXMjK2yMgYbDtwgXMsYhosXxyc45tm2cc2wo/M23DYMcosCaqwyMgc1MSm/aw1yg+uxppQVCrMZtmsL2ZXbjh3xXtVlKwpA2JJyXkwzyolqoS1VyHPAxPbgxiyCPfBY779/qaCAUFkR5jBmO5SiZyH50N/GyS8GfoRjGTbrr+5msVQ+GayO/tLWWF4z1Nl8+3qu8oxrFpOpVR/zRhxsyWjdDmjoXgziZ2OJyu3bHBHqm7W5/s7Uqw2mkJ/o6PnI0lUfEVIgYxkrph5a9tmcCICJwj4nyVyiPgbFhvFcH/ckSXXiS4ka9imI4q/IuUA7R3eJ25TnKcmCgYLFB2Fti6i4RdbOQBT8RXP8pHpZDMP9wpIpKfjJZOS0spVpusMcLSUAs5xsLGqcRUFpTsrtjl4THVdjL1MydLVV+cKGD4nIHEUUX1kUN9PYnPTWM9O789JfmR2yYwt8NUYEcZwDjOyI84VXaxLcsVxt3O81QAqAFZ7c1QN6vZD9tgKGv4tshNWqNlRnHpGLnxaIqwIOStLgJWmOvfcweC2CwHNrsPlnMI+Fu2IN5efnCWJ2FyqK7Isd0+2JxbhS0HDOs2p+0tTtHO2bXW/AaTeb8h/D/8A+39CqD9y9OqK+yAEfiYHtVOVUk1Y2c/5IyBkmFGbHlsOFp4x/ji58xORyDecmfdJS3aVrLNIVxSbZmQj5O2oPOM1eI+114nHJz6hk5s4vkUR/nAUlsks/VVK/slZid5ybEznYWDDCxNXs7OW/wBIjGRJ015UTMFJFuHWxc7VV5NhUfE2QxbO4uArpMP34yp5nCqOjPTuzSFsCwUkbBASIgkJiBijskyxKCdHLB0aiRyxoU6QRG0Qkft5jnMc7BjO5edy8g4wuso2Kz/lsJi0IMZjJDOOTnDBCN8DPP0tjvWsRnZygInWlwNhbc0g9vUgV7Uo3ldY2Sf3bZxKfiKzi+I089vcNMB+9YpSQsWVwymOZWDmZ2lhT88v98xzR6lG1WhuQqqr2j7IjJauPkrlcfk9Yqj8M17/AMG6zYZnqbf93KHOa5jBbQzeakqmHTJMGIIzayWtY2QrctNe+R3/ABAMIPIhK/GRICMjnq2iIwJvac+Z5TkhP56vG+e0clkYMcvhq+qB3zbIiPGTMxtOQ2ZyvMjMEfpRGZzqCPjeM7M35fA0WEthz858fRLZUwSzeMa399oFz4TnKJyl5dOOSLAICTSWguSwH3CvBvsHfhOpWzKeEHqLC3mCmIjsLYdoyBk/jpw6clhad4Pana9NHRZAoZG42UTMdkK/prPTm2cc45tnHIjB+nL4wx5ga8kZnbNWVLqy+E15kdiivVj799ODJt1B+yb4/wCMX2HOwTYsbROTZbktZ4zlOLrkyQwq4+Cnh/viOAyV79frXx9vqbLfEDQ1BuBoVgvvHQF/5r0SgPz+p6TXmRD/AKiR9uUmdKrYnYOHcpXTmyqN1W3MdX68Gsr/AJGXq3R6cfUJH+33NP4nx5KT8ZJTnKcEXM24ehsluRMrkvbfjm2AXH4eUHxmIA5+IUf5hW3zELznt8SZ4RlknObb4c7RARpdcHV29geYx6uhzVZP0nFbSpUxeH+yeMHYOQxxL3Dpwe9pYWccRwM/dCa0lvkFWX9vqOf2bwPnB/O4+4YjOMZtxxrNi2xjBmNpFSOUSJ9e202QFi5EKrYsJBk7Ztm30kwj5m7WD5nV6oZOto38Hrn/AIFciZmcK1Jec7spIK6Zjl1M1rBp+tWGQ9RQ9MR4w0jBFnsiNs32+IccfHNpZ5n6BXNpCATpwTXkl6TcqdK1HOradGwZ62sWHqtIN8XqxO7JVZX/AFDyzhO+d6h7IGbH+glrftkD5ccFK/8Amn0g/EvCPt5NZ9sUr5/C9GvH9wfw7v8A3B0ZC/t9OC/bBUAKZ2sRPuGYSzIRt89CB+d0D8dv+pbnYWTzj5GN/u9gz4Z95fQcP5zSthpb5ExtGauMd6jz5mMYHU1i5GeEjEBXvDwmNQ/7fcfxi5kY45pu/QZTtjonjwFW0nYfkJg/iK/HOopjwQKD+8oP/wDMorY/f6iIjcz1EftCWm33FJzgC6Y5DC2T8vVAs5FWequyx2fqVP8ALdXrD/bPWp/DNSM85Mbg07R/C9ItF90aLH5jRqsfdqdNNRwbafWS/TihgJOZiCr89PtQU6jKLZg4I6YzvCPtm0f4hjmz4LmM8SFXOsx81afqYGYVpdRa9p6RHccSg3SQL5wMbDXbs4YxrmcjlbYWk+7Ds02JRyNpuGQrpGCk5KoYRLhy6MdmbM488CK0RPPsXH2+pOPAwTGfamq15SOWKoqULVqYtcDsvUmBtsGqO8wZSA+Z9ZWCcPU6/wAROp+PaWpN/wATtSRTJTYmfjkycoaZYuB2Zf0VtVHcur1B73tCBIiXvnLIL/SfJDGWo2ez6CW2H875UXPoa4xACI5rPHattETMxGawIjdLjUrE1TXjbdbRUFtZ9i9wMHG0vgVxyGCmglSa4hjATCuQNOAPyYXE1FSj13/mGpcduS76CwtQqRGfqS9/Ean/AK/UnfmLyv8AMbVGfJTqNcft/Vmx/bbqFtuT6huElweGComFwD0VspgRXodYduwaNZcbCK4jJIRid5tVg+49Wqjh62P+Ni53sJpRdYKZEe0p8YFe037S7V7rLac44isTymIjorKIUMSA/coOyRULJCqmAX2FI7imzyhnKtZ6eQlMbTgb8o2+gxtEMzuIY2jThF0P3qrHvKJu/wBtBZ0R0deemftEyOmf+aq6wC2I9rgEVzQc5kDEWbcG2ImR38luA52ZLDmd5lk5MzPxCmnO2Bp6YCDaaIU1i5iI/FCr6p8BMFACPHt8edcssdfJY8mDG+SJbCf0H5xUbEqcteXMnI+Y3Lbl7YHl4gfMJnIzWw/brnkeJHLjYsW3tCnvEmvFWJGDQ6QGNF3gPBTOKLaIHJoagH2b6qiOWadXPUYa5noH7bAzSTLwf6WhWei0tc88Z+lx5InaYP2fqCh+2NQM/asFak+fAaPbOP3Q0FUfeOi0I+Q06oH2DClRMzaFdh3eyoaK7i5Hfqjh6zXj4PWi/wAGarZLCsOZ8jWss+B0y4WRpD5+4dJ/8g0usPymqgJ9sbR4i7T7GPYJCQTxLNOSQ7HJUquTSR+BrCmCcu2fftIV/cGLni18ZMTMb5MTORG2+eM3wUFKezJ3jNKid3lFQT7CIm+8awF1+cBpxkNCRiWS/aT4slRlBYLOG/GbBxhPPObpye38sXxLbIGMHPVdLQwrhq3t4x3cxjSLaPjRmwFidynxvkTlyoT79ndteZFastf3S41dPZZGWTWrQu3MOalYOBinViOHOjH93XX7dPq90SyQHads4TMxM6qETQd9ELJpipTNEswEzhabqR7chr230DrsGgpP3gCCsJYZW6w5YvVjjhiNTXVLdLNddPwep2G+JFdh32ho1tv3B/Dw/wDIH8P0o+5ek0g+0agj8dQx5xliqn72a5TX9h/xPMfY3+Ir5+BbqVpng5MywFNZPEQ0KxPkh0D/AMh0KrH3BpdFeChQ/bHiPoX1iMjLapWwtm14kYIlRXgvK79cPbIyDQg18c/3jVhBTlHbZkSxwgZzEnM5z2LCOfnNhmPFdaHoFB2Zj7pEAYO+ELFHJKi1aD7aszNpHLbJsR+O8ynaGNYE+e5k5yL8/RLPdxIpV8Y3zITkZLI/BTM8cASMZxOk3WJI4sae5K+bkH0tEsGYYAnFm8uir3sabWk4xuO48Z9RWSC9/wBTbi7k94HKbQKsTBqqjKGBFhXS5isuRJ06DY0seNMZkI/3EZcEDq2BIUNwEEDO2B1MQHiRarH4bqPP5m742wJJxcQDTbLNsCo1pmCUafViP6uvp+n77r6K68FqR+Su1xw9YrLw/wCIAj7GfxBa/wAT1e6zO687IoX2YvRLRf3B0Ff/ACTQrw0k116awfJR+m1OxxnP9t+fiNvH0+Zz/wCbb5tkxm30iM2y+E9HYETyyyrxzCfEZonKQtTm2M2FZzMxv8B+2pxZy3nf6NgfYYYRbzM5WmCjbHH/AI5J7xxjOWVy4uSefnIjcoHK9cAOJzUo2szkT9B4xGdoTHEzHgfgvjGfC85eMnN8rslRzMV9RSS/DzGy43EVNnk0qdFPTpNrnseZMZvg4fkfqAOYCWKSV0fu1ClNg4dkpD0i6+LeKQ4YWon8QV584Vg533gWs+14MRtDeeb5p1Vb125OK+wMjNOGAIiKxaUtTNkNFPLB1jrgoAtQa6cc66AxyNjpiSneZ+QXXn7xRo+3vqI0oSwdS0qt+5h/xQkf7R/xTaL7E6lqd+0pAsbMnIptIr16ySz+l9ZyZZsgVlpwp5vcoJCOsBHJnOX/AOD3fj3b5sePRKT44mv2xM5dr9UxOVNqnVXmfaJFndZuHAZYCstxhFmeuoX1pcSKVsbp3IZ4GolmQYmOpBHMz/IHxn7fDnilScyI1y3mJK/X7Jh2OR1LQWD8xnZGfdMQK6cshXN9SFzEENa03gOBoiYj9yxpVtZz1Etq/v4wHwBRHgu0mTEl3cJ3x9o2K6cFDz+0NNun8BpFnb3fpYx/c9FTH56aQ5L1D4GbK89QvOYl9qkNbODQH/L0qIxyFkHHK+pLjmDboTqLOyCrcJ2LrCPkbNesjqVNtn472Tn7hZEGXwvSLjI5ZU0qa7FMY8qLVStioSYyordZlRpqZ9BfI7ciMi2zzlepaszsihp7KSGmaaronnOvtn0HGSdM5+MqxtZrZ/r6zm/8u30/+vv9VjqONUqSUC7sE4gg4CXgvRplimZMbRgV9v7bVOsaowD1PcRWE5vnznu245A5vvG2TEx/Iv4zlP6ftlNsLspmaKyYcKx3Cw6EDqzYbb4jSpsut6gZo1kJ9za66dUmRpqoXXl2WbMlZYURYlfvD9TfxiTHWQjG60TVMUIJcWDUP89Kw+4WUQjP1Lj4VOqXPwWo2p+YtWWTsLKuocJcSoc7eY9Gf5rUY2gziuMfEhEfIGgfJTfqj8Fqqo+C1ef8T1JxRMZLznJYc5uzBB5/ZWSVlkpwqF0J8Irp61lIrX+B8TirDF/YnUmR967i3RnUhnwVcGLiGN0rTin3zoGnl8F/DP8A+oP4YCI98fwzV/P/AE+Si5UW6Ld3nc9FbHw6fd5wcpxHqVzInHBc5yHbNwzffxk/6j4zfN84lyz/AO/TW2/vAqB5F8aU6V8kFBZLMB0MPbImdo560YioHQxxNnef5NokZwI/OcZ9OyZ+oiTPaHO96LpxHZ2h11PZVeoSIqzS2EGWHCA6fSVTTCxOFF4nUdN71xCrTFggKyDQop3zqRHmWMSXiOQR8erMY2Cbj5ybD5yWOnPfk7/SIKcrjIOE5i7VWHGVsUnlhXYyNUOA4wWo2Zz1Dz+IReP7R068WDpJ/wDLaSNZxLhFZTB5YFFeenWPjHoYzwuqtWwtK6kjbFtU5xnIifGArlYlWRZYPglNg/hTOM4NtIe01Xk4ADZsPdFZIxEdkx7hGBgI6xlYc5Xu4yQ2IxtnfGt8Tj1iHCIj5wcRI9oSVZkmhBD/ALz3xObzm8x8/P0475MTnDf6QMZqYAYnzTVE5kcTUlXuAuc7SLGFGAcqT2wd5khE17dzf2nGLUbfCzWa54s+ij48hn9iI87iYnE/WqULesi3jjtlXoUHtMuNq0eO9M6I7KRVKTO7Gauc/aWoNnJsvPJc2cAXs+LSLNYAM+RZM+Po1YrSJ4EMzpLOjb7uC/yMoD4l/wDqXzkHJT46nTnobXicRo4yAk6NLqrxdVQ51BnWOTAjEzNpi7UiKjT+mQrIeRD+6xm/2jY4eAIeLCjHexEAKp5KSWbxm8Yz23WbP06SYZpXQuAWT3Lni62grQQxe23zXsX1RtU/WNXDaJ/WtVyNd1WM/XdUyzetXCErClsewVgfWOy1WIIuMzxgPoMx8zp4kNOvB7cs2zxnGM64zrHOI5xjOIZwD5yYCPOHP7BTC0BX5xhEMTuJOw2A2OUC1EJYgotAnwbzhnmOtkKh+JWpP2XS5u+kRvnx8ZvnKf5OX7fPPJTtHprU/arTb7C2j9HbvEF+mq7CHF0Ko/N9i0I6K+2eIw5Aw4Z1qwirzXFGD6cflmoCQwGTZ/13b52ZJfjOX0nBKVlBQ73V0GfaQz7R34DvPnIifnOM5tOWX8coVRk5uTqwGSFEPFuSo/M4VcojxXXLrM72Dk28QqkM1UcOW2SzbzmqRIz6iItOH4/ULORqdj8zfPfeI1a5lHTWXxlhWaP6cYkXq6n59VTz1dXPWqj7Z1EpGQz1aoxuoE1UokpHbxiJjuVyVtx2z4zbfNs2yI+m2T8YTBAZI1tU7frszxrPnERuxPNbO3LDuLBjN+XzYbw2GOeSU/GROVZOwM1GF0wHAbohyg15+P5Q+c4Wpj2+ZnNi9BtiNNqo4NEnrXwiSvcPsfqyupixnUTiOMHccWEZz5nN83zcsSgmztif4ZHqiXahpD6BDziuHHG1+M+Olo4e+/nf62lqGEmtZcqNcW+nXJpETP8AA/Gwx9L1yKqsrqG5tasT+IzUjCFLA1EufE9ldXnF2FEX7UAjolqD+ZysuVVkBMzhTmplySEYMb5xyR8TP0rALXrWaBpxW5MtzSaqyyd8WJNYKxrCiozY7jp6SGz9NpyAPIS7K1NzGrgx2zxkb5P/AL/+fyazZIrHTCrDUmLAefdQl0K32sngkNVIjBF2PIsGfGHs/uEtij52nN80+ZmXwJWN4mMbIkO2bYXjx/LX8OTMHNti1jDEikrM5wnjwz1TNts7Sn555BTM8RXpd05GJKnNdwBatVSrzvH8mikMagqSBsSOalHdVNf0f8TOQW/w7/f8rkmuqMzpjYmI3CJ3kp+kcvy2up0xLPsERjNWeK3KDOa585BCcxyY5O22ItRC+GLgHPVznl+ZHfCWWWaxMDjn6c2Pj0NnCoOKNs/THY2jKP7tOekSl1uxXbxVX5dceBuJ9J0iuqyyMML9LDP01eRQVGRUCM9OOdEYlcDkZyyJyZjN8/8Af0LN81H3XHTJR+cCJ/TBCQguDFTasScyApDBjCKRMtqhLYnmyydQonr2/wBId0sg8VpwOAWlZ01e0yELr+OLhHntjgEYGR+vKY2mBvS0ReZzO/aX6n5icsUBQYYilU4RORpxk9kpZXYle5hPZWWzL1f1VYpFc8lTBMCVnIT9arYU8CkbpWeEY+y04XC5nxkKm02ERcVCLLViXx9I+rEk+nIBp64WMhP13zxHxEfnJzUS7LtkpzeM8ZCyjbkueLF7fn6zm2cc45bvlJ8USfLPf9oq060b/TwwDgiEtLojb7SbC4GIEeObZxzjnHOORnasZ4z/AO85/mZmPmN5zx8/SSyfxl6tDSUeHRjGlDFM6nT7TGZ2+IGdsEvjC+4sjfjtm+AhxRJxQ0tLj7iLzn2z4fSRZ3KC3gj3Z5j+TjtHuVaFa5WbXCYwIYr+spLBlR/jjK7JCxyoh7LAFLacTCiAvcvmUL5qkIamtXsc+2yKgeYq+umnwmefqqxRAzC67fbNVC63LNXDi1TP5f8AWVrIrDjKLcsKRPnG/HN83yZmJwY/P03LNUV1XW7YSSFanznaxpxLaQ72622T9Ns45tmp2hASrBJxBDJVnKlqcp9RC00tvhPZ6i5IFYcS9E4xTaRdip2jOOccEI389YjGSEZx/wBak5iK26q+lokI5rUNaVgEfHjzEebmoJqTxxWtLmf3YKDEZDaZnLOrwsyXXc5tqP6gwkPuBpr+ytd63Ab7KpS0gxapLzkDtthj+6cTv9O4mREO0k5/qePbOdudmWf+4bttvH13zfN/rpGxVI31APTvGwDG2YkTUTzEhlyrCqtbtbc1WzYksa7u2mF/0tbbC3md5+g7co3W/wARkzBeIJ0nMlnfO2Nn11D275Pz9OOJAjMRH0Jni9JD816i628htk+I3yP9z9daTyUp8Z0GWjScxgzxmJzS1yy3BR8fybZ27vJI2qFm03hNLT61XhnexUmoBczy0SsL2XLDPfKhcaoRnZBEMxSbLEztvMZymPOc522yZ3jN98vLlqgXnC3IrKrIW/V05Z52zj8Y+uTr1mCKrp/XMZRiAp1oxzOC2nmno9TZgC1Kpw6gQX/jP0ApdWTn+sjfHjwYyJ+unlxh2/ZPGSnfCPaMnyRTn4n+bfPxmizst45feklSkmWjkYUAmCygmNcTPuLNPiWWlrzVWcVivIWw/t2mPE/RZ7YISUc1yfEpzlvvmnciI8vJ6XTtObfTS0e03zEZH032yfcQxH03yfjLQdtawvInNM2ZpywO3UOm2QJYwwtp0QwEHJ+nnP8A7tEZtH5aqOcuVX7S7OQxG+H95xm/1FvsDjLfERFCxXr0g7f1KnObZtGFtv4nLjgRWNh1dQYoyrhWa4bic2/3/wDLQwhy35YcgVM4JjrSkM1QuFGwWaXXUwbDDsGv9tE6sK5SHTOAtjOXWiHFy6oIxneCvK/wa2XTyLYYEJhNK1Z8JZpOoKjctP8AEuwp8wOf5HGOnxlhXTCeXUfpisfT5+E1+ytLM/P0Qp/V2r5TvlD/APsBlh8uYRz85EbZM5OaSshYxk2Gy5rGSo8YQuHiW/0H5zSwSz3N1SrFR4MX/wCsoTEV5r5cRDkGH1iJnxCl9KlqyMiPpGDvPI8iP5NvPly5S5qp0exHBlafaccS1N0FaZEaOtvqBfkDm2bbeP5I+mrJ6Lzo+sRJTtAsNfgQsAftLUgGta9OHLb40ZpNqzBeMmY/Nm0FQYkrbmvKSYW8TvGizzuiTRFjoKcW2Ylous6ouwfXNOrymJObARPGUMDUuwTdpVeIk1erP4kdQB0iplmvKmmI1+cFJQh9auMqh8wTWEOfjEhJOSIj1pFa5ZZgPdOptV1qamtZjZhFHtjGcSjjGrmlh1t1kk9MtVwBZn9tNUBbrkzs9DcciW1AeyHJiN9oxFtVRKVl2R3+rwj4qZi64tjlkzm+b4rjE7z2B4kSj1YlEeY8YJbbYVWInPSeN4MfdxzTxGuj3X73qV+njbjtOVrOzu0gLnHPNTqwloGtNKyyIJaNOcmws3RkR9Z/8Y8fyT9NYTItCxgFIGDBUyCETFtZJlyKsuFeBzxHj6R4yfj675/EP2VPoI7z7pZ44jvntmNptzz6GZvmgSfF8ZqNqadaSCWmwpIiZziN8+c0f2298kjSPt+0GQX52wr7VFMr/U+a5XNPauEjh6gnY9ufzOIo24XHp3RZrnwszYJX7talZXaVBQ0YBzQjPxmmz/VRvFOsc+wkrLjE32LlnWmpVLr3EqIhHN8L32ANRYR237CDjKJzn+ImcjmccMqk1bBSVqK1hUzNe21zFLdvZmzODotiV/uOUSxARYHCBL6ztAL254nca8uGKQ2wW9Z6aNZMvaxwuLkcyY7YCY7e1j7O3iFj43KrsLlkW8/TUf3JQkENOQiSB0xlkIHYw/G/05fjBHjnjPP8l28xjmCPPkPAp8FMZpJzNYhnbBjacdqaVTwCvqSWlAFH0nP/ALt/rP4h3/pc858ePpvnLE+4+MwpUZpcr6SUH8QzHRWzfK6+1gjMT+MnFMlRcoNt7fw91sF7tD5HDTuE5VqWPSs7q1iGfvA2zAAUQ/22TKJbqH7UhqFaWcCy2oq8wOUrJVbK2w/+87b6UN+Rniy64bMttK4QTfUMYfOKzCjtko6994ZscbSyQ2gj9RTH5lRx7Mo6I65szA0t65gw1czQK4Oy4pOQHRuHY0i9avt44DWtnjmq0+ZpYBFJfUaVidiz064KBbzBaogKLiryzhqFqw+Vdu85UEmNiJsMmPaHWU+TFZT8JrkRRw4O4ciKzx+Dt8ba3krdoQMDXUIOQ1m1Kr2YUTPjInfwMDEeInNv5DniJFO8/E751nICyNLW4FHDYjGbwl0iIb+MYJ7+2qUlXQRb+M+fObxEblHjbNvzmvL3qqPJ/kq6ediOwvRqXMdXarfYQb8Tl3+rrcT9C6Z8NSVYBmYnFxyny4VROyx1C4G0DYsMuAIt4EOQ6NvNq4x4QuU2AeoFx2PbIpL0goZxcu88HTLTbzYuVakDvUE06emLnZljU0KD90MUmW77ftVRlYmyJwZ5TJlWaJ+wbC7YiPqeUxtvNxAY5gPbJzX0t7/dkqtrytZUSVYVxUfbqiv1FSllqWluq/ujpzxS4uz2+r54krJM8XZKJrxO22+DtHmZZM5tGBYcHgZbMzJYJb/LJ7RXgRv8hvUS0s7SiZmO3EaSAQJt7wXG2De5RMr8e5pvsqYMowL7AHIOJHvaVxxcl593xnj85vkzm+SWH+4MgTKrIn2hSsF8UVcVZEZG+MAmrNURp07FvTp9HInpGACBiZ/GOb0Ka4nXG2PdYraq+qQzinA5a3Ks14uIYg53iZifoA8yEMiwC4kT7Q+YaXmCEbUBHvZeZP2DftDlhx2+HLpbJRERVn7ZaolT5zge3LN83zffFV4ce0wyFj1r3jEaZYsQxsUliqOyVUQbUYmy7SbNGIJOo7GmYjNI8+sHHM5OPAjmURIcOuwOaUh4wVyLQcwjLAEvjjPuLbTUL29Q0ncp3wmb/K9QBQwpv6wuN+DdRdLBYyxfkllGD4mM9THXzxC+lKoW+uq2uAbY/hy1BEddqmJOVtyupLC2cNHSecrJo9bDCFKc6eKQQxBchixE7d96VMpP698qV5sskIvXHhZaqCsSf3otmBwOHJ2mTMLCgqI2fVpXFzu570c6Dd0wSxLTGEp8153zb+ZjFJHk1l/9w5RN2zOafYmFHL1XarPiNvmI8fGoRFexyYFpjniAzqydthReS6fOoLJtRy4DTZYtbFHSYYJ28e3bNWV1X3Rj6h14EiysO7d8ZPnfBnxjXTHsjf674JF8wLj87MmZX50sa4F32Ys+326zCjMnJyJxRbROROaJWBknaa0e0CS2nTUpvJnLxvMHE5rOn/YxU+N96PZJv62Aaj4MV4mZxUxE85o2uLZAIs/dEtEPMts7Q44Gsz9uIznks3yhVmzDDOKVfNZosSQuX7t8LafMds9XDCPh1OxhTsXCD9pEOo1FXohZvSddzENjeZwaNr/jDR7DGLlxVGzHAf0q9+Aq6gjzhuj7bP6OwymQctWlirZpdjWHkZpukzeE2TURFa5fU6xHBPqq63iYQwdR2N/IuZT1y1heQamjqEuPpfv+P5b2o9JdKDabC5HvgKa3+3ZFiQEM5ZTvFWON99s1TUerlUXLwhPFXztsJkM75p2pK2OvYRZMHPxdqoAc5PVz5cV1NQh2wM/iBRQ5Dcsl2VlH9Kw7LIsdBfOV6lqwHJM6Ze7uto6HU4e9uiXYPZFipZqztYxbRKqVbOssLimk8SD/APjt4XqNgBkMWcNp3u7POR9uQX5ymv0tSqv6RsPgWTgHymdnB6hJJlgF3NHNKE/UFOalwaYAW6Q/tlPLFT1sE4G0yB2mfdPKSiC8EAkvEqbZZCk19KqoiJfuO20eM7YjLFGjbGeV/Tn0j2n84s5Jt6li7HNdV8gQrbAZv/TlEfxCrjcB8JpB1IdhrvRMent1XN4+o/TUeM9Aj/E5dVZ1k3U2kkVOo6qixMLbfH1l4KmXtPXIQVbKDkqroRFezwv6jWy5qEBHXjrzWkXLkPzh+C3iN/iN53jZIWfTqY5lsFlxwb4TMRPvxxkpTGzM/md8VAzO5oPvepR/pFEgMDsJOs9iGTOaM/uR1FYKTe4pCN4bm85XHscsCMFr3iB/s5ymQnI2yruZwI26y7imIM1sVWepo7bwU9u88sqcWvWs1ujwA8u1ZrJbpDec7wjbJLuTZQwYkvjTJppM2WgtaPtwHUGdlpvGn7i6C/TOe0hqiBQussfogIZExiVcmiqGanWZyTgs5QJRG+M93jI2qtjdupjtMVVLFpubKU06Juyw/ucxmb5vkTm+Qf4yJ3yJ+RzTZhFDswPG+5T4yZ2mNuWc9jZtbWbqrVx6azzwfbclsLWSwtoh7Rgq7ckgXNzNYqg6mLYazgrZS9RaS+nOb3cV5JyMiGdwmPnUuRLrtyZ32yC/3p3Ce5kDH+U6pS659SpbWK+yLLQf6kewj5Ge8ZymMkJlXZGn6U66PaQ/w4jlBDqFixpoymeyd87ZzTm9tReaw7hXFUFkZy2wKreInnGzEANTW6xg1dqc0y1FZ5ES4UW3YJrgh6f0iuUzJXKsUQjrwSEPuYxZCPUpbnHwXUptrvr8p28lNphWa7bGREdRHm+UC/qRyS+dux2+2Qr1NVErPlvxJap6nnnLxtG+b5C5bOwhp1ifOFqNuvwXMkRr4XipUpifTNqtJpiFX2MMWoRH77IFP7sDNGxqauKGK1FLeQ5Nivlh6iCRVICBEUxEGETGoyICoc/Ob5XSVhkLFdfTa3ETsUa1pu1XqiJ9wz5zfziCD01ReDM5v7ojJ+Yyd4AignkAbYTeRxM/qA+o9NkkHDfF/t3QDGxMVtsvvBa7HN9llgpI9onOgvwEgmYKraWR/uhs7LDZFBKOnpZGn1Nj9OpWJ4qUplDUAS7bOuCEhNmj2g3kSjzMYED55ecSo3HwHl2XIAQcCxEFzaMc10u2mlkxOR5zRT8sTmpv7rZ7eTmBGMQruMQyikAGQm1yUBODUOUWCgpxeRwzfN89Q6R4GPWX3FxjxnjBXE5RuQRLhzAk1mGRPcr0uBp1sxEsq/w7bseWf9Ourbsrp020W+69IEdpY0ai1iLmHX/49UsSIdWVarLZ8AjQa4cYdqGlOpRDY09i43AialP2dypLsibBSXKYd5ic/UBAIh2oOh9iXBV9tUc/c9QuEO0+ymClcLvzjU6kseyenVTmBj0d4596KrFzyZqKLEsN0x/v6VD6w9nqYA+eALni1dW1p70qlkR9BLj+nTkR+cD5mcIoGPLrIx8ymy7FD1WuE+lL9XlmL7CmxaNqFqsUoyPeqzEa+6SegM3zfBnOJsKeOkzXlfC6FVAfbquljciuQWzcqJXk2DCditt5Quc7B4Q2YhRbSdpMbRAXg9RytAI7zkfpc/KpopVZNNd8oeuzC7QTxjN5IuEaslkUwyMHwUYs/TPFyxMY+PUsjjK2qE3mzD/1lPUjXEV2uk1V7Lc/+0UqsU7wE4xkvb+f5Bnzm+b5J/EZDJ8cdJty9JQ6ZWJcwsQHEjKs2eoSn1cRgWIKRwzgBIyuagVp7GmNnxvhT6kOEVayNPrdLxcLpy1ITRtwV0v6iTGXmXiYI4EuHMvjKtTtSYt1Y1tTQaPyMxnLrpDOaKonXuwy2nOvzvBJmZ5mXXW/ed6pMlOeC2y20gXtl2UkhUryDnbjlYINgSwnjW6yi5rMTW/Yj6JV+5V3NgL+TtcYwrDXn1JXVhEjJj4LHNH1pCXravq8ZZ9TWbK32EesVzXdUDF8dYcptoSTM5E5XSywyFp5FEzilagW/Wm/K0rTY/Uh2mIS5N4JA9T0XkvsqJ0WzaVuudFZ6QEZZU+lsLqhyxsc5sSIsHCLf6Qe2ftzkma4iR/UJAAWkO095sM0ynM7DbpupTHbpddT4aTdWUpcIlQg8gJsctx+i45Gsctx/QPjCjaZjK7+mLEZvk/WqzTLlcK7Xfw943pOS1DJW7fPmdvppLYD1I5vt5k+TFEAsurUle86iwp81tTGR6i1pkWKNUlo00VXXdkWaD4JJVq9QGTdTbtiUCtAu47Qb7MtoW5lNEzrjLf05kTG1TToiRmRqqj7brYFhgnc5ny7RUnXCzVOl2UwTGjya7pLPjtnGfzMKUBMm1dZYYRlz2xL2fAibThpZbOWKOfoKi8cqtdhDyRZoW3gPSnQ9QKD7Y/hy1/l+iVEbS3koI4V3y5fI8Si1d/cmvXWiJFb2wPI5K8ZxtjOg9yZxjsxSfbMYNZf5FKNsuRxd4ylpr7nvzTE0KKigA09lOyZmp9Y09i7TdyGclw84AkSlblLT/7xjBWfBYWPgcuiFlR1WD/TgJZv/JvkFPnKsBw5RDPxlkYZ18u4m7LwBE4x/wC3WfDa8rfU2ENMZMWcTWY4SZlGtzuRte8UH43yUFnxlPS2WvOXqTaTBBv0jzMRGmBdrqmbLLlGxHRZs6NOxHp8DscxOaYUDZYRCfPxncshNYvsS05IqdebtgVZ6HSYKRZqCmq08qykXTEwltfprtmVmv8Axwns3PmqiqwAvTNGn7VPf17ebmqchlNeGsGZkBt2YneCYxrCIq9ff5qRIJ4p1NNgZSsUl++l7rWphW2jC/iBo/2m6zeetizFbGnwXW05QlBx1IbOzjEfzeWMoaeHp7aqFWLEF5xVklytgS3j7sK1GHa/2y4thDGVb6Y4qT3Cce84iC9pzABOakRc1jknM4E7+MnSggQLP//EAEkQAAEDAgMFBQYEAwYEBQQDAAEAAhEDIRIxQRAiUWFxBBMyQoEgI1KRobEzYsHRcoLhBRQwQ1OSc6Lw8SRjg7LSNERUwnSTlP/aAAgBAQAJPwNu9SOLlJsvicE6O4wmeTgqwcdGiV1+gWfBVB4pw63uqXaZBvVb4V3reyk3nxHrCy0anFrxk5Vy4Ot4Qf0WYyXiZD3g+UxZE7u6t5uqJcz4kCG02DBjPEo43+UJxc99TH9EwlANTyE1z51VTuxwFymms4fFdUA0c7LtFNsRuAcTHFdoc5mOLWROLzXJTJPFOnD4eSb3nFpTRSJ0BRbFOy3iD4+OzJGyMObdpWTs/XNP94N10cDxTrYodNotsKrOusWOYLgm949suxIoklHDy1RkM14lHuKRyc7M9AnEn4zmmA1Bk8i/zTk6Ta6O7os060+EIWLsLNrHPjOETfROwz5joqIrVnNwDvLlx5KR0THfJblJ92B2eLkqTsOKKkHw4SmQ0uhvoFU7wyMN/wBE2xMSnGuCI3XA0wOQQLDTEy04m4UDXrDxkOi/JiacYgwoxVMVR7SY1t9Fcp2A8liqOOUlQ3A3Fg1RRgjOE+YFkZY7JGX+fgEBDRcoxGQ2NAGmGy0ec4GnFZVKETP5UcTjwleem2fkNn+ix4+QTpY2zR91j3RLsPBTgn3fQ3CzTSMJnCUIjy6rdaX4+JXmTEMI4I+q3inizsM80fou0YeTUA5w8zziQnosXvRMA800ToXElOt5+zzlzaqYDnCAYV3DJUXVu6EvIvCahswNkNcyN4mVUhuJuYIBQgl7iB+mzVGLEn0RDQzOVJE5lfEVDmP3XUjsGLkFuRdUnNY90qm5+Eb0Lz3vsMEZFZeN5RyyCPpszVM43eB3E8EA1rWC3NeJWVNzA3eOBzfF/Mrtf4HdNmeKT8t36oAsZ46hIGwz3LSWSpU4zkjMI+O5R7trHY7fFzUHC7MWPqmEhrgXeiwnFfEsIdcOIGhV3/EnHCnt5NmSnlvS6cx3I2P1TDgOoVXfpeAkHeHoh3lMOJH8PqvCHFuJZhDC7X91ZON8wmzOZKaIXaPoV2huLFO9PBVwTTY1u6Dou3hlMvJYDimDyVXHha1ri1hvHBNrAf8ACP3VPtIc6j3fhAkNOd1TrT+Z7R+iplpbqXqkxz3ZmXH9VRY08Q1SUEL8NhWqpbo/zDYLtFneJjP3TWl3xG5TckXsnwvboiTxKaWkiRKeG0cWFo9V2rPgnuc4c7Jvc1bYmzlzEqkyBq4BzjzJKpdzVmC5jQG9fknAjzcQqgwHxO4Ki4f+ZjOJV5aMPcPazy8XKu6q2i4Fpi1s/qqmEumI48UwvqTGBt8kACf8vgmWc6HPGnVeqvJxBvFMNOb4sx9FSe+kwwO7y6pjmajEIQz8blul7hiPJdoq1ar7U3Bu7iCfiZXGKOCHun3dGQdw2+qy258dlamy2bsyAnMeMxUYZHRZSF2oN7z8NhaDrdbzG1SMf5nDQbfns0bHzWRzWiOfDNUnGnB1gpwA0RxI+gQdynYJlNEUm4JA4IzK5lNfVLZwURlDVQdQpOu1uULC+PjEpvdkfCf3W8HGYTU1NnZB6po6qEWyKjSE+C1kEJ2dOKnUIXpNwz6p319h6zbaq1/PI2QjFZcRvIEkOvGfyVNzTiMvqbu7pZVccGd3d9E1gP1QRsBJvdXQT+7bO85QaVNhq1eYndC81P7FQWsrPxN6hODYvgB/RBzGU4NV2UngtxzPOjin8Kvx5O5qwkX6NW87Bu8hxWZyQlVi3daBHROJa47+Lmt7AfBxTffVHl1bjfnwQufLKbIeLsPPigGMqsxYBkCc9jSAcpXa2UqIPv2ET4l2hvaHMlzIHxeHZdPdjLfw8sllTO96rdYb7OKA3rOTQzjC+aAnMudorEcMtlIOqNyMeXVMAZIgD5rdHDVMFSLYlW3GPxNbmJWXEbWkt0VnF07KY9VAIbuqoU+zgnG6bKYHs1YVdhvTJ4JuJ2iILKm7VEyIKqY2jUWlCwELdZMxzVa5zTiU3YFTHoYRhOmc0w9V8k9Nf3YzcgMLtVWHu4xNjRPyRxLwOEtcghsa+pPjw/QId01pneuU81I0yTQ1zt7mU31VUj8iE+pCDpmMJv8AsmM7oWD3NiGnRUxUpuccLWkGBpkqZpHmCqeGho82uF42ljfSF8Lgjv0S7D6gKtDqm+ei8VMua48S05pweyZrYTroE9zWzutBjLUlMAIyqj/9gopspv8AeVX8eHFe8qXxOf8AohhfFrqm6ng3mu0TsPemHP0H/dOD2vy2G2D3fIarQBf6Q+5QkTddjf7/AHTbKOHBb0WLc4T4e534H5eKeH954QNjZfhhhH6q41Cdip1WzQePiHiaRx23kQjkg4AaxKGeqMhuSElaqzeGwkYrHYLFO+SZjJEXTWsCKzVQvJZicNtxR8XRSUdAqgl/lGi3sOSGHYJW6HWuUYxWxLtJc88P+yO7NihOy5OQChkZymQ3ywZlbg1cU09zA36c4RyVQ/8AXNUgEPh+6AazE7CB1TgBWYW/NGIVSE4vhdldU9FhojhF0e8P5lSmmbBzU3CFUIE2KcXaCeHsfhk7yeXwxxbe2VkII1VR/KCqfeVHHfqOGWuQVQdmxRhdoTzThWa7EGOadEyz4kze9kSS20ER9lWa0VKhe8iRY+XJdpwFt8DdOpTTVqU5DHNvLfROZVY3xYSQY5NTsUON+PNcZHqnKXk+Ccp6oQW6His+Gy4blyXgqN+RWq6/7brF31XdcPL8lns8Q8Ltt1lTcK9Acx4/om7PGIhTiZ42DOEZXm24w2n4agiCmrdRLyFTAUBdQsLcQ1K3sJioR90cUeKxN/RU3OmwMJwLm0mMEcdU9rYT1KZCYXQpBGhRRnkhACwg+QEIy7JrW2ATb8UEMKdECVdaPaVTYZMAl3FO/Dfuu9FLeztMskXJ4qQSfxhnbNdoZ8QpW8XCMuav/Kuzk03Z2QLGzkbKphTC8DJ+kFVR/CFhOpJhX6J3cU3/AINLzOTrOO5TldncGl2F5LhYc0LLKV8R25oEtZ4ncJyTvdVIxt6K6GdRttlgI+w2eaJ9NjZ5JwaaeYObuSOB1R0mLWOiqdxPmN4T8VPEcDhwUWzsFQp12/CRA+iG8DaP2VI3tXI3TyJF0agbrEFF8dAq3K7P2XbaLhoN6flCr0hGfeGB9lXoSMoqBDs4d8Tarf3VMVJ/Mz91Qd8x+67M/wCS7LVv+Vdmq/7SqbqcUT4mkTcWVJ5o1cyAcnKlUOE+MNNwuz1HcNwyqL3Yw0+H6Ls7r5dV2ct70i2Qkqg6xibfusGFrMOKRmn25KXkcSqUk5Qin1PRo/dDtDnz8TQqL+RNT+io4+4GHAJ8J6c0O6OHwkZLtO/FmpznHinH5p202XmuFVFNjhY4ZMqoHzmYhFFFN2tptIye/wCJPa0wS/D9lbEVkiGU6IL3TlZd40XcxkZg6+qP93qiQ9jsr80Q4fEMkcNIkl19FSZ3YyZg0P6pqYMRjCq7i4uLszkdFvFU8dMnCeUqnVZP+nUH6hPrsaPxKjg1xE9IVf3RE0qdVpZ6kXVeg6kGgNZji3qgXOA3GNe111SrNLN52KYJQdAOccU/EJyQjGS6E3etvlyM4djy1lTxtGu1uKTl6Z7CA3HYogtPmC9FTxF2vBf7QJRfSqt8OJtp5o56pziOEoRZfJD+VZ6oH83s5ppxcZ/psa4CN4Pvfiqcx4KnBVi6m15e0NEGOEqW0x4aUn5hOPzT5DKTjhcfRGXAb7ehghTB+6eC52coySy6cqYxt8JKAxnMoooyJEhNa0U6f/usmhohCeQTcPVVLyHNA+RRwyqhTS93AXTSxwzaU8sgx4ZTiXOdhdOttpm6bMZJ0BE7M9nF36bbjgjAi3JHoUZ4rJU8RoksJmA69mr/AFDZNqmkT71rQ4gt1TO0cGsawMAHV5XZz/8A6aeP5ZJqsWMkJ0ua8jZ/mtPdfxJpL/hTu8qOiOyC4kavTX1Zyw5D0TcTXizTytqqAZ3DcLv5iiQwhxwjUrtNQNvDcWSwutYljD+i7D2Z/wDKW/Yr+z2snPu6rx+67O6lj3d94f8AcKo9vLdP6hdo64m5fJyb7o/il7fEeJVZ72zuQ9ow/umPrOOW80/+1MdkqdQHm0qY8wVHHxd/VU+6qcOXJNpONVxxX3wNJ4I7/mfwWllEdVnmnAdJ2Zecq0zOwgXzdl6rDhhrXFowhzuIC8gxK3Dr7FBs4b2zIQnu43TfW6E0auYHlKb80RLM28RqET76o5wbpBTYp5hkzstsdm4ho6IQ9gxN9Nma0N1L+XRNlWRTg3u2Y3Ep/gIEBCYzkpuMt52UTxlPmfKqXhdiamAKyKO07KFR3RpXZam645iM+q907S7f3VajTbxxYj9F22mBwIdP0C7du8KdJ36wu8qsf+FRMUi7nqnRPkDrNVChX5VXPxfsuxDs7MQLe7ZLed7qoWHEYDWAH7L+91B/OuyV3T+UrsFaP4dn+kULB1kWtHMpxDm5QE3cr7zmi19cRVWlUd5mU3SR1WGo02Idb6qmGVKFTALyrIe+G8BzFivK65Q/EY9ojmNvh4J1h5U7uyT4X6HrwQxSBivP1T3d2MgCqWLuX+8ti3omGqiaY1xgqrXdTLj3ZDjku1ONRxFiZhq7Xal424Gb19LJ1PtJzpipTHyXYqTSf9PEB912cNj8z7/VdmdLhiDm1tDywqjVawkwS8OH2Cd2gaQQwrtFQOeYA7r+qr3ibsH/AMl2jC6nczSNoX9o0I5h4/Rdv7Kf5nD9F2vsp/8AU/oqlBw5VmrAZ/8AMZ+6Ax605blyMqgfoqTgrLeCZAqukhDC2IhU3u6BU8E6uWNlZlQNAgwWnN0qia4neEE5Ls72sndZBsmRYaKzS8wrubP3UQREIbKTndAuzvVA/Nv7qiP/AOxn7oUx/wCrT/dVGsy3muBPOITMdV7pf9gopsOYR2P7sdJXaKxOsMH7p3aj6MCo9pf3bC877RYeioeDwgvg/MBdhpYdXGu4/suzdiLNHOmf+Yqj2ZscKTT+6cxn8NNg/Rdqqell2mqf5ynF1sQk8FZCmdZdnnCwtLs4XaKGEFpLN50jhYK2whxLhG9lObk64tLhAPQpni1iCqlUcsS7ZU7MWTiIPi+q/tftGPjib+67Oy5jXhKpU24mkTdeGvOLr6KrY8GSiXOkj0GpR987/wCor6/9fbY3G1+TZi6fL3V8VRpPoFi72ctIVyw4sPJDcqNxM/VDTgNeazaY9ma3Zfh8zP4VUFRob7s/mOUhe974jHSOZP7oPp1KmYfoNUZpnxUihF7DlFkwPb8B+6Y1lp7lunXquxlvw1BA+mqpUhHng/ZOLnvu5x1WSDgcJ7ppjy5/NDK4TDjnfwt49VlUYD+icjsYOMkwrvquyVZjDwbf5pxdtb7x5gBB2F/hJVwmNzDTKj1kLtRoNa2CwbwJ6FdqqOGZvh+UKs+35iqzh0Ti5Ut05OKfh5BOxDCHA9dknnsumoBNLuMBN7tupcjiL3YWsHi+SIcaoJwjQjRMaOV9jveNq4S3QjJHE3IlCWO90Pu5PwNoy7Gfh09iphDtIlXg5owNSrgZ9F6HlovE+7MXLNUaBrScb378jRVw1rfIxoAjZffa3rJv8lSxYGne7vEb8FVjvjhqGkzC4a3GSdOGR2jnazeuuxuNzRDW/wAVl2Kn3X/8e32WZl/oLLVSe4eHW+SNSfRU57TVM/3h3D+iMk3JO1gD/FiVy1sp3vP8sIb981Y02tj53XnY1302657XROY0lMbUqYLViOOqvga0T9dlyqbarTkx+h4p/vCZBXaIwGTgYLtW606BNPealNTsMZDkrtpPwnoEO8YRAdxRADKdyTmZvdBCOqOy/CFSIHNEK/NBEajF1tZVTWFN00qmRjgUzK0qGhPd0aqbvVeJniVmmcXQJmLqhDKjQ9vLRG2N2DonhPthAjps+SpFzuCbhD/CjsF6hc4/OEbME1OqF/BR/wD2K/O77bf/AMlseqHjbdfG/wC6EVqu6/oMvY0ML4jtaH92YpTpKa4CSMR6G1vYALxicPlEfVDffYHEYnjCYS193FpcbDPVNh0RTpjwsbw68UE7u3BtrA/df2s7Dh/JHyyTfdtplpfzJ2Xx05AVHu3TfeJXlbtfFUHcZoQmmm6PCtYE9E9zXzLN2QEIccTo/VAYHN3p4ZoRiAMcNgQ2PVy6wCYBFhyUB8x8rIRG0qL+ZOxMBIB5bDGWI8kXf3l04sRmWxEwpcTcoQOsJ/hs1oyAUbBsLQ2nJE2BKeOKqh4DiWdCm5IIbJwAxPNDE51geai0FvQr06JzGMqGzMQxWtkpIbOCNeqppoZhbCqmBk1qY7+ZQABJKEk7KoZWqDugfgbx9Vhfwew4hG1sMFJphHDQ8VVwzLjoEIDbNAWlMW6k7IKh1OpSL8HNiOTZR/8ADvdvflPEIzjbjPC/BZbLSvLda7R4vopOF7blOmOATbalOw8wiDYAW4I4BlTwmOvzTcNNjAzvdIFz8kIc65HCdNmRsfVA95OH+aYhfE39dmWCFAioJI/MuW0FeNv4buHJOhbx0WYTZxbgYdYVMF1W8poCyNTC35Zqk6oBm7IKk+kTli2ZNlx9AqUNf5iYKPfzLniRLDwXjcZcvM0O+fsiydAPijhKbYANZPAKPTaJQjqimi2qdHJFxnRUS3H4ZVkJaXXTINJ4MjgbbDhNyUVSnCIn9lugowpcU/CnF6pjrszdTcB8lIjNeJ32CpOay4q1D4YTN5zTfa7ACAKlT4RcSrjjsO5De6MeWFWDQORWIt+UpuVMj/cYR8ILG9VxWgjZExjwnhzTd45Qne8LJcBoeHsZvv6LSFfEwFQBwGzfwneHDmnW4RP3VIEYgXgWHXOLJuE66p0X2A/jd5PpiT8W8MRdnqskNc/VDEXPL55q7iBKagj1T3ji0JpHCVLWnPostAoOIQOXRXYJ3uZTGPcN5uNQWMFsNsPTJfhNFm6INayo2N7joQrwv8tpkp29k1NJ+KypYnDzK7u5bji/GEwpwaqrnwmIBFSdjkwvPNMDUUVe1uuzGaoNyDAbC8TX4bZXzXG4Rs3RDcqCHIbKc81YqoeibPVNj2fMIlGabvurOqHA13IZpxOzy1HbB/l7d0ghvyCM8lVi1mry4W/WV4u+mfWUD/eXlx3dGzEFAt4Yl4g4ggoQXK4aAgExxEHDih4nb5Qs4uFnReR6G+3zZ+yUbf3afXJN3xVwv+aGqsd77lZ0n5dVcu2fJM8SC+BXV26cQiHYXCeip97TiSWWuuxtfRdY0406qnDIMuLcIE9VTGDX90G7v4bjoUzu2vcYYMk0inVgNIMTGac0Nddznacl28E6iFSZD/HDeCYmqmrJykuTFCO0kA6hEuIdmm+qIVFhYI3Ish3TB5W2R3ZmEEQwvyJVb0CPifBXkdcIQ2BCFS5JmPDzmUyXNzr6O4e3kEW4G+EAoR3e7157Ys7TomOa8QS3qjkyPkY2i7g5pPRdNk4y4YW8YCb3mIlxLOfJCazqU4T/ABFCiKZYHCoM8UTC0t8kcrgI57QSKtPHsyJujI4o/jst1bfa4KqE7EoCrYRyRqv6KnUxFpcOMAgfqvw8UuPxWtsvgqOD28pTHFwu12HPab8VPOVkTNuandELwNZiP6J7h0VV/wBFVf8AQfoqpeXZMi68PBWnxBVHZRdABVXkZBrES5wMX4oimPjKe3CMnJ5PRU55lUwNhWRRhXNFmFnV2wKyzCuTtKqYQxslHE8NsvECPunNGLxzoFME2ssmVrn1TMQPjamYXC0Km44mkWC7PWh/5dVRcqRTT8kHfJSNrB8hsGypi38cEZ3m67wMfHeNaOA0uhgpgQxnBfqj9Shei8O9MlliFkMG+YA4G6ruDsZxNIlVU6S2Wvk7xBygckX75kl2ixOM3KkEWiBcc02oTrJsmBXE5QFjIF3TKpYGjxQnYcJloRN802ajDIKwsC7Qf5U2s9NwfxFdo9GhBz1QaI5ILRtRvzLP2T7dmfAZr/1fZb3pxHknGxsP+y0eVrs3Rxdr0Ru5GQ0lqEGq6G9Gp0KsbZZJoKiSn/JPKrwqhezQc1SiE27r7GqyfGBsgewJLXqyfZ7g4+idJ2CUMJ04eqfunIQck8tgkfJQ71TfqE2AaZ/RRhGZVTG3J7YiyG++2GP1TsA0Rq1nu8QFh9FRb/Nf7prR0CO1wTx804KCvxKVn8+B9Vk76e0PYE+6db6q1xdD8dsE82p+6A128bBHLxVePTa0lMT/AECcSqRLm5EpgIUBPhOUlUg94cW1J0KFNpGghQnhVAnYkxVA3kE6r/FBhOAY2oMTYvchGE/e773Y42CENbdxjRZ1HSs2uBYeQsfuhKGmqq+iuCZRIa2wTtrgnIkoKJdp7Ik/FqjuwQ71T8QBsgoCqWUm8St3Bit/D7HhkY2aEc9jsL8WR+isOHDZ8JWTswi6YiZ0XmuegzVJuE5PeMgnAs0hqquazkAsTnFNeZVM9V9U5p9AmtcT4S4ndQjD4aun9E5rgUzfZ/zN1CPuK592eef+F52EfMIWCgljgc9CLqqGYvGOKqkppeqCpgJsngmwHeFFORWIYtcNvmqfhbGf6I7DhxeIA5qrhVao88AqT+rzCqtZ9VWcfomY+ZuuxvsSMmjJdjGDPxfTJZgsPyN1MKlfF+IV7t9QxUZ5cKrR0Q91hwxyTFTjqnAcvYDj0WiOeyyuhDhYoKyKbJTAFCcnbBzJQ/zRg6gITxXkdbpp7FwWN+yHFpKzZdarRoHzO0we02p/8NuvqshoQi30QgfG6yOJx1lAGdU4wjtGL0UtM3iQnG9jcrOicN+fhPzsvFk8fmHsuCqhPlBxTSFaViKanBmASjIEEHrtb5teBVXFwTrTZMnmgnQnOdtu5+S/HpfiM5jMJ7KdZlr2kcV2lrnmwDQSnu/2lVHOI8oYVQw934cV15nkwgg33sY/ROCxOQvqqnoEMSaqTnTlAXZnjqF7qM5Xal3fUqq1s52XamjEPChv5H0QTsIVTEghZDYYKcVlzuuPsC+N5ULzsv6LUrOm4tPomsdiGbhK7VSLG/5RbA6LIPbK1WmSzc/TkNnjqnu2euvyRimz3ND+ELtE8VUn0au7d/EwBdlw/wDmM/ou2fyPVAVG6OY791Sqs/kn7Jrz/wCm79lTfbUjD91h+r3fRCw1dA+l0WqoO6rNwVm9bT6KpGOHEfnycu0NHoT9k7vfQhCAiU2o75rszvVBlP6qv9EXPR93VEtYMxCpgCq5xDtbZFWDrYk5r2izsGTmlTuNwv8A0QlUwFAVzyWafBa7C1nFTfNDf1emALNolzj4R1Qa4zdxEobzrU3C0FDu3mzg0TI0z1RFZ7XzgPHoETV7SyHyMw7qm4KLPHVKvDSUM2uj5IZtafop7uc1vHRMCMTwTXPOqBGEFzrTkqheJh4IiJXZBUdF3GVQptjK/wDVNY4HLDKIGLUlVMTeAEplR3C0Kj81DURJzR2B3d5NIgT6lY34fG3O3oqeN3+kUx7abjuYuHsarl9tuSPjE/7jsbB3/wBFqQAoksaX/wASv3Ju1YC1sYiN4/VBgbuOFVv5vJ6bD1W9i3vmpDxFp4p0FtMmn/E/dHyVIVqZEujx/JU+7fzxD91Tx/8ADdJ+RhY6fHGw/pKrh/5WXXYy8DiP2X9nuaPy4/0VN7f5qg+67PU696SgWO5hS7kmEeiLh0CD3pvd/wAS33HyhUXOLso/VOc92qoN6wgAiAqgRL+ipJoLjlyCdhHBXVFy3T5m7SGtYJqVHZAKoKlU51DZVmPcdAZXhe4WnXit2MgnEE6q7qNz6Jpmp5xpy2GCLgozsOu6E4icwiAWMOacNR/yq5wQfRfB9U2ATCqJsvsKT+GJq3cGkLEWs/Ew69bJveMYZLeeizKCaonmnhEqbifRCsbxaAF5ONth92N6r04JuENyaNNmVAACMzIlA4cjIshuP8J2kGZniIWjo+S9QstNmTgPts0cW/Mf0R1CG65270FlU7s1BxgFVO5e3T9lfGRVnq5aNcfohi4BQ7+eCqRc0RNw5ODXgt+miqxwXaWx8OElf2h3XENH9V2rf+KDP/uVR9XmQF2aVTDVSLun/Zdkwzq84V2ilS5Nly7ZUdxw2/dCrU6uXZh1N00ANzKwnC7ep8k4XswCI5kqt8lJQAVQNHJVHOPJUnnnkqceqcAn/JXKpBWjKEd4udI0ViimYmvs/wDhKoNVMBM36dwE6ddmrX/ZW5+y6L7jf+uOzVhGXBThbmf5UHbzsJHKU7Yb6p0Y4n0EJhPFMI9YTQo2PRmzT8xt0s7oVem6zWYjF02XVPEtUPG2G/PZwn0VNz8JAkHkE13d0pwsLpzzTtx++Atyn5eLuipNeIltInEmRTAcaoGkBNOB+KpTJGeuymGBrSyk7iM7omGugNhCA0QAEcsl5cLvkdjZqPT6b3C/dDVdnc6PiI/dUxSqDCGcIHRf+MrasZ+G3+Lim92abgd3K3EKoPmniJDp1sjn4gquFdoqu5BdnqO/Mf6rBS9ZXaD6BS/qSqFP5IAJ4C7QE4vPRUB1cUWUv4Qu0uPJOe7mmmeae1n9VX+SJeqAPVU2t9FZH2icNUYhfLindMSaGOHFYj+YCfonYmuyO2y8uqu5x9ixVXDUa4vZbLiCiYbcfoFqnFvNpVQzxRxEvu7Y0qnKaGngijtdDeKl3RDyN+yFkIV8NlJgjC3mVDHAiGF0fRHfEYmiLT0VsBv0WTwD81vVm/gU/iB48k8948y4iyqd5a2LP5qhTfUa38UiSSm20umxxTO8p9ob3RGfiV6kbvEwvKbdEN3DDjzViXOKzOzIsy+yws5Ko2mdVUa5w8yeFVJ5J5hBzznCp4Z4pned34ogfdOdSq/A+W2Xd1OpBVNjeSBP8LT+qD/+X9SmuPq391S+ZRYz0XaneidXqdJXZ6nVyc2n9V2g/wAoXZx2g0/xK1aphYDwtmu1dn7Pyo0h93Kue116dwKp15DJDfPvI6r5r6bL/wCCJNLTkUf5ShfLDyR6heGWx12ZQifRcCfkNrYBEP8A4tmqgR4lccFZug26PbK4rXVS6MpXwjaMTuCY2OIEK4zaVqvhHsWdhlk/E24TgJ8WLMfRPc1j92kRwaOCLawjJufyK3v7uwNw8ToEcT3m526bT3dSQWvGhau1udOdgqgFSIfz5p96b8WJOxDSVCqR0CqOPFUnuVPBiEgckNkDCGhh4apmEwI1xXTO7tEnJVQXhpw9VUzidZ5IZ5TkFSp/7QnFgOQCc8tGbrorteDpTJXb6pd/wyE1vaMIMl74g6bpXZhiyLKQDgD1XYXfzEBdlpDqSVWbSDjv4GCzdeKviMUwhgNJzXd5xk3lVo7M2pj72Tfkh3k2pzwGRKe4OqODS7NXwAD5f4hEFXBy4OCp7uUqZyCHu63zxrJoUCmZhvAcSmXtYm2SGHvLRtc0B2WK10wCfMiHFurTIVi/Lp7Q8s/SV4g1zv8AbdGZFlfyoR3uI+gsNgWqDgXNLqfAgGE9ok2aLkdVSd8IdFvVVnudygD9VT76no5ufqqT2dRC3jq5Nxeq0ENaMgNmRcHO9FRefRUY62Ra31VdqrBVR8lWMDKE6o5Uqjl2Q8pVBtIcbIyqUpsDWELi2KYmNbqoyj3TcNMP83qnj0uiSqUmpeo6dUAEUCVdYWg5SUypUh29hILY9LosbItjER800d1XGF8fdaeF2h2021CLAnP6KA0ZNGWyiamHxckJ7RW3BGgWCnGQenCQ9stmJHRfVZ6FaOn6f4ssbwAt81Sc5oMtefL6ap0tdkRkhI4J729yZDcwrqkRObkHUMRl02OBqcCJMcfYccPDY4niELexCY7vu6jL/rRTE3MTmIWTMzyR93TG/HDVCGUGCm0I4Q0YqjzooDfjW9VJwtcvNbFyGatpPGEcLuSMoOlUHPFRpbdMKsiSuzd4ea7JTYnMb6KsqklNsLpyqreJyCYEAE8SiSmEqkmgTntEISeCf3b4Pd4viGipYiOUg+qoBjnAFzToU1cYTy3kgHcxZf7XKG9ExtXjN12enTdydhWIdHLtFuDmz9lXqE/laAE6s71hdqrdjmz+a/tJ1QcXF/7rtNFzvzYv1lGcMidtsLXu+TSj4mt0PBHPkUT9f2U/7SsQPRU3n0TXJrk0pjkCEw/RNLRTFz8RKuntwHebfI7RafsjPBN32GPQr09kbDAJ92OJGfsNLncAmGcOCMQxQjvnwtGZQDO03a7qpZaP1W9UqutPEq5N6j9XFeoVcNwHFgdwVTdaInkn31CxPVCLQqACa0IpycU70R2CU2W+YFP9FJlxIVNUhOhUBb3RUig0Dqu0AcgiXNb5uaMym4uSa1MyRj4QEAHYm42/Y/v7GtRzVvaL5bKzGu4E3VZh/mCwES7C6AfC0aqiCXjELA9ckxh3iJwNvkqQL7yYm8ckA0ycTYHh9ESGvp+Xk5d4f4lqpy12mG3lE4XUwY5I5r0UIfzG6ah9EDsZlwt9k23TY3FHzhT0TAR5hyTPTYJJO9HNdpbT+LHTxFP70lpxWgfLY0uPJMwnnt8NTNPEp0Efht4zn7Als7wVK3DCqYpuPLXmU8FlXI84VV3eRFkHVawEU+A5phCaU2eSai1s6uVRjmvMbhlOR2DomyhCcjKpSeJTANl02EzF0T3Yz4mhNJ6pqH1VMICG3NkDjrGGshOxGoPecMXAJxDNKIOAfuURSZo1oTWF31/dHemLLUQjmxv2R2ZitP1VQQ5xIY+Qf2TARxDgm4XfdNx1qQiq0Zluh9EI6p9RjfyrtdRvCQF2x1uTf2Xaz/tau0/8rVWLywQ3T7Ilznc1+HTGHF8XEpjhTyFWDBV9mgTnSKYBaCqj46on5lT/ALipPCXFD5EofdAJqamhARqmj3hOD1XxKxUhw0Qw6ObOvFPgPbpxj91QcXpmE6ppFJzsIqc1MOuXLIbMv8Ctu4cXJEE8AqSDWfmK7U0uOeHIKs6oKdj11KbPVMAfVs540aNhCdaZVRC7H4hU1vmgSm7rclbbp7GbUAzvMOIjmnf1WcXWQUbTfyDh+YrcYB7rnxchPvL/AJRFkZTv4ncE08Z16rjiqFQALSV4cAHyz22FQw5usp5+afPW6DD1CYxjh5hIVWf4od912gUpJwjOU5na6Rs6jU59Cv7Nof8AN+6/s2h/zf8AyX9nUB/u/wDkuw9nb/JP3KAYw+JlMBk/JUvqp7s+UkwhB47PDjGJNNl8v8BwYzVxVUPw5gLVuXVGROKNIbdXJu47bznsy2VI7Iz3jmdDoqDLfZWa6ZbwPt34BUXhvSFmiOE8s0+oXDzT+iefDYBV6Yp6sIugMdQQ56IIVQok+yd4+BoGZXaPfm5DRLQoqUqhgVW/ZMBVh9lfnms/Yd+NTDnUvgOqfDcWvB2iGDE8Cx0WbsgstTt3qtUwynxVOSQG4cgS3MkarL4eidvPdinomkazM/JVROmETCFV7navaB65o/iWc/otM1mGDF1N9l1o/wDTZba/uw/dxc9EJfR3IBgYgmd1Vm+9OfTZm7/qVDpt/eHNnD0ans7UXH/w9RkHCBzHsNVMph7ud/ot0fJOR2HadhhtCLcynQ9vhQ8bGv8Asv8AKonD/E+yEu1XpsN2CaR6IX2+PBiaehVjCz8p9sbwO714KnTpPdOKZdkjLqYE+qjGacqoYTigm72gQFPGN0ozTqDdexO7yi7wVf0Ps3GF0TxhWWdns6g7MxkrcvaqYhTww2E3eDDh+a8R9hm8PC/IpsRZjV4jmU3vCKe9PM2WKi7i24XaGNjzusqjqx0OX3TcuayLxiI65bStdkJscTseGzk3X5KkavZavitigjWFTimDjeGjACcgh1VFtPFBNRovI4rdY67RxHHaEENsbMlHsmELzl9Ngg9x/wBkM34nnkBZZa7dCQobhEucUXuceUBXCyyf0TC1rhLb5hYtzOCEMXNNtF16+wbjJVC143Nxt/nzQmX3aUwWaRi5pxNGp4XJmJU24MZwmVTpQ34c1Z2pQ327wHB4/dXY7xNWmR5expk7geK/tCp2QNG9SpsknniCNTuWeOpV8bzssM6juDVZliwciPa8ZiFnSAE+yBJ0Vzs+PCOgt7DCMTcTMWoOqFw4ED/AqFlJtsQzctcz/VON9AqcVIl2IwB6qxYYcOYRPdMgYAYklCABAH+A5ocdJur7Cvn7DYVzdjh9Vpe5hOaWvEB4Nk+9Tz7YXEo2zjYyKetR1gu0NrUqbhiotGZzglBHJRRr/wCoMnfxBeUx7OfBMlsyCP1QOcknYYxM/EInebks8iF2dz3U5c0g2IVHuAbAFERO7h4LNgOMcWq2IYo6qmH4LAypwN439hhNPyuVMvDrPCx0jpcFVMT6huYi3BCz24SeY9ppcfKJhU20T5ZdcoieE7f9quTmdgw814anvG+uf12eCqXNH8ux5qENwNnQDJfGPbdvH8c8B8K3gDcZLslOWk90Q3dexzThxA6yFShr5c6l/pOwG3HCdECyp3YqdmfxyIHoUcTHOkHrcohoFY4nHoFUF9uWyOeww+o7uw7hKfjec3lVnPbUMFhyHCF9E31XvKpv3Tf1VI0wfM0z90cbXXY7YwVSLd47L0TjbwjIegTfVOLeQQ7xgOeonVeHOm7i3QqFZaOM7ajnAWazRANYAyYy1R25OcT/AIPle4fqm7lazh+cfujDawh8BEyPC0p2HFdtPUp3dMNgxtrc0M1NhiquPFa7bjUJow6QrOzb+ysSd4DIHZevSvHMf09luLXCqjmA+RVX+ilxObnZ7Ml6+xnSOF/Q5fXZPuq/eUuTTunbdtAEuPpZZrX2DvNZLz/FkmsZh/8AuuPKyaKtU+Oq4fbgoaKdYuY4C4g8eCcabnthxHRNdWqU24QHu3QBpA2avLn9clI+Lojia15a1x2FZ8c0VroE0m8g9FU3bCx15hVcdGJjwicitEfRSCahM8kDjaJLgXKwDPuSv8tjnD0CMNAmoVR7tjRd8+Ir127zuxvwn/hvy+RQ2XJMg+xlbprcoRbdHL+u3X/BG9iDo5ZLwuuXD6YU4sYqnfOGQBxI9OQ4bPC2XH0R8eY6JhdzQgjMewZcy5Zqrhw2eFgxOcNF+HV3mfqPY824zoM/ZOVz7PmYf32bzTjaRylfhn8GpxCdhHxIzVccfoLK6HsNmo4APbliAyuhhq4gKjDllpsGTj9/YFsOGAhBVUMxudDMz1hP9SCoUTohs1swfmQFVzjFEn9U/vBXqjvGAG3SVchfJRhe4yeaDR3n4tswpBDBurUYPmU8B1m0GyM85hNxZY5zCaD3TjvNFoOnpsaX923E+NAmuduw8jKE4zPFMc/+KygaCFUBc7xM4Kg9/E5D5ldmJGuEh32QkjDY6Fabz/4tF5beuwYXVaeMjqUPd48H0naMRkkRnbbRxtJu6JyQbj4Qn93iYIkwLG6NsmjkPZaQMO6eK8MoxyUSB7s8PYeSBk1tvmvwap3RwOoWqYKb6Zio3mvEN6nbIjbcmwC/y2gez5suntZ03FqO9ixsb1zTQ4aTdS0M3cOWSpuFLC6KkWM+zZem3w1PeM/m/rtuojmmBlR1mO0k8VcUqbATxMSdm93byxvTPZA5ZK73fhM4807H+nRfNOc5wa7AeFrqsWtPha3RObhpDEKnJDD2ZplroknqqrndmzZQ/wC6eBB1OF31zTcNBkbvxHRNDKnl/wC6dLvMqZhow2uVJYDukiFiY3J9TQdU/E08OKyJ2iS54ACOECzW4lYDUItxOcZqCx9VftE7h669Vdx0GiIxfCnO700wTwgo++pnE4cb5hZcSngMD7n/ALr8Nr93kDdEQ78VvpmtVQqjCN5/MqlUwxnh/RZuEBV2scM2PBj5+wJ2N97YU3furcdlSDOUJ+LlkrIe8qbx5Jo8QOPmF4s0aji/8SBKGtpCGGnW8o0cF2I1G/Ef6rsT6QbcVG3ZOk+zmfFyHtXQ3awh38QWdMyFOF4lqpydZVm6N2j2gLF+9rsyQDW8BsEhOxe6axxOe7x2fhZz+bT6L8SocNM8DxTsbzm92aN22HRH02ZYHYvVb2P9UfGMM6XsrwgIOhVOHPtxZfkVZo8TljqFnK0nJHqm0+z4gC4uMuPVEVCBIg2hF1B+VZnlPAwmtFTKswAZrwseQPntANtU9z+7AD3zpwlSQz4nZr8FhmcpOSMOf+JYOjgLqs5o/wCsgFTc2liBr16kNJCa5mCGNgaNTTzfC9NjX1SRZoE2THQ8jdIKYJ0qNAmUwZBlMD8vxKm7deKAp/xAunpZET8LHfuqWF1Mlr3PtfonYifFw253x9dnjDgQOicXB43uMp4Iya0ZkpmF0DeBtbUhHEDwQ3LYWnUrxHZ8Sm2my9S9WPytCz+HUL1BVpzC+WyJ56IzzOw+xVcykw4WtZbJPLm8CV6LyPseuy6HfOGZyah3bjlJstF6r12W4bPBvfNW9kS05qmhDmuLiOq8TXknpsMA+J3AbfVNL8Wo1W5fdbrOzPRPHYeyEipUqvbvujKycN4n1vzTaeF53233UBGPEG6ZqlT3gDVbwdwW7VeYcyZT8XeNkLwi1QcWoy3G7CeInboqxLI92J+LVbzfLTHmP7LszXfliV7p9R/4R4JoFX43byf3npYeicGW8xVen912dx4OVM0qLYvV8519FVphzbNbByGiZhdmHaFEtp6D90D7ulvcCJ1VMf8AQwqw1W60swvm+WSy20sc+UPbPylNq0OPeNj6oA4nnGDwFhCplzDdjDoU+QAS1oEALJD3YBdU/hCYSchAtCBE8UfmmPqHiAqTvzJt9E29Frm4HeaeCqFmJrTiVdrX1ILb6zkOKd3pxNxaDOLBFf7/AG/KCZWeuwTiJaONlutJmm0/XZ4mscWn0VZmL4VSi3lJK8RptxfLaQ0fEbKdmdOpn/EPZd3VLQ5k9FWLfie+6M4RcrdTiSy7CmyvG4n6bMvM46J7ns/MIVaGjywIWGWuxYwvnsMMH16qKXaaYwBuQcAuyzhtIzVSnUwxgvMLtIqAvOJt5ATxUINuqBLX5P06J4qcKTcvUrccXYTT5RmNmTYxHqiS48VZoV4yCY6rVPgY3Uqnunw5FeHgqxqEaYU0jmgWU+Lhn0VQtjwrc3BE5fNHvPysuVNCKkzmck4VqUCS3McyFanUbhcfqsfcYZiL4VTk/wDWgWJpqNhwfxXFCdtZ4HCbKJOx0mnMO1ve6rVP4QIQO/TjEc7myJvmsiqprtiQ1owg9SoZTA8OTVXpsw/Cxx+pXUkobj7OrcFHuwGN6DJUjVJydMYeAaiXMJEk5xOq8By5/wCBk4Qt7iqfzXxG/Tb5xH9E/DfcYfE7osTnTFNhNk4uubnPZ4abZhPkfT0Cbi7OPFTm8fZPlj2y08kcPeeF3AjJZix2+YwnhggYfSyOIHggeav0W5908O/iaCsLSzgm3OuirAdASoI0cMtjHYeMGPY3WNu9yc42zcZPz2PNGjdzqjx9leock23aRvN4DRP76k12+dcPRcMXy2asZ/7kbTZXGoTd7D7s9M00FgljWau4wrcivC8S1ZIYv9Jp+6KKpl9Jt2lhjCqD3x8UBWkbrBkAj4rLRaW9M0zBh8VQ2nqqjnxvNcxuRTm12Ezh8Lvqqbqbxm11tnaDQbxDZXbqrpALK7QMPqjiDXQHcUw1DrGQ6ldnxx+cH6LsdRg+ICycCXAd36HLYYDWlz3KuQykcLAOEJ7qitTJ94OSBOG4YOCogxkDf7qiKNTyVmWhP7ttM3hszzlF5JEubhuZ/onTRqgmlOhH+A7AOaptDSZBfc3VTD/CAE6aebSc+afgPwvsrjjsnuql6TyTDeIsnuNCmZnWEA9/xzZp/VODH8fKnRiwwfVb9TzSU6n/AObkFZsDLZZtSKg/mTmuDso2aNKESLnZ6+zMZFGAdNjO83sNMHIRqURHw6KmGFkCsW5Gdpz2DE2lu0mHV3H0QPdVW4S9ud07vXNd7unTEi2pQI5HZusqEh44GLLReLuXfVMLHcCtGq7RoqR95+bw80MU24J7WNPhGgHJGWjwHl7E9xkCMyeSoZ9ZQe+g7P8AKea0VlmhLS7DWL7ubpb1Rc+pQPeU41HBNJwe9pc2OzCERHc19Wh+R+dihFSkYdsLDrJMJzKjRJq3w9ASq/ZWgeGk2oLKm2oPyuaV2eo3+H+ioBx82IYSt1jjuA8ESajpxO4q+J2yp3LBZhiZKpu7SKDcLnU7AcSmmtQ87PMP3WJsmG4xhv1QsWNuj3gpgNv8I0KZ/dyyC3CSb8bqMbvw38eRR9mDUb+JUOnIJ5e7idjC782nzQ3OIy2GaJ/FZ+qdbQqHOP47s4HDqhhc4+8srQn3ToDQTScdRq1H3ZJkdUymY0jVWaPCgGv+LmhuOp4Z5hcp2WxG3orjkqJeB5sh9VRNCbuqVPAB1XbXl/5WiPkgO0szxNsfUHJUXUuBOXz2ePvcbT6X2D31bDc8J0Vy2q76p1tOSJgtBnmMvr7PCanV99m6OWzRZu8PUId0Wuduu5aLwtb7z9E7C0Kn1cb7BiI0KIxcUcR4lDoeCu3yuQxOOfADiVHaKmd/CPRQAMhoiimBhflVp2K97Sd+HWbkevDYPzMcTOYuqlzuVWt5/wBU2o4DG0DT4h9E0+4dUonoN5q/D7TSBaOikAxjdontFN3msY6yu0N7qGlgqHC2dU+i9pyLFUcw9bKvWpO8rm1DBHJe/rUnh1LtLs8Pwnim/wB3rHL4Cf0W73QxV38EzC+mPwx5m/vsIhjRl9U2WVKxe4xLip+G1kIa4zgGVkZ4tK4wipm2GEAahHvA3McEzE4Z3Cbg5k2WDlmnN920uyOiudTs8IzHFP7qk50EjROeScqk5ei8VIx/XZDnUCIn4SvM9x+qzw2+ezwk73Rb5Op06LxYt7postg0kLXwu1aRqhDqFfCUJA0RXgPi6DROwAeUWC8CEkHDKOEkeIKpixU3QcxZBOOKMLG4ZF8yjE6uafqUdxlmJ0Nfdo5okDWUMIOL1y26LUp3d12C7NLcFkRI9dn1W6yrneb8VBP+qf0CFLvKl6r6us8tQVFRr9/Fj8LRoOKGEOO63gPb1yQ3nYnv53hqMuGZ4larhfZZuLDP5tCm3jEz+Jqoe8w4ptl1yVI/juby8MLCxoealP8Am3gqti+mTb4gR+qc8hzm1Gn0CqNZhvSxa6R8lUDsPkDkQ12hKqP7QfEGeJwQju9FbgE064nfbb+I4tD5vktUPdu/FbwPH1RhH33E3zTy5wgCeG0zb3jeCqDs/Z/K8iSei7a/E0yN0Qne9q2bU/LxGwo71P3bvTJeKs6/Rv8AX2C3eEhoN0QARHeHMc4VTvG1xhJOeJo/XYYa6m4TzzCqd3aXE/VBzTx6/wBE0g8GuVPCKpjFsy4BAtg3CLcWgcVvOqE44yCdYXKsKtV1QN1w5BO3g4NDOXHZlBlXwnWyBj6JzZHhadeKouxNzABW77p+HFbRWHDaJci0Quz0p8jhJlMY454Gty9Smsp1D5T/AFVJxqNs6kAvdkWIdoUdIaQquBpNqp06pjK7GxhrB7TA5oFjm56hV2/VAuPSPqUcOIk4RkFxhDfv/tnbb4nnIBUT2p0ie0uu35LB2eAd7QkcQqmXw7TBe1ji38ov+i1256KBxUuJ+I4vpYIjBnM+b4YjCnEb9SsGjOGvH6KnuVaZAcT8N/1Rb7ggf7HqsDutLANTiyTrTus0HTZdVavZu0ZFuc+qbcHeVPoV+JVwjDwYL/dbtGJYzJzufJYqD9CHYgvDU3MXEHI/PZvteIPRYXMcT3G9vPjkrLUWPPYJKIwuwjoITfdtEMjksjqvHTqwD1GzRefeHovBS3GeiGJzsgNhjGYkrffRe1wxjws5fJYXOF3vxTcnVXcPEdL8NhgDNNvssqjnM+EmQgekoDptdiqA4A7j1W6ajC0eoQ98B3Xc6yFTwtfxPDiE9tCnxzJ6BVv7wdaTt2VRFOTcvKqA8QEKdOmLMm3yXasTeE3HzVTF30bvBo49UWsA8dR+QVao8uzfTwwPRO77s5Md4MweDgjGPzJ27COLuziDfzaJxvmUZVXuwfCDN14SAJ4xqvhuVEu3SDcOxaEKhTeNHURHrEpvdjQvIErBBsIddUjiImJH7rC3+JyrY8HhY3Ic1TLqWTXC8AbfHM/0TLjwjQL/ADLOrOOnAIF7aZ98f123xU2MhdBszR6NCaKY/Mb/ACRx93EfLgiMAq4+d24ljFdlLA1gG7fPEu8IYKkg67qpC5qWd0CDW4aQfu/m9giRe5hV2zj93TnPqV2am3+UKm3FRfLx4cTNWoYD5ZGimZXipPxNcrNMH/cpcHeWbLeEyPylfiNtWZGfMLw5Yljt+UqpvimcIcCD6JoeaZnCcioDXwck/F+dvXJMOHHLj0/77MpujLblnRBt/ErFplpUMpO3sPM5hRGi3wSO7qaj8qGDDRdZ3O2xo72jhrMd0TAwARA9n12myGWqN+zmC/iDkmAVHZvjeVy0SB0WvhR6LI+LkvCwYnHkFMk+7HBugWIQiHHyDWV76u8l72U8xynkmgYMgLn/AHar8M0XfMXWTg0sA0EIriJTS5/AIxVzt5Gwi7vcJY6noMKzXJeGgDUPU2GxklDGRkBkPVVA2fKNSngSZRkSnRi1CbhcHbw9M9mSuweMckRE+FvBO97PmEjb/lU2n6I34Kw4Jsudp+6PeVou7QdNhAhjblR+Dh7zTGjeBjeCCJJFl2wVe7ZU7wU74Z6JlSoKtVz7/B/2QhopBv1O1uN+ccuJXHdXZnHUSPsu0RVGb4JBOoteymcdnhxj6poePzQs2eKmeHJFouIxajiu0BzmgAuIOiaWjyPF2lO82XJQXVHO9Gk5ewwfZOxMHzCE1XDxnRHvMYh4JzCqOoOf+HfEPkocx3gqtyKZ3jWEQNJKoinmHuaFTJp0/G7bq4JxwmN31WYWVelgPzHs93MD3cd2Q78qqSfNTqnM8iFTNJ48p9i75ZgZxN0Z5rxVd1GXYA0UhxCj+GE7BisX6wqzmMfWFJ4GTgeK95RoNx05F3JvVrYcP+VYmUxamH/UpmHF4yJvwJU2y0hWawNp0wfzG691/p4vhOSMym95hvVOnIKkGxyR7upTEVH8Z8qJIzhV3TE1Guv9k6KrmzT6hNwd4wg9W32YaA53d8kwuDGlxfU5cEc9OHJBXJyAU4qdhrfVUwPDvNbGRi+ywVPvMOcET8l2Z0g3nd+6ZSp4hbG/L5Su0UW894/ou0vrk+Vowj9VSwnLdElUKlvE4tyXuqP+of0Cb/E45nqujUe7E3e1QTkHa+qdu8VU3ToE2UwJoYIsBs91R1qu/Qap/evrGKtU5xwX4VzQw72JqqGpbWxH8q92cg/JdnqCr5rC6rNFYluKk7x31CKjecZwmb814isI71hwS4TiGUBNLQ1r3PdzDbe1qjLj4th8LrX4reY3PFeSEw0sWb6e6q/fTIuOCsO77pzR908OdSE0w2+KFDKTPFVecLZ4dUQ5tHec9uS0b+q1F9lVtLrJUEPEse3I7RJOQR7qD7sVDou7rN+yqf3ln+j5x04oQ4ZtOwxuQ3rs7X/d6jL44+xRL3O1W6zN55BUcGmJuX3QHauyU6zn/wB6zLEcX95oMxk+qLK1a4c34Z4oWndCpipQnwZH0KaCx3nfaCq7ahxd5hGVl2inhbvPLmtsB8kwMZrViCfTRPLJzgwu01B/MU4ve877itLn1UOdOTuCJe+mSWEcDkU9mIWrYbyY6LvqhPh3Wsb81Qa0/E4z9oXd4aognBBhNxuUywWcbgu1TP5jb7I2jNjDDl4gOhzXu31T7qjrHE7HYatP7cEJabj1RRgcP3VTrAVFzPT9VvDWUcTdF8llgn67MigZd2R1TBria9t/kV//xAAnEAEAAgICAgICAgMBAQAAAAABABEhMUFRYXGBkaGxEMHR4fDxIP/aAAgBAQABPzLeBIo0Ki8ocS5v/UEcvlDROPNR6iLNb5WVkdhnAhjndYNMiqVgBBIwbL1KTRN4BVZcJ33rN1MzxCiFkvYC8Ryk4XMK/mKFYAs251CmClDoI4bEqvfzL3ZtDR5labCGb26OMcwmtMeXzH9Bt7BNuEvTxFy1pPE/QuPuYN86Q7IMX6alKttLp9BBOx83VjL/AEiPNVtoNcRex+X7k2rdzFTcJG2UdQsiVlUNepk9QOr8wVWyLvj8RHxDCAYI5abZZtWr5i4UnkEwSqJ6Rh8Mq9wIZYckNsvXyLtBVqaMGaiQCnn+owUA1/6hHznKxvUQTH8VPy8qdwi+f7RWzAfsMFflaV9v3ULNX20v8RuFXEzI5ivZPRGAMBt0VUvb0eaS0WMFK14cjFurJa2H4loruAMg3uqDVocHTUqTvzqHctaFYvPDB8S0UHi0EtZ2KIwO2XSFC+xcksD/AHKRtXKV1eCDVkMGOK5TIqUF8brMZ357XFIFsbcZfGFi2fcQMTcW8gvEKlEvXd/MSNWmelg08IBeliJSr6sXVqVA/eIVa6WSg/1BpW0G1JS1fuCFPks7lSLRO7xiYA/Y+rzNoAdxMQoQdh9yugHJifFTM98j9hUq2CKkb0fhJ6REOHuyYysrXv8AxTbELePtQjLKPAusvuAI/WjcBjtWw8x8Mp5TafPU7FcgM6d6acMwmxds3PazfKZJ55nmalKjorr6lheCqp4mQPJnXuA4aBsfCO2VrBw9s30RrAte4F52p+cQbS6NIKWmXANOJwoXkbyXKS1CxIjy88kuYqEWLzcLTjVZ0vMZNqTg7WYp45Sbl0cxdChV6CkxfuDkThMNUWTMste6VuKmB0hMTnDqGacW9vggiYVqMMS3Ls+WZO6crbzDVuuYXjophzCGHrOZdQa1YzHvMC1Mdyrd4CBXEBcIXtlQhljuZR3fyjr5jpph0VCoR2dI4CqTUvBWly/UwXY4V1fcz4O2ovlqOo5OGKq53fT4nPaZAs5FN+We/kNXkj1c0K1zl0+kaJwADvl5mdjVahQf7CahZV1dys3V/n3CrwcI4Vl7VlwlhTKirXqDs9VdjUX3MsyUrfxAeDAUGRybmJa4EX2VMX5LEZuemgLcZ2l1/icQ+g3oFv1PiYt/qfmfJT6nsTqBO2rOOlzs5nhye3ZqiH67prlJoDBQ2104IwTA7gtqsA5Ii2qepqUr8DDpQrjqxAKsdRqjy0KZr8pGSwaQjVZybBUQbJd7rh4WLtLrb4l9l3/walhFqTzvQTc2b0MQoJRsDd+2DqbO4q85dNTCG6jaLk2YRijTl/OZdQOJgMeUMsXl33eZZqXSArZ7b9O4dALtXdQYYAwadMdiE++bgQl2uyPpnth2zpCIDFHEXkdsSkaqsg7/AFkG49YDvzuMfVPD2kcWcKNjnEU9Rz/xq/iavKumxZga3BVYpp5ZVYwlO9548i8XHZ2kFrVM7GKjb7JiVpi1L0+lz6zjkm6ig9+H+Y7YW9k/aH1YQGnZol3igFyprEoez/yHVqYfKBjsUGBpA1EJhWbL8leIbgkNkrfgS/4hEAusJsfl/FeYJBa3l6g3HPDDVyLKgv8AUE1Fn/mlPDLeLyh1s3PLU+HZUwhSDjkHRiOeIGf4D8zIjb+UdwJDpzbfV4v8yl8Py+jcu69C11wyyc6wuUAFwPiOXUqGoA99fmeIlstVV7lVIuExpfcuz5GBNtr8EDzrD8xs3LME7qrh+GD52KQvzc/UNwIber9XfzHpcsvKVb5tT5x9LRsMxirFbi5HBeX7mL/ITDdPgngr0vr+5Tj0xnGI8pQIK20/UDu1m6T/AHKz4SHF2zJy1Ve1lQsLx5lNdospWgxWdK7L8XUorDaFd9dzIekm6Lr0lhVYbwfJA/8ASBnskKrvZn7ME53mVtqwDD1HbyOVlLwPMKzwS6PEJmlswFF9z81/KTYl05wD8MfUIQ3ffRlRUlwCRKRYaS3VxnUMbN/B/wCpZBQOHAQgAtVXgVX/AFMy9tPzLqQFCUtVLtqwniN0i8ZIHGiWmjhKMSzdId/FBsOmwbyXvmWigvDSoHAT5+YKXxZFsvwQHt84XEXY+QOj/wCTQca2BtrnP8NWeUEgoVw8q4ZbjeXz2nFDVXL5hLkyHPzNMXpPqYlD5K/Kwrputj+proOAJ2lwrDbcvgwzuV1tEFtfL3GNMQgpMjHLB/sz6TFXOWytXU2bI50NmYWCK5rJcyQ3OHIgz8VrEr07gagH9oRG5auOPwBqHp9gzbHEfg8TkQRQaK53rqIUi5q/fklYxdAhUo1OA/Zf8BTgRBEAPUzKKH96NveE5UeDf5hZ0t4hnZTAlWlF+P8AEryNrfOZZaihRtR6M7hcdJvggtYC8xbqC+X03pqZvzS0eL+JUrW+R2zhgy+Jf++71AulDt6Rw3W2HpbBPR4uIoUq3BWidAoVD4mNwax8lzO0NKZMppqLqemZ/cve8GA3GvEAXV+/3N1M54OCZhr0QfqWc0ZfmZ3H3Y/RP7hOyq+EjqBnwcgjmpdt5BzbeXzUqZfGbD6TfHMDY/TuU4nflvsBn/2HLgY2Xo4s8zAZmZpohkwKL0YVBihxBInYNFrS8RQMzBUOMIt1McuUMveMvhHqkVpsp0/5gjimXhebhdD1Fa1KeIuX/bChKdidRYDq8mcOX2mGLJBSZ4blpdvqBkGPmcqdEmO8ypVUeIwq1qm4DOKP+WWufKregTWJ+XEIXt76/wBR5wOvfmWRwJ+hQS0Ji2w11C7Qj8TgXazKTfw/MKIct0K+2Z8yxjrC7JwhblBu7GAAxvJ/tEJeR4u5crwqa9tzcuxcZLG3srX3/Bqqag6WbnKr9Ex4LxUBWTn+MylfV6HmAmZW/eGK2K4SXWrcuJgbqZajKIcdwHc3JoO4ij3evMDe1nlJxfmjJYiOBsZnX3CWvdTO3jSOirvHEYcInBL/AMxci3rsVmwv5mP075/tPtyqUnClEMrkGlRSZNsN5GPzCtBYL5JUW96IM2by1EC/8mP5mf8AArRSV3lX9ETs2kEvzWpdJI2uaZg9RDg5iBSti1TUWTiKhth3D7G4m8Mn0PMyFbNnaIq3/MbioMqAVvOqj7blJQynFni3mJnQw0+LialiOCZVRbqxzzLSFZsVcjFNSpV8iH7Ms2lJcWyMXNUlvntRUF2VO5OSxXcEugMlqvg8xed2tb/3eY2ZN3msqjUNjV3qUCy5eDXtMrE08XI+4yyLQ0BwQBnjqbZLDTbOPDM/Nb+hmClBuMztKYm4PKvUXibE658T5/cJ4/8AxvUvNJXEuW4BoZAvHxK4Hnxpp7UaLR/MpGtPTiZS8J5zCTIu65OOpdz+UuFySvZK/NT/AACnaPgrm87nJPERsD7ZkODtEpAJyyk5s6j89FewurIS0QRbTnUcyIrT/mYWuAWE4ZqjNPkhVmBRaixldfqFgDgsHi31magmkV6dk4lnojtn2DiflQAiVbdRyzfI4iPYprf3ODjVgZ7I/wAGA/woNvAjbnogX6aT/JQeCA0rCKjH1DETyZmc716lxV96Ys/BMzvUDtP6IFxYKZUyJ4/5g5e7pD6vXD/UqgFc8/Fy9HVBv8wcZ/TmL0YXxQuIJYZphZfMRbHbFdddQ5f74/muCGV1jD1BeCoDYIqVANgTjG4Vanq1S6lw8X1ibi4iox7TGSFZZot7ihbfyGOoJ/aDgxc+VxO0Gd3magUoEtrqvUa5WhFjEnGZhsOF+eZ6QqJ8WyGFq37mHTiYv5VX0LUJJ03YrHXji71Ax6NXF4dHEwJbAufCYjcDVLjLWvVwTKLWleLSF3ldXbXq5xAAMGDHNirteDCXYPJShR2XKj+albEHIZ6I7JJppvOVqLUXfFv0zdCneVVYf99THyJuGApLFbYNXmq6ldnWUPE4I59LypN+ozHC8xS0emOQDK5k9JdkAgC3YuE7CwZHzABVIhU9tx+8KcTwtzA3UB1mbeI9E3rbx/cis7Xtnr4GHubNcrV8TVU3Mq902twlKlRvK8Kcy9Cph1V+tSmUXBeq+oswD241s7HURPUU0AYmFuR5Dz8xifd4+SxC1GPYeIVWyJ8Z20TQjruPEojaZoEpefAOblCgQWq9NwQtAz5jPYo+I1mBbuG/c5BQ9jiGC9hQ2+NdMsFEbyU9zBGxelEo5JZdY6Fcju9CH1/UBnO1AbG9xOdaaTG3EdUFzQv3DIhoYwYuAHsT9CelPCmpq1owQ0Myuv0kIAZPU1qbhyyd2s3dysnioicFXGy2OTy5J6UgM4zm9albCmDi5h08wq+ZR7ozjnjGIyluFzFNXLa8HM1qWtjUDstfhLxi+o41hs5qE8JNH1xML+iMrGV4r4gAXxSZl5r/AHAtZB8KoZIvE1N8V5jq+FP7I6KQdTlcLrl9SyCjl4eyJaKacxzmwF1m8y9RNoZ2IeZmxnP2yl5F8jG6voNfX+Ux0RGk9B5BX6lK5yHCHZiG0YTNgd5kRtIgG2xxbAdD6Uz+e25spV+7l4xc/Lf3pcwjRS0jJGHhm1xxUXBGuZpFD8QDIvUZ4z8B1c0A5RnE16iWeJkdB5NQ7rFHF4PxFCCMBRfMT0ydQpCfVCCfWBgiK3KYudud5lKgaNUR0epUl6jiJjlrz2Rpt+TsuuIOoXN1qGye6pcMAq0olJaCXmW88RGLdZ6Ryz8x5q3NeH9TiM+3Pt3NSuJcDtYuC3Tz5lxuEwMan9aj33K5DAkmL8sriJwRPFgAx6QcNNoqfqf9ofaNa3zLmDA+Zxwo6ohhMhwrx2PzOBMIM3zcLHsm8oJrHUXWC1X4QT04+Y0MWSodTYhZ6uJnoRUYf+wIXWRO2qYiE9+jfP8AeGoztGfilxeg1H5gRxxJRuiIZvYKoGAgXR+1kyokWVvyH46mfoKjg6cflC+Zd+wmatxcLmOK+bf9GM0WGTH7jCypxl/LEXzQZaYAJMb5UjSYsGjbZOXqKlo5k8QqFac5fVx3xOFjiZH5gF+8XF6riYvoPh+pcxF5vswJNKZfRpwywkFS0G+pBDJML1qYrO6t25nB1/AxFmS3obZSM3i0zQNzqmk+H0zXs84S2z82nwnslZQBOH5YegzawfLOHHf81PMdTWt4j2Yy5Eq7ZIkyupg2PMrVYF+DByEA8Okt2BXt5hYJKywWuEoqdGYmrAx5C4Io2LAV3M+7UcbfhmrXK7JxiWDgyeD7l/QBDss59ytAfyekpXrHYctBWzGonND7lq0Xqi4k+RP+pi/9JE8Op4lm/nisdafVIdBLa9YaHnbQ13eHVIuifHKDDJtq7XoNQ+p6b9oqtVOJ2ymkakN7aurSito6w/qNBdgv+5vfwOg5/GQOSIr4czed2WfqaWlaT5jiGijp9IXKqku/8YTUtuXIiNSGFe9lvHJFzWfn3KNET4YfJZMGvNZRv/cu2PnBal4h3FKXa5BNZuYfEx7BznR5Hm5Xwutkd3SrgUCbwkrYVA0Ozn/3F+q1/WJZHglMvMsB99xbPUXmtovZLsRpeSwTeNM33Bn14pc2E1MS0FnJemSdrRaSMHRJlJ5ujiMuhb+GG1hSc+pdj4EKAdcpaDl4OzNr9QUMbjav+AeZuGrXGP7E92wXfxc9ej+qQxVey4IZyln4Vfpj/WkysfabTdeItvzFLh+Qgqn5OeNloaXTIuBYqwrVEzh5iycpdaLydHi6g3kMneu2Yl3E9XKUT3faYDqLXgzYhc6mfOgcT8tH7YPfoko4vcZ+X8NK8laIGxk65iHSLGgIOho7KnUp/wAZyJmVXw3fsiNFH/05o/YCl+2DjvsdHDmJhFJ/JKAB2y39DDwU7HxMfEOVXxcP5g/Xy4FR0v6TGD9P+WMEqWDvnfhhVql2e5XOaSNFwBczgB+H3KR0ptB4GZjo9UQT/UtLQx9A/qBzBMl8NqFSt8tDEZgDrjDO/qCmtW4amh/y3j+Ya/OmBrCRtyIVg8yLxenE2FxIu3tJzWeKAleMi8d/Fv8At4OEoyPOZSVG6SGwhGQADQc+ZyCtuFf3u5gencldfUs7mPAb1w7heglzFjDa4zm231z/AAc+SE3/AHKN2uXyJ/UqhyDZiGwSXbAC50kYx8+Jnrbu9QNRs6x8nTGuxTwURWYWeJNekyDEi2hw+UFBSLcNeU4Q4peLGubNRwqW1q9zPs69epbs0tM5Kz6TB1eX5InrGTZ2ylVTm2W8cpUVn1KtuAY2RCumAtPcxsPGeCNoGMNaOWsHYa+ZZouH4dCPmK2ivkpukxHRkLuV66atg+KzMdH1/wAbJSI/BNedEfkB0AvA4w0l1f8AJF8J5J/cVX7puKi9I6jNNoomf8KjTDmpa0DtDko83ORRwlnhJ9xLSuD5luqhatEEp3BHUHt2mS9m3O5QbCV/xmJrr1LQLPzkoPpbnQEE+ZZggv5P/AgYwRmtZ+5GFlBws8xccC22zaxaGD3MmZAdomAFshl2KPaw/ic2hniVtAlAnAGloUlhSrS09gluVCqCcaYXe3BFKx1ddKmbGFJvGlhwbrqYCCsXBk703WOIrFsDkfkI3yr+HIuFFiozOi58IrpAWGXF0/2ZT32IvmghU50t9yros3ZP8zbjZXnq+b4ccxXF+2Vd2/wt+SA3AnlQlkpuoM9TarB0ae+IlRuPg1uMq6V90DPbse8H9fwtTVN5U6pqX4hK5wsrMhqzmHFQc0c6PMxz5bVLP5iKN8RlsTmUQKeJ0P8AHMuNiTrzgnQmQtGrczVOKINble82TQaS5G/B2wxYW57Sv1AGcMjlSygoItrW4t0xP2YTI+maqruOTXkllQFRsot3Q7RHKuZS1u5WsPELjGdw5MD5UMvKEBV1XsD4lgxNH1LabN15JvpcLPL9ZtHarwzOeyRjBc3F52uA9ISsDY+yasAb+f8Am4QsTB1+GjU9QRVMXNIWnRzCx3nMVDmc7aAqZmf5y/46h4uLyPR8Rzi9o8H9riZzo/oTGW14ixabgmar+JX9QeoA9rMS7Rq1k7WMOed9zaX/AARPK3xhwGij7mQRc9T7lStlk5P1KfSCobJBhX8qrHczIejmyhPTFuY/ODVLDV+ZAJteJWvMJSfiSHa2p1Lw6FBxWM20mHvFnPjEPXJAuNPwTPn1xKWfILSfuofJsaOtUytTqL95lQ36ilz5GqX4mvY7bz+yM0y0HI2lnaoI7HMvUZEq1YCvV5jlRi9Q/KfA62jkKPDKgphxe6dTuohOxH7/ADKuJiQk9A1Khpb01IwLSR+J6yXZuu2HeZO5WkBW9UJ5i4lbGpemPyWpuk1cTiZOjsHDMWdnZ5YaBC9vwIRS11HQJi80s0vqKs88AM8RDADR9sqXD8KiswYmbLqf06ngJg3S9M8YRIIxb5MXFJkZt4YrVV0W/N3MeeQZi+3ZEPobxCLCUdmPTEXPt7ga9EXjcyrlXCPiEko7UeVt1qJ9LUR4jMuLLeeK5MN2QPyfM58wWyfgBaMnyyh0kfvK/XzAsDHBBKVLxvZxdr5jit2n/kuIaOZqT9xU7WmXkMZz/wBFxtoNnadPSoTYZb4z/GQsOwvqJwSfwl5rkt+4R6lfBwtfyJfxc4XAnL4ZabGqpJcyV2pv1NFH+qIEUowyu40LFgsPL/SW4AkwmcPaAn3RNTHwI+EIp9D9J3pw+MzrM7vcXW+oRcnbz/6QjTid7T4tU+v4LioNk+o0BTeu3Pq1M8pdkdFnrc9y6C4V9cQOBthjdAzE8+nMu1IhOg+xOA6vELwvlX2sGcdLD6dQUmts8HZwvHVzmML7ym9EwobDkOzzNk79zPGU+otVXjqX/HXPqB7nlEwrSrhaXtv9d/2yvVVxhhWO4zmHrMjjqBa9oRarzX+0yyM12l8XmAVzeIYVuuZTioArDojqD/juV6fLRL/EwgfguNxzO+VnM05LgZFbjd2PpFdlv9TpPSUHrKgB6fbET10FAj9piv6jBbIPLFtQ9WsvEEszOdAWsouJhCrilg+FKVzdSmZxdmgTIrZ8FxuaG3tNOMTPQA0uD83DfDXJMq2sfsSYT/nqII6vdkv+Iu/FvuCCXA8HUajLxk9Ew7UlxHkeepVBFvNg8XwwU8LDgjIZl/w1rsp7URIt4PzD0teedP5IJ9KCVHMeIaqOadwtTw0F/wAK+4nvALnzjm2yRDXunb3E5PRQdRu3L3O8s/8A3xFUBnG4hu5iDNvmXGqnH1fMqbWK/wCdwD4PVkYQDO3xGymHDxD0XoP1MUWGHKbbzN0nk0vgUQOxTxoV6/3HqARDWL8KIyNNXb8Vepi9vh3r5m5PgRAOAQQKjBaePbMEAF5PzNwzNlpe6i5BjerlLIAhkFxZ1UaVnlWcsblcFbVMsqFJDEZ/RO8XOpuHwfEpN+1xcQQCdTHV3zFhIbor2yxQngi4h2/wbc2t9RJtZmiuTH8mPSF7n+CaAhr78aeyOKUnDXHeY+fu/jCb/cVzijMT4SpsDoEtrtPqfLqMcdynyfcVIJOoKqxiXcsN+Zg3UwIiuSt+oXTZR39syuxbocb2y4Ln4hscOYxSsT0tn7lNXUL4jh6VZkl4hgrIBwAMooo+lwPccA593MeLKfNn6jxqPAAX5DG7Rzz+UPEfHfNdXX1Cdr6SkuDiEVecHPiKFwDN8TOEJS9n+prihDMxQnEHpQ8Rf/I2u7wnmYOELt3v5hK3CPrfm4ZIxcNKv/T+Li5axDS+YuQnAOZ64y5U0uzaYVDRqD9h+6GdQUo9W/1HsMr6lHjfMoa3GBtiG6U5eZc+U1f9Mo8DCOisOJUZ6s/J3FKk6hFzCGFixRfWuoX14jLLLYVYa0YKUzQVFZVSD7eWcygX7psyAoiyB3XtzMk3PGTC7x8QObPApG4OqPDe/DbB2BANyruPHfiWbp+2J0yVvzQs+FziccvuNR0ivOWWLeZ78Qk5vk6uqg7LE2Sh3MKGtyj3n8xTFpGCB2vsJlRJ3EB5WrcCb7rA41iY2xVe6l7LgTqBzYgOqxMPzZql28GX1Ml6VGrwgviZQm/JPWVIVODJfUZArgl3y+4YsPy7U9w3A7uNb1RXgAfP9yvlLEHGyXCjb8mUpfMwxW5atKL1axL+4hDFrR94gzLrD1jEQhMU6bL6naISbW9oLQKmG+/8zPRQSgbLbvqDQFtXtRhFEIt49R56BZ/Z8fwp3BgdWBeW5gu0iX8Gn5qZe4cv1DXwT8d+LlhF7ZdWHzNQfFwRJGJ9pzEbDgpFSn8WJW7kNofkRugFM3ZtZ/M+pj5E8h9vzLahKMENpiZMJSYRi5K0bjHIt+U1hLd24+IFD9OoKQ22BEO4eSupxmwynCyuX9NwQQC1pf1AzQBchDbTBXlYFEQ64y/sDQTRDYWyDhI8E2Mho/rIQtkNuEZ1Le89TN8qLk7mK3ehMy+7kitR5mbFEUeUfIj0MTrlzB0H7aUX6m731/AKreuMROYsEYNcEtcERqFmiPVdQWJpb2QcTNhTXlUI20WN5Bs61NtvJW1LajtmJSH1S7PcufwDRa45jXugI5Spu07FyP8ASKh1HxA8j/75iOnDdDzGFEcQ6F1yThF6D9EXkgMO3NwNa6G4Fj/WYVxuyFXWgKT4R4Z4FKHEAcXV7zHX4eGBUtiVyy37jGYudinUywrDXxKuF6QDA5HOZZ3e6JgOfAIWpPBHLdkO2MNF2Fr9kqy3AlxTliUKl0fhi5rHXmr/ACxTAorcfjE+s86PVahpMm7C98Q8QU7MbDm24z7OZX0tnjxHHJavOJq0eB/icUXS2SpoHLb+Cam98T9z6YKswSWGnEGoSOwPxiP3FUIFg2GjfiMneMJB+S6uBNBDXUWdjBa9Q+czTfSUO4YSYRa5vRueUZUQ6wL1gZcV0D5vuC2nzieQ2qRYYfv/ANjD8HwHBHEPiIZoPbF8DnMVCQclcoCx2WNckU3RT5W5i2+kmJMpQ0AWskXZFJzUty/wq43CkwWvFSuw1i3zEh2+OuPzAw+ViD04rThKahk9Nq4xKYHe2Tg41cf8BGOR9dJz5nj/ACSvRDO99JhzdvMjYwot1WceZUnCto7E1l8Hslq/4mVYBL3n/jGDGKN35M/GmT0PueWay17n/oE/81/mJ0nzLCie6iTLS5M0/QPzBv8AE8uR/jaCNwqVN8nqGhpX4/hv/Escar1g/SpRukufBZuAIUvGdX4SLg9t0DW5aoHhvh4Ru1bBdfMP1gn9+TLlbosfMywHIYisRvuylAcLEKmupTUh0xObGZuCKPZxUOL9kSdksw+CVcv2hzAHh15ISlnolP4lZjCxqOfhY7CXtT7DsTFgDdsNxmprmc8QwF6v0ysyIo/PH4mu3/N0tgJh0iaUwWpA7FT+zHdyoYQTojZb7g5VYHGHWZrdPuECJEdW9MyBleoc/MK/iYVShF8TRlNU/aMWsfzQlDyS4VZxKf7WAcVyhvwBOagwdka5YSoYvqWS2+BOoW1np8RAUCoHXIfU5XIcvh4m7WezmCocXfZDiU6ghuaa5tnExDGS8GZPqV6yFsV6lAM9r9zukwB/BLKeafwRNcMy3XicMjk3FtGD8IC/QBr3mGU1FS/DcXLNzNce4JaWIj+oX4xRyf8AqeZlvYNoX+316i+f42/+NVY60y8X9y2xL+x+bCKHzAORz+paAL4f8VRAWp6Goj9ZMevYmkPdQbcj0yjxuJtqNu4tRqkq2RZLNqPAZ6L+1NuNxZac0jhJF7gt07AFOyHZBTXMve5t/UzNAyAh7ih/wl324VDgWmsr+zNtyGjeHlmTclnfGvJASV8orhQLvV1v1M59zUWYDF6uPbpFgaM7u78TeGF9qh8UMVV8EaON3hLZC+UNoNvFT/1R7KjgU4RKwqNrczegihl+ZQxy1NelnLMeqw8nqM5WP0PaADLRABaLudERnIJyvrHcnxDtn9iAieyCoar/AGpULq8NnMdXSD+34fwCUr9sWWhD8IODT0jk/UxF+4dTCCgXXE5NXytn9QXo+5a8ZWUVmgF58rPO5mQ/7GZrF5Eth8DvgZl071DG20dFx6mIGMAofglxXOIpn5mZcGGYNju7TE+BAg9Ga7V00R3EKMsfpfgZwHe8YGP+n89HoOZqtU5j+JorPDL6BZ9hUOQ2rg7l8k+buo318mDiitdttYnyI0wXPmMVkULRjQ38QaoGB10ygk3fGF2p6tKaM/JmOxB5H3KaXg2sJq5QP2+CHQ3I7d/+gTMwddXkD6jQM7M38ENTRfimXaQo/miVyYm27ku+JpR6uW3j+EonKBPMHSAPEvAevBLvQ5MFaBekx8xcy+4HVfWILBvkGXqIbYKVTZk/oi0qzwFfslKLHvVlcqjT/eNQOgbfuIsEYumEYxfPMdlacOahur8RBvZhFZr1jkqo2rsCX7QdDUQyMOn+Uwr7P3mVkgmrqptSyM9UTchjUCGrr+X/AAzR4AXq8RMX+QEvmgsW8EMMHFzgk8otyxkxCt+GvcwabDgwRop4H8KJaKnTv8LQE60vNDWPxAORoU/upuCXa37ImWU2WH0SuH+rFFgCnbUwXCmt+KTVP3a/sloRcMCYICgZ/Mh8AfA/QNH3F/fQ/AvCyt1A+N0rpk3lTKEQTU0fzufmI/Sxjdp5P3Im70mNRPcuYs9RS/PxlEidrDt52AJlfYOIh1VyvQbOnuP8sXRWzhmNwbPzBliCr2VM/LDGm17gpfilmNYw9BKIUuIb8A2S53yiVbOWUnhUKqdkzniWQ2jGtQsywrQHKl1qBWXi5hYOck+tI6SaONrhXPH+pMrCYNOVPgZesG33kcCvEKxW0d6v3LcPs0zW5FfaDWn5iOA05sKxLPyCfSd3i72ARa4CLK/CUxJvZ6QyHjtPVQS5dzUO6Ei4e3E7Pal1Cral5frWJUcg4f2YSrw4w/qPcC4JdFtqbhWdTHbME6cJd239EqtZL6dsWO+fE4NsHKdVGdkeU4mJnLc5iDDwOL39Sh+V9iaZYzmZ/QhKj0+zMCc1ovfogC2ezuoBOX3FYBAUD23fxECMBTxdzRqm4XxFzDTdnLwy3O2tXC4Q/wDUvFTaNF8cRQCw2DauZpo0vbXfC4rBhu9s3zPU5fD/ANZHaB4PolAbcXAH3CntjWR86qCLgpNv6MypdsNXzpNldetX5MY5Vf8AgqRajNVP5tmAA8AxG63EXl/EI8Sp7YwhW3lCqGUZWX+VQy/BwQDERXi+YH/IE/XEqIHaqzeT0zFFTgV+YHf8swRjnmjQTM8MDzuOMXwJkmDzVSwR1db0yzMvzLB+I9ph46KP+BD7zk3mfJiIfw1uTF4SGg6oN5W0cyz4x4bpALhCuA74MRjgljfFDUXhS223uYllUTEg4M0NMDMdPPqcWsPswhd5b9Jwf29v3L2gAxf6h79wQmIXnJsvi5aLFQhw1M84mDZEyVamOKmqqc/mCmhyPO8wBi3xGmr+4z9oozdE2i9QRSqBdUxNkveUqqc7uW22sbM6l3w1Bbg8G08PbACoBrA4IMtBBBXSkJKzOb7Ylnq9Qza3dHr+Hn6lAAwuhyT/AKRoEpiWWeiUO3m/zGvk8TDzN4/SB4+ieCvfcQrRkNfpnHmXwFn6iA4uGR4GJIZt47OMy8/wE/4o7F575/5i5UwebiV+DVlUPDcv0zRdZsou9y6PgVoVgJVVk3z+odU8kD8xfy3aJctnKW65Uhrb/wAOGc1e0lejCV6d0G/1BrF4QTew4E+8TaB0Eqmx7f8AqaUPAW/MJSl1hR6mM3crZXTXO4NUQHbXI4omd/J/iXm7vzNMjzLamtkbNHFpmy+x/aehMrGQ/JzKHvgQq+aZcfZMASyFuw0hm3+IoDxMV7YjY+3XbhRmb35wy3ExwSttSUPA35itviGkY/uScKGuhG12sSyvf8H8eIDRDVt138oURKqZIVgLaTA54vlOXao8hnucNquuJis+JTtph5l63SkGLiPvB3aQ0NMtXhHRavTMSpRKOwpPhf4gqkIWbVHD/wBeYyxwkIwKKq8SjNV5JNlKD0kN8wfBlFoPcsD4PKiiWPQwVFSoFYeA9GsymW3DWfEvTHwH6tg9sy7fEDPLi8TdDrZmf6g8oUJhgfUv6hukIik3KnVwTpgQji27mIkwYD6IhCHFZMgmRf8APmX6hVu5g9r0QJkshv0UqKLXtiurhT8LsGw9qqHVejgB5P4QUh+8PHAHxL67fEDa2MYLbFnGYmp0rZcuPVo/uXgR5H+oHmVzh/MVVT82fiV8h5qJyb5f6kqc7tu/mF4vgD/z+GV9p8FS7o3RZYD+qn4IahO8v5htMW21X9TL0vbmZSbRhA6ZQ9wTvfSpV3XJcpkVvkxCu6jQw71Hn7MpwfMDNxJyQa/LFJlQ+h6vUt4IX/R3Kr3nxFLS6A/SDE1n83KSqFWhjkArzxE/LbeZfbiOg/zK1fqGhxqPeHif+I5xV4sttc3UTaxFHZj1k8fsREJpqNPqLWe94G9QhYFuyu8yv8cAFq4DzKWhhsa+os5WX5i1CqbIi0MpNutNfuNKVPkrpMcuDxFFD+/zNQsPpxKwKqGR0FcQyKUtU/I+4l+WVMZ8JnWhPs3GFsonhAu4wv8AgosE205PUOt7KbHWOZgmwe0DnE6v+jiURZ0rXDFiUnLZ4xzqEIc1ZZxvFupYfOezJEgt3QQAfNTlEd81LG67TuoFdsQ3Iw3Zn8oGsdn/AC4TDeHMG4yEG/OqZNS/D6iCJLYczB630RrAflmQRZKzNYsQwXbNR0qyvzCA16Q/ctUesv8AU0f+D+lRD89CN1f/ACOFCPqpZwI7ylpf/HxNE9NPnzw/uZQZ9qfqcCV6ht/FuCfKXJD5mUiU6I47EZopQvtT6Ziw2IV4UQwq084MuqMvm7nJ9eo3drPicDeY9Gvc/wBv8auapTmIoVW2q8T/AFBzv/zpmTaddvJfOZmOXtP3Cwbr/ZbATuEF+YWaRz0/MXhsyvwRTrcW44W7gO1Rt3eZhba6IpFoXyZnvQ3fvKjARv8AEGaxDU0hfOZRh6TJ1WjSBD5O4RDVgzglwGuzm2glD2cT/E2/T7EqhONk7PE/qZgzdZWLTMtx1zwBYfrqYQLvUtZvwjLnCLuvtXM7eo1F81Spp5ZtA+1mc+H9R6mMTtnwNYYP4XiPyYJt6yHP4u4e8VUtz5Q79nVZG8fmJyBbC1AYTfNTBtMMecjG92uP3ELlZm17Rv0lmWPiryVtXxMiSA1k3z1Udw+O9uYgVABzwP3Myy0ClNqMxqtyh4GWa97zfc5oylFRMCBqCxxKfLbKHF5/0Uq/DKn9xaN4FPBVQ3d3GhGXCM61H4m2nT+lhyAv/HiZspxKMu22oOil/SX9sPVjEbBn83EFjZ7jQ1xcOccnDgAQf3laez44lJrnrtpzUXdep2IurJg7q9Qrqol5znyRE/zKbo+5U0qh7lU61/7LBGiRxhHiLqmRY/0UlxLiffub1Xynei5hYYRxptf6lUHIX4mCFP8AmmCHUTYXURwZgmCqEefc5/g1M5LA9C4PYwKr3cYi2n8iJ2jfo1+Zcqy/5U9FMKHBfKP6ETkTfDxOIGnGuZuPB+UElGzHdR/tw7VgfMM6xSnijZXmXOSLQdlDuVCRZbUL3SIjn6fhQwrfzaeGGLUpovhwl/yYlkkfD7ggw4oF1HGe5STZwc0Q/c+zkc2ae2RXevylHA7hvF7/APWOj8QniKw/1P6Quf6Yv9yxS+hnyyz+kNzvEA4HkzniCMdTZz4KTh80Rir5ed+k2Bkj8ZIO29cqGI6I2e86PgrGAOUJW3j/AARcxh4l6RHdZSEahQHo6nQ9OSC1n1DhP4xqXAIy4D5ZlCTQ6hcBcLFVvAjVtXcRaMDOzYV4l70wu840eJQp0p7AsrU59vlVxbAmWeSXflfooXQc4vxqdrrjxBrJ8xjtHxHAxmaOPUL8eCP/ADKLKrPOZU5vEuqosvZMaONkVBLyf8jOIRkLHTSBTmvOR4lPIuUSXZF+N9wkFBVPVSsp3F/tnOo8am/mpSwGFVpzKtmJj4j5zcMRuzWPE6GqiqXYIQtuF1j+biL3TPM+Bza/cNM7Qla7Sefh17TsWXJy096jsQE8Vl/ccjqiWujBy8TkZVyPeJjJdXbLrOIUU/70w72sngj9ltqcvcOI7gr9QfhdRM1B42bJ+wnEsGPj/mHzMrH6gjMf+7jXS+L/ANStg+iM19OJdY3b/mZODtnjxMAQcwcXNA48+Pq2f01/hzsRuFcQCvhP4Tv8hgwCK7fcE0Th7jVD6APMzErahyX9kyI4f+BM+wTIghKpB8S1Qahq4+n1qaIPYnPxN0MOUONItC6T5RsMPI/c/QZZc2nukewX/wAwmwecUjJNJnXDyJKcRdFnnEK+IIt+UNQBoBVYeIZYNc1zLEUlLLrKcm/Wdgv/AA1EMCPqFVSvMEp9zn5heZb50muPpP8AMto99H+YAqUc8f5mawPqZ/E1qW5yX5w+ojlN/VFPdEsJ7H/MUYaTaw/DUp3K88dQZk/Tsy3YWhqbnU55sktC40tYO4suDsq/Nw5aOT8Sm1sjiEr/AMFuP8MzkWitn9r4Hu9TAVNXLOI8rBX6TPk5sNaZn+9GgYBHIb5fxwQDCjhJf+ZmU8qewhxKnrf5gC0pREXg0ZqDiqGqx/KJh9UObql+Jz2bbJBW1cdynVzUKCVaes+IRsFV/jK7Q0DzqIEL3MGkUsF365p2fhcZun2lQ62EbsvBChsDtdLYLGFxEuGjWUbFJN/7mJ1MaurrglveNqzfqWMVW0FJawHst3T/AHLDFHuWNNktzCA+bajNYTLhxBOLzNe8c1FigCymXiDcWuP90AzhAanaccUffo3MY/6kNOd8fMuwqaISKBxqWnwGoXd+TWJmuUltoa9QNRu6TAN8N9+ZnypKr+LBgqAFvhMyhScqapHeRtzUyDFPwloBytxv0wqF4eV97mt/ema0LhuLwZKx+oi8FcxO6rsftaVnLB1FqwTxX9xIEIM6DSMpczkOD63Lim6wPkeIB9lmP5uWGcD9Qe0nBbk/U22KqeIq6lGjjiqvl5nTfUSTrKRdx1fywtZfY0zw5yFrMPpvhXZ6lPJXv+dIirqnE4Fnxb7qMKCjX7FuAVoO6QzMhAvRYvdTYwQ8hT7S1YNw/YzWWezMRT6iZ5sVEarLQsLl3KJyLcFWcTxflNcQeEg+6fLEaPip3ltwb+CMUN4JTBbgngHbMIINninDB8gtJ9XOaPcAiT2P7wPAtd5grZYIooxisr4xLXnqXP8AoZf3n9wJ+KJQ9iPy23+ZTfe//h9x9WuixbGb1t84qcCHX8JoDafuzLN2WPyxKdfNFbdXmAFdgmfuBrd7qvRIm7fAfSc8GIVXOQV+yc3J1r8kbDp/w1NXrQYDBun/AATJYOv+icGEHUc9J0ZATQcviPZKDs/tZslKrDq6qdjwgi41A3pSBJ4oJecVFaIP+5hp+WrzKvhFJr/JFKrk/wDRgu6+z/cT8fcVaLvuU5LeKniPOpU0s7gajJaTAHMJDrgTviHFdK28GLZiQXP+551xyq/jv1uNbDVC1LPlrMHAIVdrI/UXDRy1MvrPKDh15mmQ7jtchc+paJnCfxzsCWaql/w8kc5IC6PmXXuW+aK6X1B8rojjr7ZTD88M66kB8jMYMXHI2eOjmbA90E9qU3PuL7K4l7mjl0pPh1K+/wATAajOtSgwsSQ/iUfUvh7o32VfcUWm0tFuZTvjCDFhsMUjMErM8f2mtaX5TNXLnn9RfRxuHIkxXculChlxnvy9EztQPs/j6ixdtgyMgBzZxTf6i+T8Hp/qZWatLHoOPmVhVyvX+4XdCmiO+Ru+cPynk+I2RV/qE/SIb2fU0h+UD/wowMrwMWdQLQ9VNX6X6DAngtjkvjc1GgObGGrOJb+mzeIPmT/Zoc5uMv2Jw4ud7UzCrT+YQzFzApvBxEAEH3qDM1hknVXABc1K0BAMr1B7BmhiYTJ/UfvxHLVc1cpg3CRR45nFSuc+TYd5mfBKNs3CDZds0Dj8Sq0+vS81AF3yf3GoMziOWOVSUgcXzLX8cRCLI1KJtdnl9A95WLT31jpbKH883209P8EXL/hhEWKWhzLWivDH1KWV6+Z07XN6I9knuK11JUMG1ajNVrbBysWL4lW3EC+YLK8cyl0GLM+5bFJ0T5V1xV/heeCZFYy8W48R1ZwEN159xGfm6dhyMwI6qb/zDa3s37TDSjssRS8+TCLnjQz9awZD73KVEyc6oDH5fqXp2q3NrbPURTZeqbZG/Cz4/iqYIvPstcEdo1FdiIp4oFceeB4CG0M3MBj8bqWbAtbh5HE321bA+DTUIls4lkq21BM0KnuOOjULtNlXNwzD5H7mys4lN7tv1MaVT+0td51Dxt1Kfw/4v7NHVDl8wtuMRMHPNyvA8Tst0vE4Z3HBzb6O0/7qUDjzuMa28QiUJ6ZmFy/hi9JiNQEiWYS4IAaw7w/MPy8MSXpPYeoHKvuO+a1UsvLd8dSjw6iZy35llggdgtfzFRZq/pPMKiMP0WmNB4n0P4uYpRa8xUc8U/gNf6DBM4XwqUZR/hVUUJ9yfMvQcSuIxWiP7v4ZIP4x/BLALTQ8F7jteGYw4VlZRD2WamNSxPwB+2fhER3H8xH/AC4HtpkH3RTOuJkcpgezPJMlAou/xv8ABUxuXDRMH+BL40+odWdjWFWWcaTiV6VlBFD9EGPb+B/ij7hdcLUMuVGYlEWaOYX4qp7Cp0dS2B9TOtQvBFQUoThdkAIgK/RAQW/+GiCsvN1Vm+0vAzrG/DxOXANCa8VmCQ4sEHzFf33poZl1a2Iw8HMHwa5njD/1y7heQIlbhdccS29/DNG3wz8nLmeP8SmsOBl6ghjqO6YfnCbAMBHAZaJSoS9939w1gUQF+ZFrA0t9iEK+LnYXuaQ/UCzh7hbqvUTuqfM15neJpitSzq2m4jP4S5xUw9Ji5T1eorFCmpWu9noU+6uD8ZwRFvYGcPUKgK+5/fTQawvHUoZpxAdtgPzFy9aRP+2gmY4q+R8TwJQ8jMKsGmnQ0wN+ouQT1MhkasuZWIUt5MHurUF3/wDBi9QrphUttlaHCwQ3uxON5jytlHKvGsRC1enNhdPsls3VbcJqaODGMEdXEYyHzvc4IjBwn+5uIanunozS6U3J/mZ1PucGXlzNy40dfYtRWu+FfTZMNQgjg56h8olt19E3/qHzQ9IJmalfyqwO5Sq4J5php2dpS3MXdZ/H1MS4Wx3OHhA/aynJs2zSibi0vQ0/UqskeWeD+Im62qVxh4l37jNo6IlLHMxl67i/JBc/8SkPgbuLugzXlvqVFcOw5fazLtQ99LvwSvKt8E3teIaF4jsplgVx5zZeggmDg6A/hjxU8iFJl8wFmIa4tYEafMlvVwoOQdbnkVxjj1OFDHMq6rnymOmHaait1j1EPmKz7F/1BYXARwYP9QNIGqAwvO2J6oOOT3MExntmroqU8Bz77lT9S/JBfLHm/wCripbzp7xEbl/ihmZZXC0Fhx+4S1nr/wAucqZYIXaWgpvB+zMoARu+zcQGbzM/xXzK1eyLgwqG878pjGFgOql/5jLb+GDID6jX1/kG4jTianTVsbjmNl+EiUJXR9vMVPh9gKPxEdYd3HRlntBZFXmrJmPVF7XzmanZCO3gAc8y/wAoVWB5xuCqX3Kh+P7gB5a6Ghl9ysV4It/wxziJn1DcGfpOuJ4+1xy20F6tYgvkrVctP+EEZ9bfmUqoB14i2vJTMoicN3/WjGER9s1/zA+YfW6FIROkf6hfV3xF3gY15WMf8YX49QyBgDL/AGHmHxQZ8i8xcoB55QXD9ky/Zisputv8KANQJuy09V5WfWnnKPhUmfgUUcEwhXTzF674nvnzKjg3xC83fcuVpwKiTZb1E1KPCLUjlvebis1ETEQy1lfUtbhquNRwMHeX6IOHV8p1+42Nafmyk1FGdJOI24SPJG7OZuhv7mTlbly/R7uJcDrcfmXte7TH1D2nmmsiq4jVC2a4bQzmg5rMv0fpAEsWHzPp4i965lEDlusO2Ya2RzXlmNDVg5l3f3LdzKxmPzuNh8T5mYUb5Ja3P/w0M3Z1w/crnt6B/gZnLCBrvrDllVHZq4eM0/c56kxn5rx5lD5DkzhG4gygv5ZdaC7BedRK2O/mcTi4bpy4OfEBFAY0UeJevyPdbXcIYXmByA8Rw3nZ1UNvyHy17ikOVfE5ruEOz6nIbgUvi1ucefCOswdN9Ce0yOLLFmjLw/X8Nvf9R/MoB/AsoQhA+0+/4e1MwZukYWh/Mfs1LavmKxV+5jmGlalQWk/NMCFIL09WTBQc2xb2B0irSBN7oH6JeBI7VlBGPMsBcQOCM9e5TK/njLrRKLobXmGJ+X8FY/McDHPGf/JYpRNMOQudY2GOzv5ZbXB9iZiCtDevxmYQkBVjzBxGJKCAUbxG74hQGuHfvMS5Ld2XmLUgnzfDc5xkkpdeob9hTuAOXPvklsi5EHfC82wc2LMVeH6li/gXL2S/zMFe0psuqYdmYlnXqMk+BLmGo/wb1itODVPRGyh90WBfMKL7JnvFz3DuLXjl3/HCzmv4abn+0stb6JkQ910KZs+ynmW4SG/3O0sJX/UTVOh+BMGp0KF6Y/MqvJ/BH0FDEWr9oKZVOPmAnqKqb/c9NliDf4g/+RpgN3eSoKm+my1/ctQrQaP8DKcfmGVys5blReX+Q/KZCN51PxKIt+4smH+lAzLrmPjEQPgv7Cn5JYHmH7EBkUzNja8P9acwBydqv/XLMKU7ssPZLuyzpNh0/MATy6gTnxidD4hM0Zq3dhsuK1VH90rhn7lI9suIolfiLd46iz/rlPBKDSRfZTmNV40tM8HEFmAmD7KFqrc3mv8AyAuAnHDcGRPV21DfI81bPE6lXbqzgzL66Mob/wAILGOJCtdeAlLfjGIaVeRiGvAvKyFcXGeiaYtvJzHtBTDBzXxFS6DxfdAT1zVVtZvqKKZausPcXrE6RNXn0lSk5l/9IZwsv5qtc2yxELkS2U7hj4zD+Myn7BRrRG1hqxvPF934iHppR7oItKuUHwrjopCquRNdzNhVHOr0e5m75P2lOWqqOOgEcWYiwrC187P6lzKrJijWOgMIVY/guXUyn+k/q9/UVU2Kz3JZ9cEXh9BoiUgaGpRcyZQuWw7WhChQUB4DiPRVHWK3TLt/KeW+ZfXMpgvpYtcqk4Vyv8TlB+zyf5hvLOH3L5AH55r3cT9mos+TjepnHmGogDaOwuiVtm18pt+4MROpdeYM4TxCtu58WCJUf4VSv1KIrjk8cwwK+jOPxDfLAIKB9Ss16wafmXfoGtCtammBmogoruBfrmBQYXUym5a9srGMGc/88xPeDZErbKWKfw1t9W/jzKgK6IfzloLzFscDYuVtqLUtd5LHys1V4zbcuUtjm5TfVwwr7b/93L9ZJdkT9sa2k0/k8S0OdeMATUmQbJhE4m+RN+JcZj4Ltcs07B9Wd2F5h9O4QUlnggUEq+F6Xb4g3JCrz4r+UvGVblyHdVKSky034GolbVwubMTGkcfMfM3jp6455hqR0YcnCIzHR6d0mC2+RlWJ5mi0rKCj2AD5DlZQ3P8ARNHBLn3pHoU0XoZrDGdKhLrvL2y5uvyuA4gCrGUzL2ir+tH6iC3QDuonoeS8ddplVufUoYleh7IPmXbKeTFu1GCnIoeZicPa/wC165g6Px3OW/UKhlhXwNwIw2jpbiX/AFKC1ZBPFqGLV1GxWuEVA7C45FYFoxq0dYqwOGRlryFHTglagCeR0xwWTx4qD2Q7eXgRavQ18wRYsaNqvZmPTzQO/KI/UGGytocC1BrcyDcp45+IfPqZ8f8AwfcOB8H8XL4Z7VU13BnWV/8AOya978fHzE+oG8PHxExGysoYIhtcHxDWgrZMAA9k1Rw539QeSwBlm8OZ3Vyvzsmxwah10e0UY9RxOYh3W2Af9r89wHJHaRxPMzK7Crj29zMKJHXBpT4Rxips2ZaeCIwzF2vllISiy/pG+2OccPHUpwzmPofmELlrVNU9pSHqvlHDvmFgWSr6h7wnITieNi9Vbq+GK1C7y9VcLj7WMnbjk1FVrNw5gBy2jeyR20sLoCV+EQiQrHS5MaeI8K2P0IIy8KlFIDyL5MfM1tINxsdxl0rJB64F9EZGcNpTZPETyO1A4OW4x4rUpfyoIuYBasFFsq/EtDhMkTFpdiMc2zA0BFm9MRsqEHwMwufFB55/MNIpQwcK19O+JRu0GFcEK/cLWGobVW+qB+GLV4tr2fSvzLUqQHnba6xCymuBhzh5l/w29/5WPxK1kfREvnghm/bNtSD5LgaPVtZ0XrzEN1GtZFYG3meISLxfoiEygtwu/Equfb4lFqr18xZ4AAQuT4HMaobvvllaoCaxyPviWM55pg4vc9I7ARagG0a+JWwTuBvNJ4Yq0C5untOBkbci/M7H3O0V53EAsyzGKysvb+TLkveZzzr1vqCozALOfoQ3R6SFmMFbYxM/gqyjxfMt7/O1vS8TLwxzzrCJU5IwP0qVV0HCJlPWBnXpFT43+JTTReZ0N1zLf4ZMviUa9TjleZkTdtI8V6qIA4C8Kz8sYzK3t7Gb22jvhhd4PJLeVZXpv8MpMAKJTyxCDuI0pDl9RV7zMbuD8cxYvnh4MvdXNKwcFA5VlOspRaPgzruZClhfJUPcxQG0zTMp4NdjV3fiOcA6iqz1FSy+Qb+uJXdCdpYZU+dQCtqB+4Zwt2l7IZgl5olznQihnVgsrq5dBSauHPHcXySG3vJGsFOB/BpfuFvOMCPzmBkzMOX9BlEW0BXnpPcTyHYBtxxAcUCAcSR/qXpm8V7C4MuPUpv28SlicEpRRLXu+J2A5M68nrEQsSLZhqWmzQFWnb1FEXBo+MTiGeLh7UCz+9k2efAfXEbBgaSWh+5b5y5jlt6mApCELTVSs0+VR/FgZPkM7g3CTiCcoLYr9yqxBgcvxAhVi+5+NSimFDkWfFzVToidcVAF21zAwG/a1pr1AwGMoUwB5QYItGqDhPfMAcFeLnQe9vggAG+5hDuT/iOn6lPeZewD61KLwnl3z/HB4MBeAz6zLtzfOGUxxmb7IWmLRrztlGUTI9i5yS/+9tu+0xWKominbLG6qs5aqU8g336Zk4N8m43Rn0T/ABBOZcuVT36cPp15hdRWqAr4mVhDrXmu5qFW90zM4D+95HsnGDu4jlVmdA/3Mc0YdAWCYYVv/LYbRWjUHxK6lQNXiqTU2qsOErrayVMWA2co1aUm8BWjId9kQJSwEjHUawoOaa5GHMo78BKKhm8Hq+nrcPVgxvjlogBY5X/y8E0lSgw6Orqv4X0t42dOfUpFJvbWVgFYxqhMaGu+v6JUBxH1BWAxjS+yG8vLZDxLwMYArPlqPFaDMvHZAQ0t4ifCP4AaLwVRsnFZXkYzH/eT6JakWLzevzFOb6FIFiFzs+nX+k0V7G92qlKu9F2+IEjW6TFu/UyDpfuPCVxfE8EdTxEDA7Vr9HEVnYQD8EDbXWZUm8FWlPyTKKjwh9tzMEK+QFPUAJPEupRu1cD67hzyEQkssb+pdc4PFX6iXPVup64IvGrf7WZKEDC1u7O4CTIlq+ZmO9jWgOxnMN5cBdO34l3tdw4/4lV/2pY8op5JQ8ksvgMkou7qdEF0t7+ZcRd4HN5xFMtGbH6gvm1I04Y/cqnDfmNZV9uX/bULW3JQ/wAmpXpoVgHKn6huiznXnNzgfLOX4Q28B8sXtlw6eIPx4zZudcGUASr0q7iC6PLlP7gCaZ9hDf8AGVqoT0Q5CH7tAeJfn6FH+6mAy+nMoBx4WYxWM0mYcv1v6Il8rzVUG+7WCjqYGftKx6GPykojVt2piGE/6ZdS5picV8w9kuzUo7rx5h8GUMd6jLdVKvGwgtX5txBfvt0PXuK4eooftF9eEHd8NY9zHA1O85H3CDI/1PKXUsHh4YXYiyrqLCmqw0LTyzaGcs6euu4Tc0z1x1Xc4swS2/NQjOxo1gm3/UVVkRMkXuOGgvi28dXFD4iqy/Rco7VOK90XB+LD8XZEIq7jXqeyWHn/AKSkB5O2GezGzLaV6P8AEbEwZVesPzNRZkr+Lsg0WOecoQfKkPdhq8TIcXX8Oe42Dth/QEy5DX+8mJI7X2Cfu0HT4OIW/qHocbNB0crAYcTxQ1UVtI4gCwXMvOCTzY6vX5hQUcP83/SHtVxbewVZOE3ZWGj0ZTSu0+5W4VJzDZdfJOBzz/qU3MGJj/EoqIdJNykN9cn0cxxSc3zvEtKH/cvcpLzsPI9yt/5hh1Cga7QyV7hwUXV1/mZXHAAPybmXcfvA3lcyptBw/wAhFA4tnb54+YHxGiY0S64mJQwUwnMxpWx4GuceJ4hVAwFYnNne5y8fBDb+bj9SrLZ7ucy67Q9uCW1PeqbedRK4mZK5cW84lsuDIccQiF16uCpyARVtpIEIHY2Fv9UqtUaAfhK5pgBr0oYGXOHUo/Lb8Tt3Bav4Tar5QrdJV+o/qCcfsOar/Uz/ACizwErE9YVpp7dwqAyqfc8Y8LougX9zxRO/XcXkz+iUtutpq78y4cDi9TLRxLP3RDxcYYYFaBwNsFhN7lzKiYplT+AYFHUPNLo5YTXsv8lwVRJYtPscPDBQ2iu/UNg2dk73KviV6VqFxfQVA3pCfJf5I6LCDcCB81nn8B6ExYBuPZ4YPI1FYM8B+GG+QYQBuK3NEAAwdBqKZ/4G5mE/9vaX1F1wvmqv5hkvNzInFw7reHbCvo1HXbI/HEM/NSXLFmCBxatSUUXUUzOni+U4pKDu4QPS2JUUrN6uqmuqDsrsMtfqYxYaGvB7kCJsCBb93UrpGubj6xUuo3X6JeeQgP8AZHTjt7+Iw4Ui1hhC3ydSq4sgog2evC8fJK0QLLLScNwbMakANw9GWBUwwA6Hm43kW5wIrFxWq6jtnKIIv+GXG/mB4qYWZqLVB3TeUa6ivBi2GEiylpzqn5nO2fkqozMPY/8AeZbKDZXj9Sk2r/yKRV08K7Nbv0QOt9kHpWy1flHAPOFQFZtDL0MMf/ZUzVxkw+kpqr+INX6fRfSVyh5rWGGZEKbRSwyN3P6Ll975nhLm8w+G5eBmk5YhfzNAB0Rhyzz1pgdkX1mH7mMQBSqVmzzGDvis3nb5mCI359HuZYV1SLM5H1KbV4gzDWt6jvUu8zKe0ce/SA05shp/xOZ6muwcEVH031Xz8xIUHQYH9Szwv3cB5oO+vmGY1p3d4w/JB3Q/8A5SpQhQMSYMGuGp0jOZ4frDkkyFjQQ1yGUc+w8E+Qo4pSP2M7jEbK8ep4PG+xxSm9GBGfluK422yut5YFjg+dv1GIIWl7EFiVJUcj7TQkTu+kPJ6Y5T7X8D4ZiGs8Zv4QoMRYYL2S/yjmVTahxV2FRObdcFQzLRzIUVM35c+O5TA0WV0yo0NHg8TG7vYvxNq5YeweeajZ8AKD2yiaXkfKoi1S/JOFBDYMb8x1Vsz5Hb/Hzlv0J4heDrAUrxZs5NJsWKezj5Er1MSAVFrrM9TYM59oXg77gZksuDjoYAd8F+CUMLW30Gn3CyDRq/iLnmt/EBQa2I2NbF4L4O5XFJvKXjw7lNyl20xyrs0Vj1M2bl7bH5aiCtQGoOCN+3m0/slLWf6KWKErKZreLjVoZisF6Zthoy9RNxvFZyDmEL2sbv8EEQLYtY2/cY+UUOEmvkgc0H/lUuFPv/ANXNNQuKpQls0QLehlHZbstwRf1LNYVXhiUb3zHkK6rRjwF3LSnfRjMF4ldn9vzGZc1B2nDkcm7mEa6k1Y5rpKVzfrNH1Ge0pdxhjJxKVdZlwj/klMbZvjQ9TP8A7AyWs6fuXIZ/VcLY77gAGuy//DhiKL/kRNe//YW/ylc0cLjTb4iD8zOPQ5Jxn9DTPDDjs3qatdTDBDOtMj20fiE5Xi3HYdwwPSOvJDWzd0uNF4i7xgtirzqWmyayQKDaB2fMpL4ZTCBuxdqHD5YKW25UY/MHA1o9P+n7TOL+sSh2UgYU4YGbYD0uZct58MwFaow81BPPk35eSGFjqHuuMeWD21fM+5hjiH7J3xN65UUpeZfnKb/kvqAur9hwtxQoXqZ96MC/Z+pixS67klTDnsRcdDMZ6tF6v7SC6gZoehWbeJa0mhNuaVftB9y20D1RNOQnnR2zL/cZwVQDh1UrOK4hoLoF+rgugYsg6r4lVFnSqoMs3AdOBv8AqDvnhxYcofGUt1/kURGrMD/RDe63m/vENwtLiosVtmbWFW6BRolCMO7hXUDSFt/xZKAvHXmeQsZXXolKJ0ULOrw5zAeIlzWMMo1Omgj8LGYNI3XVe5t4FdT5CcxlqZO0mDe4eXp55mIX34vinxL2SV9SHwn3y+qjSvi1X7vgrgjXMl6udVCAGqvnqYhmW63fti/wPiBzidpgalCtY8c6qLhyk3QWdJ5I4W48r+WU7Yuf5J96AofzYoX5r8wVTlqbvhPzcfCR+cZsatAV+WNsCOr6wfmeJd/gn+ElnZuwnQZhWAb5mXW98QgZf0H+I/adEqY7sdwNUab0I7B8xRaeNSt9Ku1TAc5iag2vPmU8/YV93Hk1Ha5fSUusytD4YSvuhvN9MytO06/UI169Rf8AaClWphXhQUb14yqpYarruM4BBvrL9IKexb6MsxmDTsAiV8TA+ZaBwmogKsfALX+ieSKnn9YA5LN/nf8ADCa79XWz8sBrMrOV8fwpAY1qPeY0xRWNRn7hZXh2SgUvWiFLoXRVssOuCbVBbnkE2YoduY8agjS9JsbxWYPDLuRehQgZo1ihZDDhrxRNFiuTZKe6CMWwK8cwp5D+UD9zAkVFcBo/S/MGuYpIS1bbiXmLnf8AG4FGpwRjw2zYlkgX6tjnUDfoVgdAopp9porwpP0JV9Bwc623amPn7VX6+4bpaA81ramngSpWuBA+0f1nNNA809Qp4bmYNFH1hB8sP8yv3gEj1WZazX3hppUHvfMZYSFZeQ2MJByR3CvJOfzX8DuZtusBb0Qwo0pY7i4yBppderh3BGgjOIS4vhSusksrSzS+f4RUVZd01gt6hYaArmTWP6lfWJTL5jV/MeBgEcdArX8L/wARcBsg8mJQdAjbwNT8fJv14yV9R5/BD4XATPzbWbWZS7FBXsmnslKrV8RdWGszN56z0cpBxyOzCcXEH8hH16iw/jTCgDeD8mo0uuWuHD54lGer/wAMr0yOl3EtreqUYcR1Sqvj3BrSmD8krZp3/h+5ZrX4PpGgJgs38Pct3DIqYfZRuITo5UxML2nbMpS7xHluZhCi6OalOFo1tefuKiK2vnwvXBNczO8Ci7gR33QY9czHxWO0c9SlbfBs8ZubK4x1XUBF6AP/AAMHQdWglxFyc3Yt2TQ6FG68H3M6V+Z6DAEKJ6g4I3k8y69pf8CcRGhxtKf6nvFsGZXMZVTKiOaHX354i4p6Fjykcdb7p/hM9dmnB49wB4dt+pzjh/sif0/oBbFSGEzUwUbOSWPSfV7659yw3KMKx6HMOodFtp5tZitpQ3hwdy/B6qNAPiGHuMakbPOaF/0GYKAlbsiS/klzdC5IF/NzxGxccP4P4li/1RNfmacr4qwftnppW+dMndhmS1QXgm+BtjlviW+JsC8Mz5sp4rhWmwNpYF/BObpDpWHliio8EHHT4xxKb6IQSmx3/Bun1LyF1vsIV9ymLnoQtvUJfxqHrtcE3Fd+FP8AcwIFyhWrOVmtfI8yxv1i5hwAkEJvqEqAGU4brMqU7EXduU5EAgNZHVGvH8gm1dPA2nAQYG8KZ5j2xUcp5R0Q6t45PQhenIIaxjYua+eqy/NTPGzsebsjhg7E4W3UXj6inhqcEg+kX+mB7VQp1yytmUdmo3Erb4CE9yPLY9f4TAGV/wB02fBRbY4O/cuMF7hZxfEOJlu8DVs49wKHYavzw+GUO/3JQbuvRLFdiwXgZrtcaDmeBY7lztQdfMz7BmzVI/URnbTGDwpvm/qZTUgy73LgpwG6ZdueoVb4WJfgX7Jx7+ePHcdOpp27hgguDJnKC3wbmNQ+VzOkr92UWEmZBpvollpOun3MVF09eURKGPFO3E0406rGixxiomYNgx/a4/aTTBfCfqZKgt815HcOstXBPiZ95lAF8wInkudWO6zGoHE3RmYmDYzZ0nfcFDZgKTnDjh6HiIOU2GK9R11UAsPXYmOIC70HzEDIO8JGSnPja+o87grX9cIwjTqwLwf6JRq+scfCByrZu2Y9v/mRM1dGG3q8EfvOootS+nM1MpvZOYtANND8m4T4NoOF1pBTADJXewlex/8AwqkzzLQq95QOJRgyh25YvYJtCvtKXIcO/wB3uP2B7z+UXfi/pgTKZCk+IbKEKD8kNXNH6XHURsXOpj5PcDWRe2UGi8kFCs+FzmMxhC9j1ZhstBocGuiA7dVUy+PJ1O2Z3X+mqlY4CjeG9cweqVnqNYx7gdjMcbZdnzK5UlYa2WQS0/wiA2cj4llewfYkYMotHzPyy2Lbef4dS8/wEU0MyqubJ8f1Cx9IHYvQpkUUysFZ7AOZSMYHNZW9DZMvPGlrHzKg3LQDkUebgVbmyctcY/ME2qH8Au/AjUX8434M1zMTqn9J/wBCJLpbqAZSrAfojabwg871Lgy6Aig2viKbqVN4557ljSd/o8RwXfbR1w/eMxY5KT3cH65mWUAdv/EtUNbZSViXghx3RK528n6l/jZPkmUWFrqY3j+krYlK6dH+WM6QtpqmJtRA4octNyqtEBa3xA2GdIoPB/cbSmKe4Z/qLKY6dFz83U9iT2xbt1C4wxj+ksOntzW9y/KlagLsLA78EvjAjUcHZVLbXiMuwmrUQ1GxSWlaUWsPcYs/xEMn8Q2nG1/al5RTeQqum5Zsv18xZqzH45TgSVq7pBKHnWKNiA4G59srAuE0pQwl5mmJ68AX4/BF2buX1qVnY36MV+WnQMnqWWMbQBz/ADAYdXWwnj/cuW9YuvS8oOAFxCqdwOo6Xmq7XDWa0PNpgLiBeeCck3TH8wj/AP/EACYQAQACAgICAwACAwEBAAAAAAEAESExQVFhcYGRobHB0eHw8RD/2gAIAQEAAT8h2Gt2B+g2C8MXCvKaD7HHqC7Vtmdd2cmTI/wwdpAKippeVill+2GZaS3VblfH3QxRNZuWYnxerxU4xLxSkhF8GhqcGRVQHrcOmfNlmdiQU1hPNl0qhZR3KHJbvULZRVuvqWjb8xIbkPkV7Yt9WK1Bky64jZFKOaOVrFzTMdhZv19qFCxw4vy+iGqGVcjnxZHENcrX8yoYurWfyWbkAEPuZX/o+yKloGmvLgIhyhL8IxuXSN+cwKrzcJ0BZBuHQEtLXxrS6iYNjaHF1kypZUEVAXqZ1gVr5RyRENQR6y88wSCGkDodiohWOGima5D7hdck8fB09k1jd8Ta1Xwn/eJdZJKtnp5nViui2QRHSOJnwEtMFlXcVh0hwkvIcBTnAvmt6ZlttxS/cBc6iy/sN+gNVC9KMkC7Ifhq2lLLJzam/WuQ4MxALocnrc5RdtghIVi2LsCKDjLfoZlzeC+E8u4B4WRGeKv6Rj11wNQ2xL4rWq5C8B9xWzOX8JiOYincwvBxncKraL2/xAAqo6spe67jTRraAK3WR46lqW89zu/WpaoQFre6hDFm87NMOuFr8inMtfBE5GfZsER9B1K6vqYNbeC+4i6XbOmDpKc/EtRvSwCD3zX2luvbKIUFEXI3EtjUM5eIBrrEVK0FYWBjdb3OyoGUEhS2qepsAqvkvaTdVd8TkYCRGjHn23BSRRBtTweYrHu3oOmy4I/KZRmyraPNXLW2BtbMTastszjD6RERj+m0rjkPMDFdxcY3zBdSmtPNoaFpFN+wzxNA5jwqnhX94gRK6yX8+XrXc0d01LN1nDUWK4AuJh1NZ/koau0PBCgIA2zI1bUpg/MD3Xt6ku6GmHYEQAeWN8Vcv885XK9R+DE4ss7LuvlJTPWHGpo0uUdRsOyfC6hteWNIFDvZL1JFPfQhSuTAXrpuAA2qtbq91Sw25gXqtvljUYn9N8zEq/iuH3NRJSzHkpUb+lX/AKEvMymg5bTVERH8RRddqjWVWgJyr1LKhQtBd2KLl6CF5j3wfUEkZoFD0FQZ5Folq5niV3IzCDjBYB1uSaOh8DiUhAlAVR9EtQuizuPMq86LZVFg+55a/MTAmCBvd6fcrYHpDISxvIh0tEAIHQi1RmKEDUyXkljjJv8AxNtzVnp6jAEMEYLr28Stczrtmh3LXF8LYNh4IBp3k3eZO2c8SODRdOTjkhJqYW79wCu0ltLWZp4jDkOYeuIEQreE8nLxxE4zkUOw2C0xRmOzpZkpBX+4FaHz/cTU5hD2MMr2sIpy8NsfMJNp6Ogx4MEFFvL5d+YlAv0NWzgqLM54lL6ckMDUpaNKcgyhgvVmYlUQ9eN1FGoNTQ9PMpfIrQ7ZBztviYH0RV20FAR7iKwYOZaq0rgRBTimtqXAVGQG1TfANyyl5kiU6RVqzA4vV3C45jXHOAOpVaOljjkdoos0GDT37l1k+SuRZ3CPURF02XeVBqLM3ULGsNgalSEDklsa6TcC4U9mHTOEA6ACqS6qy5QrDLwBQ2+Iu20ymD1dwiIaePJhyarAKvOURLJaRY8Vh4WgVDV+D2GIu2BvwgdjDMA7Xn6Atp1AvGxYTsm9Zx7mD5hq5Mh3bKnYm8DK3pi26jei2RmxgdTy5vp9xTz/APXEMIH3W/ZW3qK2NATlimmoUpN1nWAFXLnCJRKkHPEXnF26NZC57jtZVw6VQViKA71t2CmPJFYaCEblOa8lUphrgKmGI7zSrLYELXIzzMRuUL83M5Arkn8xoJek5iWl+WG4LAOcLWjNwYTLPLUG2vEuXAgNi/8ADEBTOxrba+WavkdFfEo86z+A2fL8lGiKg/63Dyr37N7jwysaSry0BVzHNo9vX03LJydcvYs+8QXmCt+7I0vqFgZU2YhzwCa6BaZwlpK+cTY305V59nkhAML2qHt6gVko8Z2D6sYCfjvY6a0gw1zmKtyfbSQHzGI9qwI2RS9lUYFHBUKBwPLMJYiB1c3hxAymlJOXyMEPO2lanLZ8xZ3uCgsa9C7MB7ywLS0Ubeo5RKAk7Ol+NQ4yht7xprxcslFpz6v6dQohLsUtPZos0zfYGZC40nFzKshIUuV0tq5TZdy2uDKb6P8A5XIuqr3NU5tmw0OeWZMlFf8ACV0qF/8AahVv/uogE1rrDAgPV8kwBpbasoyA+YBi7IFOAg9xayGtCBtGJWBYyK2wu8Ww2F8WFisofnxKim01HvExrDGtpeNoOWHJjHNGLmzqGGKBHFxgWmEOjEKydvUxXDBW2OCRqidFyVzE+Jsu1FmrxbtxK660vA6MuG6wX+CV3xHF+qV9QOjFb3FWQaT6ZgOKuusbM28x8hzbx3KtAKPNx90weNcMZaRlGiHbBN1dt2aiamTZPwU+Us4Zd2K+o4lmHyRKzn1DGq9BUsuaOXEcxiAwv1qYpOADV9xYSCC37ODOgN+b3/xL/kX+OIABQhBl6JreNJRvwIaRlCtsX2t+IxKnfXCXcXRMDYqD1MdH5c/zHKYv1OLlirywLYvpKtfFDoywuxxKvD7Ne+SuB5gpAGOjR4ZjXTdomjYo6YBTAv0F7S05YZoGCOUYfuPiGhC5O7GKgswdfRiJo998tW5dTjWlu9RTDNG0WBKDZToNFs62INFXuF+BhvDs/oX0Yj8o89tEnD/ZL66qTDlWc3jJsY0Qz5RvQzm/Mvbw0EqeCzaBkBhs1jo69pXOgnAvcG3P+ZwPEdDQGayVA/Y4eEMqjg7MGrqZSdrV9FExmDW75gUS00F2/cZcIuEGyZqI3yRqfUbVVvLB5oqwcCvHr3DMRVsZEDwThQ0gi2GQdS+U4B3RfEZv9ipT5lenJ1lFY7s+EvJ8hLVFAcgfHEVQLvGYd4B7FOEgMyNwacJaG25lzHilcRTyV6lAWOMKNWntmGVABBZwuCvIbls51q2FbSMk23hqpfhmSBqzD15fsDFXoJuklL8FxcotgTpLYxjouXTNS6ADVyYS5RMp3lnN6iS0aEFgm6YDjcKebeOcniBE1CbRZ8y+ZgK9Sv6xr5m2MI5IoKx/2YnipjXjdvmXZnXxFv2Uya9NTs0FrUwb7m5MhgrFF6l9A4rMwMgGUll1C3yLaMnxmXCqcr/MxQLDQrFnbya3Cc633hpy4f8AcvY4zz9wLWtaJY4ypdXXAwLovR+xUQkbAtx5uVKtQtUi0xRltxGZdCsXEnSNrbzOCxfALBy75idh4mn5goENUl9qn5jMb0wbq8viBslcriN4fSYfsBF0ohZnfyOwjLUWhmtzNaB2bFo7ItaIYBArZWzqXjQlWXdQmazgyrzM+hIbSurzMGt1rUaJHBhJebkPmPXcqpgyDCKLO8XijBxHtgNcLYFd0MymDilcjzCsWOuosTLIxTVK3c0AVIR91T8ly6oUFrpoXDItolr2m+d+jLXg7ItgoYJSgdztPNhIZB3pba3QfDeopG87zVq8WuWV+Kr/ALlIwO2H+C1i5UxBQpwjZa4IAQb2/wBEszGbghNgojXNeUgOVgwKCjojGekXgdWMWcq1s5OvEuwDUbkBmG2h8yvLEs1Q99rXM8GuhiZy7mt+ERsGA9fMVQbz52SWsVsA+IfuMYIxQ74/Ee/IR5E5E5Gb0e7ftgqL6hEtu4s07rgmtOK0RNjULmVz0tr5qEbKlwFvd5h8z5o2QOgZOeINVh9SFyLY0DiPQGWRjytjNTDBQZ2+yY/m4oNbOMclxiG1a/KWV3G3jpJVNb054yT7OZlzo4cPuAstbV9jzsR1yiBr2w7PEda7pI8j7G5Y5XsjkY8VdxIrDTA4TOZzB3Xq5YWmxFT3hTDkW34vDsZgu2MUXr1cYGLSo6E5gAdEBf4S9CO+IeGiAhUcyLg9NlGNg84llngAZrURp44ox+S/vwS8O5j+w0AMscXJyyXp/wCubvIxfHf8wJNQslIU5/CK0NCAr9SqUTZ8aNdM5ZatgxZ5mdSsy8KPJzFOiFU/ksgXk5W35iqjF/7IUujHAcnwxBl/vGb1UtzOFWt5mm5UKQIpswpDN2NwsrT7iuAgVpVAHmKmYy545ZicKemFLpkbhC9lbVAvED+IYzM3FOV7TyG6vqJ0wz3N2xqi/lqUUKXMZBn6xE/GTJWPvfuYAgc2T+CLuV3XQmJS8D8qb9BbsT1WvUTEPNT2XGZzFyKeuoTwL/rElXC1jwA7txcp2wnzAGmLVyJrNpKYFX5AJHJZMBEONA21qgUu5cwyc9ow8WQlW4JzsLbpZmu1PC6NCX7ZaxoBKZ6h9MuHNAp5EHSH1zQ8zMcTFqECghcLvTqpYWtceG4wuYFwvcJ4LuoR4CkiKJWFteo8UpNQcWlgj9BpDksVhsJb3GjvYgEuWyu2jxEniwMTFjoCzFBlDfZJW5iLr40jMmYHwgU1qkoUuvBGnNTjCPRgHAYD4CWI3beBUOONoVwBHZGXrs9hlu5sipAMhrpwQYGUZkADx8Q3CpctXgMYrw9rEybqgyHnGKqAMFZOdv3DhB0W8t3NQVyAbHNwtnXqWWZcguzDyqq5Yz6D+xYItVRanutRXY9Z+hjJwLphboXxNw/RS1gyefqc8TkbOuvEHNoJy/8AjEuN4r7Jie6+ZSqiDZ05NtEPcMZl5wqLiO5P/KKbGuFnqbxU3v1KPxOGfiPraVm2t7KZbxYgopZP7g3FdxsS9riOKZ6kPQmP9KZ4YZUxlzcPJ6yzFrmp5sVPb6qcSlLnl1AUaihnDk4Y5wPhRrrEX2eIlVkHEPHMIItURZkQLs2Lr3LWKsCLq7SvdZKuhVheCUy6guOj/KHX8CKdVMo+A283qU4V4L+xa0tC8YoezMsFK3d5qEi1Mq8nxA/WFtppBiuEc9VLwgA80EN8QCiVi0LmzEvt1sZvYEyFOHOJhi6EOMoSuawX0OJiLLCf7IA5+VqAShJz1MrCmZHOCMeJYu1+rmX5Y8AWm3NMpiMWt06tcSxt13rZ0XgheviSB88EoRZaD4duAWWsoAQBq7z2w6/e3yGNB3HyHI89W1nia6ptAaEMY4p1/iVpVeZcGjzP+Q/U2EVy3ydFtQSJRM5VL9ua3KC+5mV8w9hsWsWV9TlIsqPrmPaCagVcHWZUIDeYYfmqrtYPzLdnLQGx4zyRqiKqOOTbiCbMpsjdMlqoq5gHsSHBpKmBUBeBNXjdufrUEeqkecLb9rK7jdWO+G1bgVWS+A2tLZqCtZpRHRWsGQE4wC+PQVzCDkL3024zd9DJdqw8xxQXzLALbGD3LwKFdxrtc+4txqKJsttcfPwfL6YMHtUY1yswX3LWksg6rZDqNpFc8Yk+CrY/LMHECvPp7uLR4iQGETKWMrKGYKFEPG5DDdI2XKvtpaLrcY2iVIXAVzuAmGWhesDqhgMqxDGqLZ5nRdILRqJ1sS8pOhgEiVVrKOYQGCMDCyYvC1UAu6BZnkhCKgVXoIp+/WPWJbttgv6kL9IBmcy7eeIgJcgfQ+GPn9KKzKzjJQpjMwibNqreYxXNZSwGPLuBhsmqHRhGJzC0f3FEiOt/3Aba9LKuRXBLKFPk5gVte1YRrbt/EvFTQ0lr8s/7e0qPcqDrzLn8DPzLGxZlQFp+Kv8AmZZMH81cfMLkiIikDynrEMiMpW8s5LioFtLd4pVaxB1g0BacP6mNKtNOrnlajqUrcA94RdUemJqI8gXA9AzTLk6FFnLQU8XCcys7qncJwThaOcJv0N2q45i1W+KEwwUhQ0ll1xGeIk3gd5kZkUsWE9LjDQBsrHTix+YH/wDTPbr7iT2j/IooBjjmEn9pMVKQ2cuZavQnocqPJsSFi+DqbZaXuK8hwkR8oa8+kGlvRdXxKDURbiz62EmElQ6tUMdEyVHY/RDBnsm1SzmUHJqrVksc+bmjtZH4lZDiFyjXfAvQ9XL2W61zFWuL6B8NoXhWqv8Agh5cWnQDVDqoKEB2XlZ+UfhkXzNLxuxiJhtUjjZVUnwBk0RiL9CsGFX31NHQFzXJTupaw2iuF7Qr1C+ma0ssdVa1LyFnuw54TXWSz59Ez9igL8qZV6yca18yJSmuZgU8jE/3AShiugv8CUUGwNJ9x6g9UD7vYoGQvxByjkM8zWh+kJClcUwhhycy4helBZVYFXUYEs5rgLgPmK/WH+4kshYKVBOR+iMM8mk6neKR6NrVMgpe6Y/Jbr9AKA9Ev4blpSdZoXCzyQNEtzBklDA+JgVkGbg33E8Bvf8A5KzVS/mZQ7heTYuLB8QDSK5co8IVr3UcZnF48W57QD+qc0Xv0BfkZkBY/wDovmb6HJ4/EO4h2K9Qh1KiAux5Ian2yhpiJx9ASUuGKJx3LsrbCI40HbEaGkaxAJHlmjdfay/QlcPxLKt0hwvWpRWUeW4oRA99+ow66wOYCKnJ9xTyGu0zlqUpLBkqhodPmViH54E2gRElV3aHAuLfnhMdP6g+UBw5l43LAFrKua+agKYC1WKmhqtRy9tRNBG1yZn+x8gwl2MpnPHr41PE5C+EoaMxwwTFLA2EJdXvNkQsF/zN3gLaDT6J9yrBK6QXDpSQ/wAWbvrHLr7RN+7oT3FV4mVG5VksQxX8TDlthhlFRp1n1gHHRC3qEXPWQYJbe04VdtyMZOqFEY7/AI0alRsTVszFPqXjtzC90EMtRKYaPN6yEGCzhj8TKZSjvgYabdIKnTUEBbI7piciovHgrv5jQpYgQQ0YvPEZyCiNrebjPcwJ07wqBC7UoU2Ch+I/T83wmimPEwqdEHkWS8VfMK8UJlcYq4cyqAEa5eXjiIhlbCyKNi/jWpR2xRjbFNeJTdcNt9mSXLvcCu+8wDBk4qnF770kTrSE7hyPuZLgiXrsGwDeVOJaoxqQmYE4HbLMLl2df3mKnIkAeRcwj5W3GbrQRYd2QMuxRa12OVhS0TaMUeT+S1RBkhDp8fnEbrmdCH0K4R5ysJEqic2K1VZZ71CDnqHj7m3MJ1LmLRG6cVHCqHKU3Fw94U7tuUR7PtU/MXL3S9ITGIHbrT3EBbnc4F/qCiV0G2dvLFa2C85lqFqnEaO5jGIlVEVzFPlZRYSTWWtfxKUK0Y2bdTkES8A1oSWgZQqIaKXRgmwOplv4Q/ly4Cxx2It8hguoctvwmZ/FLTlXzLXL5lW9hCuLlNUuaE+wlL8hPLKsB61NTOVlNmvslGMzabA4p5hKz8hTwJz8zJrwErlK4wgeecgr82X0yTYPm1Yl3f1fVxpDzbGK34u7nBd+RZUBujC7BRUVa4lDhG2uWBVtG2eilTPtqvy/BZ4GXd/uGHTM8w4r5GbABndQt6uJXlyyfBd/IHfg5pwLa2TiaLWi2HLabp8xDYWw5gUVGS7kQDJsm5muJxqq4ETOlr/VyS1QCc3CfiPUVZsW+F3Z2WMQpS54xVOdkLB7CosnlMgwlcLuvczrwzA7cxqANfYcHfoCQxBZQhgMAOmZetcvxOuoEK4mNVs0Hd30laQDjqukDMfUbXWkpQYhQE4l61tw2O0B8z4wCqLK6OppdboKB2KXt8QtVWtaY2CrlJrAuAc5X8wUa0uFz5q0y1oIiYtj0InJqO7eBalDoJiqxmFOSSSPIC2tQcXdVi2CauDaDVHft1GkebZGtdCZ/qRAv+HpbNNzkvLcqvKFvGWCNlIF3cTF/n+TZSUGrb4S4HXtZf1AZWdjlz1MXlDo4fuAxiFQaigSU1s4yxvi6guu0EgduMET4L1CIMntv1MDCtoJsGLHEVcCK1Ps1EYjToKLoL3LgreIoYYlPQmwU7+ZjAoeUaY/ARLSoLtTS24EHSq/hItd95Hf3PO9afzItkcf4Tm1mxMrlk0OEwjDZIoteKmxhm/wSalQcQnXj1MLpi/d4RPuAAwqLniF0YYOgfLAqx61qz2aNLA/AzP7MMwqZfOQmSFyz2JgxLvuqb9jb9jr8Ig+zlx4W/ySU3hk/ok65YRfJPNMT+QN2uFqbLhGFFm06hEVDOtDdKj7guQDJkqhVe68zWyzh4NHxqXAYc28y9vMuBbI3XPacDCJRdolMIEcnNQ47Md7mYJ1WP0D+zB/5HBKApbOu5iar29VffHLX+EZf0laF5SrxaxcLjg6CHDlguKKxUuC14RfzGFH3M8eMzXxK0WpYoZbNf7oYvnj59+49AwFLwd9VK1YPHeDOx4dxbl3SJTDd2fwDuLjjwIUN5bp4QlrMHErEy4XnucpUkGRaM3wEzY9qr0fLcDzfiOgZqHA6tYZaG9Oz1LzXg7FedgeePUXYjEZOmRbR6ixnmga2dcnJ8xi/wCImMmIWpIOBaqB9o+IwHdmIW41GM+fLNCbFvNkQLKojWMVXezJEwqBlWewT1FDHLuOANM9jExPWKuV5Rjfsa3kc9MwaTSBDSrIQGo7okoHFCQlQtk1VWxLPhqLR7BQvfD3gslYMC4deYLR1dTBh5hlCH6Z7Rl4gAPe4MzQx6vWqq/Uq+JvEsxwwKlGkXW18S7rZxnk+BmYwsuYhibFvuKig3ZMmqj1odsm1oeStsB12NFgnL+GVyJ4VI4mA1dS0tbWTtkfb4g+J4TKOx1mXJaDDReI9pD1edFIHI70yucUoL/WPdMNjC4fSTE1Ks1xAwExY17zDF6uMjXkndfiGJ0lkEmD0UfkMaMRI2dNTPslH8lGYCoV6rgLd/nMsEdICBfCMnNyrD88wv7/AGBpdHOFZlARWoOvT8BfMUova6DXB6blEoTW6Ex1+kp6zBxK9mezqBXCQWeSPZxWbzg8RlyEoxGrLJhAUvM5OJi2CTFB3UVmQ+MePM2LgHHRx7TMhljth7s/uG6w0reEMHXM0pAOUjJqMJC8nHTT5KoDcZ3VyEyEZizrCKhnJxzLBCNiFBXX5wYTYEn5wYHC5s3AncwHCWsBk0oM7qfM8wd4+bAnNkJPnc3XBf8AnGzaB/8ATuCVza1HP0wIGTQGag0VniXqU8AZAoYVAsT85hq1oVbKN8ryj1yKxVd04mONFzqziAcNEtaDLqkY6GBM2IK4hKI8BysoFWeH7lZYU5SWhfPUdJczF0gcFcxj/OVD+7CnmbHWmURKLHGg+4bI26IN1iY7cLtIVQv1GWUPElONYwFm1bVh8KH2Zz4Hlmu48oqFUmw/dIzpCFl/C4l6SEPVwGTcSuxRC8FR5gXzC1V9QVwVYxBEjNGnDVrmGqElbzXuBtFDsNCGExyfMwQhZY7FaTD9XL8UJmHTwRGrU24hXA5b/mKBt2J8CoIWTmMwGyTFMynNmOD56iHpHHzCdWZYr1xANS6vt7diuL4JO+tY01iYAZ5+hjW0VU5+CNZYav8AzwlbNcUQus9TdiV2t4PmV7pS5leOIc4ImK/sGNQS3U/GQvq+UN/oyGW/yHggN0NUe4gXlclMXmngYgHZQDTb8CXweLQCwDdZ3FlJlkjZ/OCUAseQL8EiqpPoqvgN13F/DDX0nnGeiXVdCPyOfMQMqWBzfPgj4jKhrH1LOT1nKvbFmeszTs/ZKtCl/MmttmoM4a3l8bl7K85nli9yhCr1BrKp/wC+YRqNp1ao9DFu5T4W/cFNZaFFpHE7LG3ZLHCgIrgCwHiajjWz7l8bHZCx0YdxIcC6AfktYlTuX2koKeN91CvXXypQyFLu14moQBim3vJ2dXRO/PdyiKGBpwGvXZH9eBdPteYGlqYmomy7IjBydjSHzxmigKTwjEPa+tGiVmM4LnXeP1LcPIj1yzmyC8r0y0TMDlqU6wbJvwIq0QfMa1Q9u7stn4MTnWJi0S9gMV4ggyqWsWcJa0U2wQePJQOgGCD2Cy7vLNDi/wDyXlp7YmDg9xbApqqiOZ5SOGD3cVe7eaFFM1EYI0HLlZziNl5nu1UG/oIOoqaNEBbUUMKqhAbFy2tGJeZNaQqK44ehyJkSZStybOni4RI3uKFYV8VGZUjN5lwShGzrY7wTjzKx5r8rauZtoOXMJFqsIwVMtD1Sy2MNyVY/MYcdZCCZ0vJCKijFymcQbU9E5RmHnpYZ/JzUjjUToM1Hxf1cVyHM+4aoHfyDHROEIGmAvS93D4alC6oUMEfiIUsVsDExjslO/sw01tfKoOi4QtFTLk4gsvVbfMrRBuLRtfG2WZpJdl0Hkzy17B+y45uGhc3LAgxafZeIDDd5vuOM6TzFkrNyaCFbheXNrR1Se3pN4SJAI1nP9gz5lbw+OicqqWtGrmglURqAjTR9eUFmgL7Tb7s1o6KDx6lMW00HZyXluyZzy/dBYTMwrO2Kfdx53KCUJVjTQbDGWAQQWMlkF+6jXNYJlKxhJfYl9tI4xY/iN+1+yQZQzAcMS+iQv4aUOUh5xBhfWpz83MA9csv6gQ7B/wAQlFl1xqlFnSkbO5URaN5Otq/RL98CHHqdvajzNcMRSasZAKxmjMWTbbxRb4CLeNICIm+ILfzK+bG2qmtaVuZQBCFVQA7+Y0Nwp5EvHSFusm8QLk6Qoprm+nMHsL6SQ9b9Q8UUU7eZkMPCj3ZteR3UA5GNLvdniKXHp5Vf8uUVkJ8OUdRW81bEp2Xt8Q8YNOTRbzETSupjhcvTWRvmHNxPZ4JrxeF+CGSItUfjtfcDyC/qZhvX1rTl0Tfw6JtmgaxF9mCa6a9ByJAxQke22WTYTXZX8Q2Q2izkb8QHSp4qAsDDgalsyGGETJNcoEfkaZOlVAtvkjL2h2BkmOVzbuD2pu4Lzd8Ll5RmZf1Fd6zh5/uHLYhQW1z2fMMC6SXCiabaDQV3EEqc4C3JeLIDlGh7DPW4A3SvQf6Q5zlYWj4WwiJX2ZEvjUGl71OkCoIAVm0q9t3bOGr3RVm2KWUA26C87pxfNTgn8C4cJTgamR8LvYHuXThvhDIfkD8peI7wKr8mJK1WKAKO2XLhtizBY/mMNDxrQfBN+c6OkMLbqquBM87C6b9xKr9PsmAeCZZWUg9A2sABa8zpwvFBmXZQG1dHuWzDAtKheXsmGGrbP9YP2WI8hYQNZlfcxzgL4I/kQ76h2YBvEntSadmQkzt2VuhaH3K1tK5d9nqPsrDeLzBYNmCiNwhr0Z0EzBaxaOjkupYjBe8fsLNDqP8AywGc29NDzSwVAe4K4H+JbEu8JQjfJKYoWf8AQqNyvzApSruwrKunROF8DSfOFT/hBObky4l/yi+ZUAS02reGMymMKm6ZzLzwN9qmk568YSvl8y2/tZDi9m31HOGApj2l8iybm2i6qZw7nvjXonG1IOEK8GojbQ2wi/6XhB1jFy4brxBaQ5L+GG90axbspTJyQWtF4dnIAzQwg6KuFh30hSIpGsLOgV6meeoVNFrYoHiVYoZ1zcWOF473MwFK72MIo++JqFQwHw7LaisJgLWqlaCjZLgFguk0U8MsTStyjwZh6ZN5pcHLG5ar5BavPzNuMcS90fkDlROJQENrFIIINBH9okcF2Xb9yloGqpXxRGKY8qt58xQh2sp8ygu9hx5jbZvOUY3h5qEIQHXa+oZRmKMfUqKqtIV+RJY+AS9IrubN0ggq5VnFXqbxBUuYyt87a/TncS7sLiSpi6aYv4AIBk22TkJkvwBvmH8zdzJ2UwfYTFU9Dk+ZY2NaXF8LNQ/M327DeEql/EQ8JVXC7Yi6BW1W45yEGpW2HC5ZsIE2BcQSVCtkwgNjFrY5eohrHNAGnJd3L7gMZpei38gbm7pdp4kDXHmLHQB5KfQmjAdvJ5gs1xHkn3FIuvJjEdl79Rfq+ZNkuzNw0qbpgdGphEDK4eCpZXEjFv0Gk78Qq9kpaewygFG4ck0z8StEWWBR2iZW3oHNB62wkVWK6UdtjeepVhW3Ddn1l1xE64M7gS2uRcs/R4wujnk751LteaDAXwHiWC/QmEindvZgEjnADxPhUwKIOdr8URoXEl4iAbEW6rR1LWYq1MW6R4Bdv1LM5v7TaATKzxF+C/Jho4OUaJTXJqFIKvoIYQvBVsPCMagYWhpppUvKWWO5Rr8h8VAn/gjLkkJajquZRpuUhyrCYzxLYR31rHj9ymhw2fDOZ9zyJzLISYqJW5b9PGorQoJoFjqXAdk22NjhUvaIdoqUZOWo2SqlEPBtvEJkAhzb6KUe+IjqIDVFCc1bmvfEcbVrkUk8E/KNt4AcdWHTfpLewF7gUUbS7N41ARRz8+5WQeX8gEprmyVl1ayV/mPwmef8SqqscZ2y3qdY+5hLd0J8ZVSDTPa3Cddu6M+rlzg6rEbzmc8PJBam6qvi5S4F2hzMdtR2/Bps8xZWLhfHxNuom1Itydrg6YYd36nYK/5Fgbjjkl+4zCfVthfbMhKuVPJ7Y/8AFLbkhX+TQOT5jdXJAqj5QLGQ2ImihuK8UvAoIFZsPE0mnuYFGq0/7jvCVs7l5dPVyxlsPMUXS06YigsPrC1YQS1DpZqrI+pVTZOlX9BuGsWDzKStFZrLXUIdVH9FsbIUEPQJbrk0x82VCkuD0qKa9OJd+5q6lDgK8UdvChfoJXaBnrMDCLpHJcvPmDBLLzHUIWMS0xWV+g/YdlPWKwGLWDDPUcI2tTgqpKq4bjQBToaEMdbBvprLXMVQkXdfJfKjWWj3Lmh5g00B8Whg3pjNNwqTO5Y9K9I/clRUWWjLjo+m5QFoPFn3Q1UM0HzD/lkCWj4b+rhy2HGszIQ2WfqogpShkx9y2p6Kf3QRKsf7ueeMCZQxA1+yxl5hhPc/DxMMvpvQpzOq8YLKG25lUKcAicTKDlTlOCZzZRMN7zGwFzW/m7MfD5q2kcbWD6k5aCdYdx4zKlDxKuY+x7CQABlhyrzQeNQsjiJkPSmbRjd7oViXQLT1hjtZVY7vRHUpOiioVvFcyiB8Gl8MBEAZADQowRdlkZpGy/ctywiXQGhLHCiMFwIgba41fkRtuKY+THdX1G9byxF+HmXm6Plq6ijMPnzX9wVy4GdF9cDiJI2qq9TlX5ESCaeWV2q3zLjFKexKWEVa4hLaPmYr4QxOdApKjjfuN5JPyQTnU4Uyk/EpzmAopuyuFTZbMBttPmBh8siFz8GUAM1jisEbgD4NKXfHtFlzcDTYMQbkhNEMYLAKeIELPu3+Mypv+7XrJEHiSZ1fyma4a10we2hV1rLrZzCbnDIjfqOGwtoU+50gd4DxRCVACEi/IpWFYS0yfMoHh57pTIXczzptgRlD4Y4gLrCStr5vL2w63RVb6RlUogzlZ8rl1ZBYKOdO6RHqeiQWs0EZwYUHNEfmYFm1ALVMj4iaTaZ8fxrxGd0/C2KbXUYFpcDJf2Ukf5wuLXLSWvNxG3FxIUsg9VOqENz8KDxc+xwp9n8QGmcNdFl+TLtOArbAYAy4JmQ1W28ZGXcIjPKezegixD7/AIQxTzmafdmOFA0I0w0bF5P2iCzo2X7S3lPCN+6jyf7ZHuA0giWYZ7bTLajZhXBpIIFAtY9sozTX0VjE1X0npFwtM5gtChgFzgIJdLHiBrG9bLIx1wxYJjFDSGvcSQV6f94uZ5v5YTjS34mekdFt6yqb3Ls41UxqKGrUDvhld0FFteODpb9Rgc3aP7IE1vVAcI+cRHyli59Ri9TbGIeAhu28Y/iApat/44uN3x/zmbOtWsM8eGFgM8PelgcJzTbDXllnYHZ3FSI90rK7xqD+yrYkY8VfcFBydSuVlHNp1xFbAeZPP5NEI4Fbf1B0acPIYa2vUWR+sjDlaD/U2TedTKTLQbJ4JZtgBG+w1WzDAX8ww2qxLyb70jHCgO8jxuVCK2IFjxZYqmKExOrm8oApru71KVE6g3Z/Ri1anrANWt9bzNJ7tZ3LoBzmNk9ZNciIuFGUIagKK00G/gnEUeD+hFv9H+4qLN1gP6xDZ+z/ALn+FrgOwHVHXZTLLE1/fnqHMwqVOA7F8WmCduT2j+OzMcNDdRGivMqO04IK3K8nwzBWAnEWAc14hDprK57icgb1TcO/NFUlw/pOgoeps+pQOwbUadcLmE0NILMNvVb5imcITYz6fLmJ9zC1d+7hXOUUWSNxuQvmxCal3KPZiXQjIJy5W6OtsCkTOV6jONE9vUqiIgBuHNA2f+TAxyC6lBWVrsqnAKZgcIElZwWHc0Bos5VGoaY3Fy54UPSLW0fJBCCdMQ60rCt9cy8YWHEbJqs1LIGEtJM8ES0MeoBYnwlM8m1hYNwyJagyyg4jhXninPD4wgDLRjdYnNfYJTbXW40LOyavH8T3ERDvmM05Dem19x1nrccFREK/KJZW3TuP03dGMABcFmW7wTkhNYxXJBzLbGXjKtN4NvlUaaUqJeZTBrv9lCY5P9epgky7WXyllwlp8R7l4oBvFl4sglle7vmWdds1Ezg9HL5u9DV9X3TBXqcDaxq+6mmzgf7htgxvME5HuE5JZO10ckS47upbWSvipuP1pbgLKaGcRQugHke2XEwwB+I9umZNFsmIZC3AZLxu+SWgMOztwMIRtehwtViyKsglRjFLqzmqzxDKzSj8i22YEKKsUc0bZkgvFi15f3EewmgLTyW5fdgwHmyHlfm2iPVhcHwg1f8AcBG8VnpaUAF75lEKVsiusNFoaqoIBr/RbRA+VOchsba9c7iL+ZgMePTRPKo6jOOi/wCpsPBjFzdVPTUG/wBs3s+JW1eIwBuQqLLeUuKOoILwvZFvlTTjmPmFHN2F7kODCNlI0GUKviNgatbwnsHMfpo2sGaI5tTUGBa7QsIqENYqWf1qbaF/QjTY2OTgM5yy5h6aOty5Xs1rmbjfTbCQQRHB4/sI+kPNpH5HmC4hjEv6lTlwwBpjpUVINXMmthCYOcsBkTn/AClm2ipB8XcZEGrP7B/hLvwZbF45b8ESjpNeDs8hK6d1TLkYYL4uYF/zn/RI+x5CD5IpBYVM4NXYkzjkIWyHSkp0gQy/W1cxwTlAqlPbZ/cyyWoZ2d7WVzpQxbmXBicm88KASwv2IT/EFTEvbzwHggFfNa4ibaOF1NyHJdfcTUMmHPUxTgzULSrkZlWepjPAOpwijELXxq2pe3Vbmec843UO4TxG7dzaJS1ncEELRe1wEd4QjPVKHwTmX1sl3BMYeZez5gLJ9iHGSuL4jHNeags3kgmHogqhm9toVCu+atEoWlzTt/Epg2S2j44lb7f3g/UnYiuJkKvzCYoJ3Dw4LXoiFXFlAxy2YONFqwvqifK4pg7gsrDYy0fjgOo8ueNa+86lgL44M4pyWUACVpLatooigOtwD6/uNyPAjPd1Cha5WBWy4imEkBuWxrC8ACVZf4V+dwb1Xtc8jPRKc5rGJvsq5VGIm+HXOCjds/zL/AN7r+YXYttF3MCkKrgzE/jpRl26ruVdfCWztjcD2QxxksFg9MRLUqZSGMe7i2W/KbY29ShUb+omtFpLR6UIl61cb8jhWU8y3CR2KFE+cR0X7ipWun15gOAq8XVQTW05tcvVjbu9RrAn3SnRlep4lHOHPk95C4cubSk01g3nEL1m6xgLp/Ztbi7xIsXq5ijzZB3V/sZzCr5gqCg08Q+KpwWp7XNftW4j2UkfJnvmGXLRTuU5mL0PfEE+i0sI+4DjaffFL26renXcSUfLDmKu6iy/RNKcNlfcfGQwbB4MkeQ8G15+KXhaGd96tCXY9aRoeKl3kvHUu37xdQXuKmvqK2oavg+ZmVu8a3SMNPIAn9RDpqyP3KC1prRUsczy/uCwDfE8JibLzGHlu4/Iwdf+xijAUSYwlYVMcYYZHfExWb6hRtocdRpzVvQY+JhpcqOLYyCRX3WX8EosaQHBFoUGXXdH7Crbi298JRUU/XBOIcDoRgC8Js5XM7yQNWoQeGNTOGpHNU4H1LA7EAVfPcbxDAq/BbqhS/YHSjlo7r7Qh2BfgQKMXQx+BiGfhgi0jA6uh+QofiA8Jx6+HDLsMcmA/wCmYphjj9c0SrSBht/qYLsPj3Gi2hD8blU6lp8UtsFgg2LF74JY9kgYY4gNF6h9SQAPz6wHqpsf6s/GJlV/wZuUbUFcTJUYxl+RbeNARn1HBnPh/c89PixvBK9ZDbHdNxSyGbyPqWR5GvxkfJb1GhzlWeg0qhsl4Vq4EHW5e9LhEic4HPMzhstiiWL4NRNHV2ZuvOaL/iaQuoI8wOg8y8J9fySgEVHQLMYonwdDE6V8QKp9I5VWoOs4UXkyx6zPAjsazFC4cgBZjpYDqGmrX53Og3yBxmBDVMEKA46rrobcShFEQ53rQFBp1AwCNDSVixVVuiCeNIrfyF6bmW/lGrCU7gOwDIYFq9kd225HgdT/AKJvMUaZwxMUhWw3E6q3IbBRqEVywWh8uv2a5fWalrOTeIc+kwouqmxHkYqLzZLLhhuZEXLGCxqM8pWLzjCouHDcjDfKv5Ocbacrdge+4m4BVQobz6IiBqyCj7TGDjQ5Li1mIcr3PioE4rVlDmXNq8E0XKHGX3NVIkLU3TYpBReyGnmOkxzMZpqKs+h3MXiPJy2zKCMClLWOdJ/qXptsHlw+A+4X5EdeBXR+8ythTJmWK/qMiLAXLpho3LDEth87fMwuueyhLvCJu7BdVAwIgLFa30qjfuG3RsONUhq4G7GjEFe7A03N8qarwW/UsLBgdt8o4Ep1UGBngMwAWdIo6ZFXB6G3hwIxkSqARjVXsDB59zgpaQFc7r8EoZEDIB1SxiR72Jby0JfTcF95PynbBivuo8atgN3Qypc5pda+AHuY1/KI8wKWVsRfai2V/tgh1Aqu3+I1kq4z78xyjjsd9BcAicNgWXnHMsHcDqLvfE1JkAj2mO5YWZuShrwCquEnOKXBrLAyqhioa5hZkMAFfEvbLRMkSC7CPpEW7+XyxabkADH61SsLt726J2Zxkf6gm248nocsVmjb2D8DHYJblgRnr+5hpdho0bc8EWLS9KoKL8BGDKs/n1PnuLc1QHVDNECS/Fh/ffmCZazP5YhUMPiVcF9zD7VlAfAU3d+KhbyqDXUDUx5hWYjw3FpYFRMla2vMaaM8J/qD9Q8Nq8QuBZR8hqFzyzDemtJ1KTRjLcvYhQpJ8Mv7Tnl4acc/cYxLNFvlcA9wwIXD53x4h66A9yjgJhcJeYJg1SWbi6ai1NaV8ZeDzPgtFjVVrMsvFPQcgD7qZgro0mBvZ0qal0G40GNy+AcgLY5SleFniV3EJyUSfMtpICgcnITVErpqnA2uTOOYWmDo3fEA0ZsGA9rVfUBOKytUHRDi8XbxjMcq2ByA7dgRq2owE7CzGw4q2pzC5L6snuW3jc03WFsXHmGxMfMTw/8A13xFYU6DC2yE33ws3/tN8iPLdbxK1mK4+I4LxDFCjnBrzHAl054E/U1uK6Uv9RHRnG6B7MorBK+oEXgavnvEvjZcGdaKLasmfrghhysciqHgj0Ar/YEtigbvWldvEyC0AXNo5l1hiU2YzDQXKDUEyFdWummOG3bA68zol76S86XuFloWIuAYgpHhH9Szz9Yt22s/JZU9i/2fsVQCdb+gjxHmuP2cmDHaGNtCDh85/JSA9wj1Qz/hs+rIsxr/AM8EDH/dwrRqlmUrwDLNL0Wa4bQVkeI94HCcyHAK8wfHrFOPRjKcdpKGXuMvq5f3P+DqMsVeXbD9EaHPShfOxKGqXhf4MGujwX+pli+Colc6zYM9xslKoRoCnyIj6YOL+IDezZiCw30vSbg98AFmvWQXgCr3HNjXR/kgkiPjULNkZyvzjiKe0pFq1yxGFazmM/r74u36ExwCssjRqVkOXcXRapRTpx7likF6bvRLG5oKE6jIltKrKgNXJb1uWIt3Bt5DcpQiuQnYHR5Jb1f66qqmAVxbHkbqGEJcKM2BDV2yhc4kuQcBcNrcYrMwJqlsEOEGWFDlb+RCyHoh11NQxHc3gutTJgjXuf1YTKGIdQOb4ah30zOtYweSoBEniImuah3Cs1YVKMAeKmA81iWenvu4ehWPBfwblmdBTuoGIonxzL/mFUdRuRbdbjRS7U2CwaZjOS4ggQj8EqJYViUvnxPZ4ICJYAsFGXQ5wk7agpwN/iNKLIRiPMUwuNr8XHA/gV5s57fMJUHBaOgM8Ra4Q3cdEdEeP6M0/UFC/nTgHMULL7GSNgVrAO1aDNwJfRW3QyeYC+AfnpWqLgdt6w4nSvO4zcHFMi2hfGh7j6jCMpbqLmwsPpjyGYSKznSjTBZt7jgy7MLO77iyUK8o+Ub4c+uSlOiyc6ySwoePz5SOlgf4WZCy2K/ihF/GP0RYJBppw+CNgVKujj5gyO7N/nKRgT+wagdc7KF135D73aYXTgFdsBX0db3bUGNc4Vd5hnieuAsxGKASkIX5mTQ6P9kANrYeY1viYVR0t/FTI6AcFd/ncaUUaLsPxC84ze2/8TL4RVwerhGSPkhlgB2tZ/SImxmrF01lGQxuZkdOY32OUE1L2va8lRkU7OU6SoJxL73AZpORlyYvq4ZJbyB4jpVZCj5O4iNlQ1leRL+AVeNVHa54jac4DgB0QArBgE7DT4ma8S8/K+ZooJSqK+SMepXQ+gKwTobwSkAcvFH+JWFzxXqbZGYnVBRoIdOaeo0ed5y8j5njxXZv3KGIcDUuAzkKtQudLUZJlzD6bluy/LLO0/LzB0tY2krUx5L3B731CvdZUFRXQDLwEDTvH9JiesFb+FzBA7AvKbo+roh7m4LCqS26amPMBisjQ18rgIAc8LY1c2OI1oVFXwW+IMsj2EtH9l/7X0mVw+c9Et2AiHQHQYPEBZ2HRpRg93OxiAoULbOMSxRMa0n4oxxMiD28cU6ImMmVAK6rg28QxpS8EOhuopFKC7f6WHeQ6sxny/U5GcjNYr+o1iPgCW1v8RLzlGtNgj2CF09c+3H6hHQrGHkZMzTQN5qvHIzfG9iz9ty9x0unwFE2q5SHC/MDJyBjCr3WobqgMly5xuBcuCgBYLF1xFHJVFYLVq404l/dxgnaeFh8WmFIFUwPwfqZpT2/QMrCJomLoQ/+YCLsUcD+motSdGP9oopq80/AI4JyLA/N7lGCMl4PuiEoa/8AtG5Uoc2DKalDdc4lOES8VnBfPLBmvFTwMQ8LIVrI+MlGuiFCSM+XUkKdw+A9NM7BW72PuqqKK0fY/WZsETS6Uzbiih9c/sHCuHO3+IlNGSMFUDqVWd9wDAeqm02wVHN9ceAprptCzItLhSvgf5iFyhErYG7VgY4g2EcCD0mUYHTLrGl8Vc+1yYmjdFwwxAjFRkfpUMsdS02iZwjp0s+c53Fw54/mCXYHC+gZjlBTX+YOFZgYPUDl8aMGlaW2yDZfZHLP7Mo+e39vMptulZKBtR7nqvJ1X+E5E7Md1cfiSVnDz8Rs9KAJ4HXmW0twb5P5ItQWr9IhnkaHhFcsRi3qiPdiEA9DnWX5qU7xkPMdqO8Bgwv9Ih9qsm1fDBsH/MAO3UO9Uur7jfsiSioOxFB9Fj7uBcrHlVtw3vcD9ABodF0sMptalYTxWcA9TIf2a6A4BglUuzmKbkvpqAIVsvqXhlNFMTjN8f1qWqHcvEQ2dw3lNU9lCjfuUYEuxtSFFg5xNp2GLDpySia51yAS+sS3VrscS7SHQfyShZYAofkUV4KRHnKJVI8Ug1p6iYAnwzshnUaraA5NUxMHWPqiKLQG4jCVncXeWmvc5iZTBi9ZS/0q8ELA6dy/vfk1pb+y4OePzaAzzw9h1rj3F7ABWpt88REy2X+gmAfATP0TKGb/AISOUw7TkhSpmcDzNuyVlk4s7tMNnK/IwwAu0XH5Rg2AJX4ogVuCGczblr+4eZW7KzAFybvfiVDsGABWKC1iqZqG+XgLSrlFbzoOKXBQ8CVCgp4BL0W7gOjgeeZlkRxd+eY7XbTjnMtG3/gv5i2KzPrxOyHQCvARkrF45Smxd8uPiXHVvH+ZtymvhOYyCXr4R3CkqDSs9QTfTMCfAfMBe0pFQN0LqWlft3reh92cgEthfjbOVu4bk4CrAuKbgzZTF2DZ5upenEmwBlt2MdwVjAM2tshLrtC9pvWYbY71BswthgTbQOsjHF3LI3x+k4RI3jHb3l8RnFq5zPSZb4meZQELTXis3L+Qv/eazNAAkNgM9pLPivVqyzMI1KW/OjyEuZ2x2KHvMqTwctpcN0eBnzcdbpAfKrc2oZKNNDI3bN4nTVQREKlHErMDOxPNdAu9QQj+29MqvUvzcsotg23kEhhzcPX7SpcjA0YLMhd9XOhJBW+DyQIgA/TB/fLCtdh0c/zCT7TbZC1BLr+B+0qKUu9s8XD/AGcPwi6cSLjVFKyLYVTjbP8ABh4TcCFXfU3PmCA/pBUz+sgn1WlL+G5Qablk9jUqHnK1x6hY6u1f5iMlN8O7ynjUtj1Z04pinX1NbZasacHZsE+otodg/RiNYk3SowsAsuiw+Li+ReZnjOVMrMhlx/CimUqA8wi7UH8hln/ersZSr3gIBN98hwNM04zu2+niSZq44vJnnn9l4rrXn3MqdZ2f7LmPGd8RLHDi7lYee+DtV5VtmgvYaL44mOTH7rZdNQ/2Qu+VYXl7gshNiKyZDOUdS7kOQs2RPEwK9P8ACNEoA0J05vxGreG8W/5INQIPCsXUbyM4NbJyHk6gl5azAC+qICQ72L/ETw6wrz9w4mRio1xVwuTNHTXn4jnGR/zS1kBpncc4Aw2e9RU+wEu9tL/EPDODPDP8aOoXzdLnLtRsy2/DU/6MHUXiY/7QifUXVpyaJ3nLDD1PQpUyN/xGayrIW3sMEspodQWK98XuEeBMUYj6Sg5oJlAohauGC67nFdQFmrlUqqnAvBSSqa6leK9S1MEXMdZ+J1/c+Z+IJ3QrvVHc7GdXH1q931DjupMSAHNyo7jpdofnUeM9cNPA5W3mHARijVnrD4isahkcHIuA+5cDoxGr6L6YadV7POh68Sywst1ItobxnkwmjRRa4ogMEY09BKr1KCMDspm7PSB7qKyf7jkRpvWKjhj5heQp9R6MuHl/2lBWxMAmu6p/PiasjZnxihLvrpn4tWZsi71fkL9Oz/SZ/NrCp2jmA2eArylyigMu/wC5Y9crYM27HE+vQW17gPFWNBO24bNearuYNHFjbfmHq/q3EcId8KqIdnyUdkGBKuuupq6OQFqWF1Y2Y+5gQS62YXR5ZRjppT6ND6h7VVEgbsojXqIDldaxs9mI/pbgmypiQcDwvEzKLYb+aihDn9DrH5BC0AEC/GxJqWoqV9BNUl5MGDLSm/UyoQacvNM3GfWH8NuXtqvDA9tGMTTClui1hx7NJ9RveoVzorfw3GaLLz4Nf4iTPOSOchiANE5aLqFlkOxvhXcuq1w/0jMpc0Wg/Y9t55yQWqgwRCaS1/GpsO7LdPHhDqMDiae6qDqpTZgGUVRAgf2qbdDdxtjhcXgdciaTl3BQM+Bb34jLZMa4Z7/uLRq9XkXO5R8kalwtmYGTjQSho2wcyyduag9rREtoMjcbMUcL0wXlBdHy7TPHpzix/nomBAPlrsh52zLvEBu91AwgW2t4yyxTbRzMtHEtu/cGsklDWM7+ZkJh2VbyfM2ZQkoXcbbCgcFR0qqmQ8dynxM9Hu8MU46mdqxwNnHPBxhp1pjfmn49wQRdZvSMtAa8xit+cgSj2mik0uS1OjcD27RjzCgPgEV/dYQuaZItMM2rB37jbi8YwF/PKVTzJ2tMS56DV1xUok2YKF5+VmH/AAiCvA40AMBK/wARXvqI3xFnJPnFTmUr+iXdrhLWs6ILsNZd+RKgfVXV7HxiV7QHVjkPEpXDSr3B9JkOCVmr0ZfsY4Fy6KlqCmsP2WcJy0U+px7MsXHF3L7YN1ujWWo/ig598N9RBhkDK/QJFAs5h+ZSu/TSR0rOb0RHbdHhMeZxVoUP2uC3m4Nc2TBLeqeYWCo2vmBuUXGXuWkCnxQvfkvilGt6tkHK7TZz8zOzeirXmWgYBallpxiB6HgyxQ3dTCd7qca3MoAtCvoHYtepdRfNVgq7FNzhM640aAq+z8VHVlbjQk23SeHOYaNZObdZqxhcw/IHBnqmdRishoU+EsG1iHIFFHUzy5nC4ngb9SravEbTI9gNU0NzCnjGIs0YIYEzFU2o4pxncTa0sHIWPL6hh1urKfOK+WLomsUKzzLXd5q7v8RrmWrZl92L+YPkAwQ0w4Drdnr6F/NxVjYOAxxA6zw0tXxaOzdbXJZWZa9TPwMzm4X6CVpIFz3FOzW6vzECUF2Uzmlb7jisqp8Mx7ti0Gq80iS27YeBwPM1ZBuXrlpwTqDCBVWDwTXhdMDptQhxHLwX+M9S4Jx0gMjXX41Aq5JQsegllN2zMVzUgGAAO+aVP+aj4xD/ANfNrpc0s9yj/JtSlhZ6BvYadVMsThjAMr0y6JfDvoa/qFLfgZ8Sd0wSzTdhR91FaBc3FSrDNNvxHEBW2zKqbCuT7giUhUDY3K+c/TUJeg3u4IVxi5VG1lXLjzFK0bub8dQHBTskv2Z+4BhGFbHjMRDKNN59SueaL/mDWKvitRkrDC9zKAVQXMrKjo8wdGuQLt9DMKjMAvCmZer3UfzUqZt2cV0YqD8YMtI/Fwo4w/2Ed+GlcAuMfkL2LRT1k8JZyFmJe6uKW9NXBfMMlcgR+lK8cYiv+hu8dsT83SOzxj1MKrF9VzXgv53LFsBsu1m/+xLtD7wof2VoPQ5uuYXqOqe3xBYArcLOxBAyCK1oEq/EuhGh/Rxf8gYtSaHeBHovCODIvAGap1Hy9a6/Cb05Qjyzkjgc4EQ1iQLlzWmJeiA01GqFPYVplKCUyCaW0x2zHneYoVb3JHPYAAbGdAG74uCoB9DlX5q8VC6zhJuw9Fdy5q+UYOPSXppl84R+7haNwGaBBqiuYMYIwPbtKYggNFUZQasWHP5GkoIQOfmWRyVh+WiJ7/4kDZVtv82Z0jOVKBE1fIhDkGabet3FFDnk4fDcUPUhR2q+qmB6B/XuuMRN3S7lqIHY1DIZYumvkzc+mk+jt3hBFqcyRANPoFPLKfTZVxUcA4uVlndpPZvEYcrUpia0GouFjznPBH+JWvHRyK2cFMtbSX7zEsPHcNW+R2+oEay75X5i9te5YGolZo5qVTsdkuMgcCyOUOWK7Mz4JbMOznfEVUteY13uFYHYVYgDvCVbRg3MlIAHe1liIwmAzugHWRWdTIvmVkogXgyR7vXq4fPgHDUAfELiyBessMgKrwwwFcsP/E/hkYhFXPxK+M3X+48kA+Cshb0VF2S75ZzjktUd9VCtfzOHB4lnLADKkxdNmzdcVOQz05IMYoG49sHl1hs6VWJf1bcCjjxLg6QOLZ63lkm7iDHm5cup4iCwHeNBbbxiXg2ftH1kYbWXmWI6ftCl1RTtbUWKidGWWDdF8E4/udOnGXX4zMAKHmLyLWNfQzmW0qqcJ8DvyjYGoVUa/Y35FcHWfXcfZwArjKfFjmpW8cTOmOn7R2Ww3DbBwnKb6CrQLTmtTcroBPmyUwPh/hqjYttz3aeIla7GbTqZalwLe0CU4Sv32riyJKXtjzGvdey3FNL6bKqlyWfogkFJdrB2B/mcE28RwjR4WXRSHf8AwStkKNIA20hIHMLS7dF95mI0VzAtUTVV2sFdWYdRxkhmWrIykXLgu5sLevGK+pXBSzmn/wAggXiy8TYbQz/6gcWU8pUuUtQ5+IrsTY3WdyquLBFZHeeKlrosQ8QRTyTNNBsqYW4zhabBUumZSpsb68WormJOlkLWPlMyCu2LrkFi/wC4ht3tS8dRbl0tX/VEKSLe8L7imx82b8TBf2AHEgDdp7j1bIhiJhYP7AuatMMjYzyA61Fz4mA+2eEe0WJzMOp0svoiAqR/KwXNPCulYbn8zCb+y7xqYboisqN0Ezq5hJC/YDhyVHS82XW7yat1BRqOh51wK4z54h2kx+nkOVOWZFH6IopeFZmRz5tY0MB4zcovB7ljgVOL4WcUf5oTs9oJ3sUdI9hBqAPXLXDKlkAnP+0UNp0B4ps8xuEVA8g+orna2q5XbA8XOm5Y2nRWC7sabTBLpYe6mZl51YgbKY+nS5rIMC3YEqmaJTTY6QPjQCQwWyjGbkfMc+3EyGq9Q2BktA3iuL20Q01kT1S9Dde5mWgjqPmW5bHOe84oaOC8QmmtMEVtAOapmldFVK8qliwQ0pHK1racaCWXnltvWA2ahwKsWG3N3x3ALAwZw2/cEWx5N4Y9QGVA9tSweYcuPP3MQiilNzgX2dwbha10itzjmOIeu4Gsb+oUi2vsFmZgpCMelSyLAzLvZlXPiCsKA3HNRwEL2aFyi7ZQ7Qv0E8OUQ5yUYH+MNDNzTAT66K5vUJOxD0bq+5V5aWqDQRaY2Wz+TuZM3kgc9ygOZ4d+I9oJbTTPBLCAqiAP5TC+zb5fMMblGQRSd5KU+PVunxFvnntYz2DlKQGqmz6uYWq53/Aw3mS9XNvzF4AHU8sMIX5jE1HMM8PbFgsYQoqr6xmYREDoOMdH/mJudIDJ/uYDNZG2zH1N6drUDyOMcyxLxX3F+mo5wYg2kztlsGhNXOIOfbKVwo78YmJTnxrU+9xB3mAt3GtBEicermql4BuxVa61GclNucPUok0Jd24y+5vNwTr10xMWaq9NVnD8SxxoOu1HGffE7vJ33FbOSD0A7n76lKPOk/kcQVWMA64rqpfFrbJtBwDdQxqAtf8AHxGjtIeBrhIes65KPBpqYVL0fUtG9nUfmb8zAoZ2d6/cSlnZ586Tmj/zEtmePzDNNW+yUA1mXHk1PbKIRTvaWZxs1tcTGvpG1iW0+cws50WqKN6DmPO49gVoOAnSBcVDA3QXMHX94E4PprxLMLFuHWLfCaOZ9MVV+cSj23OEu22y9SmStgSIo8C8epXQHBXwxRKgVbAHm4ct5yDjwR/ToX0/pDhDJtLidMRy/wAtw7XhoTSDClkykcRnVPqLfupU5LQzkjZypsg2sSCQFaAW3mF5vhW8byxA6p2OJYqnZASqHzNcAPEM7rzT/mCLqfU4XyIl3scAI4YHQqP0QpMcRliMoCHBVO+2baBwWyi+7/qGDbV/yiFXA3p+eYEwfRFi4FDtb/hgcFPcV9OBFYCNLBWyaNcRj6ufNHwHygboBei91GocqwyQ8V4TBbWKAAj7Kxm/9WD3Mhd26mjopdbgWzy5DT5gCEKYHTbMp8U75zb/AKhYoGTftEfFJzlx9NxPIhZQ6wK7y7lO67SDKAtUmMOLTz4vEemWUxbg1Gwtkr1Ylz+5WP5lYZnzw2w1DN6DHDSsbbuEMWKDpgh+4rnsOzf8ipmUx1D/ADjDKKzCvklAMZETAfctLMWC2UtBUrwztouR6X4ErqOeAsfg4+Oooz67H6bHiWbWZebPzEx5DLpgcc6mTtvIyqbuNfYK616YCh+wt82YerquSMjdZxq6Gb9zC0yUVxqfszKX7deTMhCC0ifDLkM93GFk8Qrfc8YYV7agWCW1CPF+hgBkJGxW97JWDVduHgjhRGtuvbiMUHsQK2LO4G9ioSanqus9HiJoFZq46gx2UVvzhyxVg08tTE2dOTC1e85cPK7IbSOISS4Lcy4qrM+cy3h2o4Yh5a9Fy5dV0f7lUzXp3LKxZxNgtWSqgC1+piVa+ORZ08TzAwe/MXM1djvlVCZt7hhzasji1ewoRCXA+QB8kAwNSAUDabFbuYcriCUAcErVcfzGixC8S7ynDNp3Aq88IKEqnhC7P8y3UI7vL/FLOhcY21lB6gEGVgtTbXbqBsGRVHejs9McGkXTb/6i14MNrJTlH+Zgjtypa+4LitqpyR3NIV3d8JmT8c7G35gfJI7BKmirO4gRxQcFjEwB6BnnqeBi5coru15VtPbDFDDsagUOhqLz4zMt5uH3hNHXcWNv+4C/++4C2fw+1d11AtfgzSaEvfHCpb0u15KNAwAlmkBsoHwEq6dpuAK2+qkbicC5FT9ER6cEwcZO5dws0FnR3E6lenQPC9x1piaF6GsOKgxZTbBwAdVL7+35r1KYuZCKGoKlmOsi3QpqD6qCjZg0IMNMRvF/XXVRxy6g5p6mqBTyU3Llw98qA89p91dGJ5KzLXEkXVSx5WH+TFpmvW9QcK5nNm4sgX0/1POOKVbAvBzGopx4K6W5VyTVi+jLG8qPlANjuuvqjlnLA1AXrhvcGm5jVyhj2ngmLUHcyqwOUj0TLtHF8NVxmFXqy6oyodtt3qV4pKL07wwXfzNKBXmwfzBo30Fr5vpEsNJfno8B1FXgb8XKsp55H5dEDYRq9Wl+KEHNe5dwwZpL+7gQrHaBS4jvApFAHUJVkButrf4gsURb2/xMR4xTVTDeRk0Xc9XsY2a2u4b9UeMzLMq9BQTVF/TmXZWvo1bEqyY7zeYdAae4A0zfiyLoz0QWslNIKoDB5ZwVOTCiaqReYxJ1ogwzllzsp4jBVng1c0AocP8ApHg9lD/nuYBuM0LxpAlCjutsnL/iU9hjjf7MLZ+tLeSQw+YpwYV6gu75cyxt2jtC4I93N5DKxaO1ajQErVH/AGITDlenYY+AjnCcE7DY+mV0jZX2CnvzMrYsQtN8eJa2qgmoU0Yq3KIBPMO4F4a5WeoMxcAdDlKZkV8b51ZeqlNaLUjwR2Tj85Wf0SViPVU3T/gIi2QloDXeJQMs7oTC2Ro68J4duEcoKTzqlgD7inMWEwIlWqYzPLURdrN4E5B11cCzYLp2p8ytMOUpIscxqPYMGsTfmUcVqL1iX6rUQ/k42TB6tFwSjxyr1+oYUnVE0NlKSlmNKPEoBGD5QDjiJRX0du0IGF+sRXN3EPJu10FHziK54lAsCEueozzcd9tz+E6c9kVVGzKp298wCpFy5fX4lwxWgujsOg7qVch8MOCUC2TfbTM57CaKYNc7fdf9w4srprPshNBC8HqVweBO9oOyo7guzV5LRHEsFxLqsIfkOefunLOpDpLaAUTCBdPSmfR5YygmllXXqfzmBRQDXEwsU6MQMXvpmGjLWPf9B+w1nHcowRQ6DvA3/Z2641MT9B7jA+QsVjSrapcGayV59RawNmas4mwHw8nuaYY4t3NlhbPL+wpeJRwCvW/KTZl4XdofVJZ3CASAeEyE8PO2e5Hawmc3wh0sAcoDkanD4JoS4o6WIgAZalW40GoNHuT8CjtUEo8Ep0Nc78koaGJY3b0o7lTiuxdbVSX8GCmlgcN/zMeVb2K/epwBjp9gKxvEbQSw4DbG4NqLelWKGMMslHcF5VeRYW5YQ8RRhDVRrbqLICMtaU+TuBOvgogRm7x8y9nDhiALYGMQ1xDuFDkC8S1Q4LeQz/25hYkP3y/mGg51xhWCKGf0yBrauwh5YVp/kSo/Qy91fUqA7yLzbPnGDwMAz2FDR+pwz1ZuCxfTydP5l/v/APHi6rkjBLWYKCPZo5YoOhfjyC2vzrRFBrb1cVdKol7TKVSr7mDBg/xFeEWrgPQ0wW3Ig3xmHgg9y9bL8iXTuSQUmOa/zAD80BPHVO3Tgm4SSQ3tYjhQNWIwW2kZ0wz8WWeAmTwvE3G61zI+xM6VkneVv3Nah2ftZN/ZWD2MU9LHSIeUFYy1ZVviCA8gcCHL4RBDO14dD9M3hk9g/wAxtuVdWmgvbwm1dcofp/gmfeq9vybi8TLI6EG2nUaFFPYr4lVGuoWsOj6l+aRYF5thm8BNeM4/dsLPxCg2d3E1n4HFfcXSseP8xTA73jGfgl/rNL/3HtM+MLyj3/ENBfwu1bwqB/Uoh5iWuAoS/KOi5o0HIDWRb7xMwVMJo/7ENAchRKVrFzFj4C6fMyQpVB5TsQKKGfUPc75NZEB9rHUJtSgILdbp5UsxZSYKraud/wBR5eR9lkDwpOrTAu2cIRcqWOMEvja5ZZGii7teKj7PAFqU1cLqD16NRIZJo98QTcU3ZkXZ2ouMov8AIy1Gtz8gM057jO7JSwLO3UOXICFdop2GFzsTQbQvaOVHOJRNqHwaQW2ocblY1J2Xmh5y8RF8NegctYTfcXE9ajGaCjqINlpXQlKMOIdKEwBoBAeUuQx09EIeQJ5lPVlFQfgFfJj6xEqHGeKn5FJytShYgU1dILFYcvmM3bALUlHbSmpQ2ALYromSzMHCRTLV1Z7lSZek2s7qzfUKnOdQsa/ZgkhOpSxooz05jRAaZSC2PdeDm5+JuQQxETbQ8k5HANdpXIvUUbDyu31lOrZfj1H0A/pVFeaCNUwGulVb3G1mJrVmjyeZXTcYDFrvmYFeMefmab5dQrjnpHbDbRxqbX8g7m+RrUD2emuBYrFQRrGoZwzGPJmMFFaQxTbUcHFA6u3sKhxH/DxqqineJXS0uA+psl2J90HNPTLVlX4eIK6aG1yxEGrQB5u8QFiPKXkmoMpbW4WTkOnvxDicg+6iUJ6KCeNjBkXiIurVslskCW3Eoq0Kg2jPxj2qvkYCynFqX7JmAv8AmJ4EMlhTvURtYzp9wlPkCnpPOWCBku7j4C/nMAy5u/znE0IPWn1DNxvf8XqcGwTYv6owoBuVeWIiH1NAzHi94NPmESmwkO4Qwop3LWCWFcDdPUIrb5Uxx/5HYCVSlKXoueIAg2mswLez7ElG4Milto/7UoMM3nhj/aHCrFiAC+Mw6NiV5p2dTD/lXkk+BHHxxNx4iwX8viVCRpM3+mE9vzpy9a5kYQ1fSOxAnDMGn/ibW0ywIctJVLDSqweynL4LhAOEeegA8xeFh1UGlbur1viWdw1SjoGgiWEjiJsRJqd1Eyi8ONczGGKAQsbRRbqoosnKB90BnG5hBQgPkvJo+ZeaTmJaKUvJYluok02RKxSEXOmpym1XBr9gky7sQMNFXjJ9xds3cQW3dam8mYIjppUvE4vfRQGSDV1EhZGOWmCLrF7lgc27DPwGDRaBxnde2U7q2NAYOay36ifd1lDsl0I22GVKNi5fPSPX+bhMXaKkMg5tcyiv+XNB0bY2BuJAGqhVshhbcwCqxOWx6giSsV5eOd/EwV5UtX7qoa1UVDUMp9bupY72DeCqwqlhlszn60CvTD0txCvYIBJVgrDwXv8A6oU7qqIXXKNs1MBuJl9lAmplfaoUKC125GrhhUYfooOawf4Sxhf8zLHwqYK1p0P8/MKYjM3SPJ/uPyTYY2LTeadwcNzSWI9Tlp5TbUs3BwjdVuZjExmL7bipQA5JjNxNUGrGOqO6L+ZlwFN6APm8xAq1Zy5SvMQ2JUGqw4L4gCfcqpygiMUGZpvtFImmNfxwgAe/lC7GUq5Bi3Pub2nKt+ZYig5cYzABwe2YFY0XO2Yl24yjfI+HQlQYKKDRXERopcJmrlmwrm3ioY2Zjpbo5Mbo+7NY/ma1YTBq+afqOxRN9n4MRdu+WQ/0sRbc0PLG1gfnyifhLXxANXa0PPcKUC2uIdD4qXbe4HK+kwhEnOrLsfiKAaeB6ZgEEjQOs9TiWZX0EEIFhQKbxWeYjaw3h07vD9nSlwRvkyq8A8e5aSr3A/y+UbSFcROBYFYfhlq88jGlbyY+JamoDasldNWOWxqChJDAVO6NDV8xx4r1HKwZHXcnBut+W5hoH4HxKLcBRNPdFUOXnCARepnEG/iezyLcB9ETFk2Wldb81CaUZhsMBLMSAMEK1bpaozKiY5iygaSuph15oHjeWbN5LbtvG5o56a+hU9cSwZfjdpxbvySu1XKswrFHCPdxkuBak0HTvpmMLBNsofH/AMFN5eJYFEwZ+DKrNS0M6dpTGci6dS7ObKYIZgPL/mBq1IslSxwx3G53UOdCsa2LA03JHiZy8BND32kNKl/LCIZvVIgMaq2tKaBr/mFekVDWN6+ZVfY8/wDkPnYJ5CmunUL6Nx1toYawh/EN8ftF8NINpSB7ha9RigflubbC7fJsWdQdAuBI01deyksxGAfhEadwQVu61ql1VewqWSvuoVLYcBLwtQ4ymFaxVn1MCYSMKELSuzVrW1P2Nz0Mc6CoVVuiODx61aXOi8suZYafJclZvyY5RmqKaGgl18TdolrKs7iJZ1ttX/KOOKhwA2/NwHq1ph4sHMVzcY/QbhuZdUWRL/wkLbb6gpRT3BxoMJzk9/zKrLFjc01wHZDGR3sWujEqh69d/ixlHXSux/BK7cqsLW1FQoKl7tr85lUtYaL0Qd8vLVHEYZ6+TES4Hor+x0x6n1LN0c8Qy1+zu+C+dxyLTXxE51LdmPyOooeNTPbGOWY+S4Rq5GzvrEaaMAK4GA24vEICy9ms1xMC03puh8yoFHOVBTiUBBf/AKQpDLCeWOI4LU7vduJX5VZVHNzsSkDjEnfuWWpFt3M3iduuIajRpIw+rIbx8xJcrCpt/IJhmGEi/GhPcvCEQNbPvQEQKz56lmOsLBoGrozAKpgOovcFSA7MfTEy7YnTD6BlnFUNjkpowplQsEDkKW1GsZsnyuaJvgHnB9y6VZ5AjaLxfFx+g1j2lQpdXURWpqUcXdbeXJgGYJ7KwKnnFTH+EYtkcCnPTKLc7gtg8CM09LIzpu4s5i5O8SjVNLt0YS1Vg3YfTYJ69sp0QtE+St2llFqbmwC61TM+ru6NYwZtfiDP6LiGOEweJXl5o2BSMrVaZW5GoWDov4Km6FxpuzDwOkSHN/3cdx8ijllJVwKAIg2GcYoUylWLGgNO9JxhrV+I+oNFkkAaQF+Yeki+XMF77cRoTlTG2OBB6TISUJSgNjS8s+Fyr9bKF4ZRoDXVS6Ol81uJlV7G9CrFpUa5mRpIzRn+JuIooHWwPshYQZXTwBtq2GbOBCR25thpzdEmQTyzRmcRLScFvrbAlaGRKveopjZCzA5TYSmAlmbAKohlLqXZfiACub8vZwjAIoDpmrFC/qUZ8Ur4Q3b8EZW2idvY/sqJqMUgwNBtEb9HVLTRsT+ktXyKhWfRh84i/bQGBSiibUmxyQSxzjeOIwpqYXTvsfybLxXZV5fPmDBPnERBwbT/AFAw2c5VE6OcvUeGmlkH4UZMfnOPMv2HtfJ2zuYBlt4IOmnMCixW2B6gRNYF21JlLxiUYW+XmE2BjGFSXUEjV86jWnNXEaMUuNJ8ydQtusXlx/mbDnKePELAMveq8EoJIRiq2NZ+ZRQoxW5dH+ZcA9b5lx8DRu8xjW5DUvKNK4nD+YCQkLa+npy+I8XsygytUD047SVVcB6QYtA/20u5cBACi8mTkjXQ8gDAfVpvPUcY8VQP9zE04PSfcBQSnqEGndkF2W+DMXa4EY80GH3mM2MO9CtQY65O27E4eItHclNZvnmONNEO+v8AmJZ2x2peujEeQH4c6qv2ZJYYSVzKhaFvqriugowwvW3izdXFqgwy4ExwyywPqmrFKULWMS+GfCeNnTpZVrt8vk12QUNHx5ShilW+U81vmZ+BMOKGQG6QpYFYUsYB5wQwwYTtK7eZiVOr1YOiT/gRiwvgNvgieyQNYDVt2EvCNVWJ3l/mbg20+iHq47F70aio1jqYG+BbTG245SomcL2UKGNqjj4hiJYhgNOmG7HmE4GWKWvFcHuYe1MIUQxDS6fG4o0aUmeAXdagZbquev2x52+5gofpdRZS5ljTwlIgfZU0Q5yr3MsxR+kP8TTnaL/UGorpFRbNDdmhua1r3rLn8y9U15x1oD6JbrHaEfFGq7mA4yFqzovaEGIZTl7bD4nKUmsgL1tqMRfAQ9MSibyBbbVh6gckcFLQZTmhHMvxAD8fRZnUgYeiHt4JbRkiALeT3uYZCmaytC3zFCQYLgyptK1klgG6Gw/mFW13FUuqrALEQQeqvUiQVgGNAUQFwrh18RyDk4jWHEaviByaA6DbjiO4ilcncN0usr3MThcCgt44aim5F3C4+yLVwWqXWaHLBfskAGjwwfFLy1v7moWzYgjyIAQUsX93mGYIaNi6OVzpjKtEGSwbw6OKiWLR8jU0/UEvJ2h+VDKbbate3kCcZDvfSLB4iqTsr5DgcUSxT2VhryxTMw0KFT+qD4lSSj0qP7NkqxOp9mMA5fqLB+kclQKSgbj5gxh84RQUeUYvuhdz6hCnzZ/cvTYHKuy0SVsA1+ou/Y+Eke06iglcSkij7pTAEwBOcJ7xP4YYw+78ez0yxGXFazPo0niHH+oZa/w/9hGgpwMxbBqL0BxbzLMdqX/AY8EqQNavUITABVx6Ym9EakHI4CwUC25W7NXouf6lYt9eQ/MOWlaGYAQN3/kGUFabCXQCWhq6TIiiu5jEy9HANviE7XyoZUNNTVTl04h9W+peX+iwDqqEt5qXyQvkeXdPcoVuIv0CJHoCurGiwJX0j7RXy8DW1j19Iq68dRnNmW5/eoLOR1IVUg5U5Lhf7SKjF5kWNLuIOQ9t5iAyDF3/ADkV9HLxsIfktzHqXj/SoYF2BUVrl7/PUchcfhNqceTGRIACs1t/HwmhQvnpp2PZiXWK5wSpotqzsCIJ6zvxcqKzOyuYGEYlAWjKY4T+1obBXyMREOqgXvLWZomn+OD9g69wq0SfW00Zcv5B+Yg4wjQdoHPACMDBLS5exmANIHr4FolMtq0A7VjHRN+srAFC+bWsBr+4r+/4BFSbFb2im8T8ZjNFVMZtxkER63Axi5sqJhDReNTD0h2wIxm266gFFFFp6YHxw1SysC033GnZfok7lpu8e4ctqHJvziUaFA3UNtu7EQ1z/CUZFwCrwEAtvM2Y7aVv40jQWaYaW85DohdxXA28OT9Q/Wa+3tTDOCgyYM8Jk0RilpNMczsTqUPTqy3qt0W6myXByhZiqFM1RHGokthznl/8Y6fywwZWVqu5uRFBOpJVcdQWR5QlVya4QxVeCAhwDQRpwRA1zm8QaQLFaoAOpUDRS0LwE7Xctl/Gf90asjCAKqAMZ7mV5BkOrlwLTk+jqGWKKm9ncMLuU2bqJ8OQJzbS2YtSmAQltVW7saf5i1pnUkJzSgNbYFFFQD1CVrqLExqQ5UAHmZXXMQx0fyKJQBL+H8zFej7gjoj20oNNBXljuFKHMHVWOVDQIrDwVwDrDTAekpX8mG0t2GAA/i4HU1PqUEGU9MMA17bIi+1vC5X1t1lO+jyS3Ct322X8xLcFqFo+UGhoKhsjo027lkIYstBwWmIGKGuGwzJ5l8SeEyDLxLFIaheAP5u44IkxPGAeSCyoY3PaWP6AmLBL2sb33+Jc0od5o1UP4MdCgUZC171OSp8FzJth/tFeTcSCfAGoh7RVYuhZRl5qKkmNU/qwj6xMa0Imd7l3FyImpeqc21OE6MkxZyoV9QMpfIq39DKkgRiDQz3XBAZ2qreAENj7p9dwjt/PfHp/4iShtgx2u2mNGchAS3grgmLteArCniykpPtK25UPggrms83LDH2sf8wc/EwoBHWyfh7glDaAfhZhX8y1T9bPdLHfGYsdnrIpFlg0AwvJYkyYqgL/AMJnTbMod402S6lhdaYeQMdkeoJdBcazBNn9IsvMpbwvPcbot4exYmpUI8/YezxNsL+T4Lo8EyOedw9AzC8yrFExNQFfhlywyZX4j8yb1hip42eZaAw0Wi+BrOYQEQuBdbZbI8e4nzYZU40YMKLvleW+45QzNVDmhAsBLsovIZvvXELS7hq02DpF0ymldpi21luqFzKN5GpoKGwIbLNFmPctgSKMufixKFaVv5JNt0x1zt8MC7Gu0xiHEJYvMb2gtW9DB+Jw2xFhrS6ljCC4sozVJT5SZnU5nwUH08MJKY3vz74mKsckIB11ZOU90K8QQiuqy2kVIsd1HnnUpBEAZADZnv1M7mCqmmMfFfUwQAFO985AeYehfqXht35iKtsuPmO3OBa9EpaG4dF2/Fh8TkI0TNnMthzA2PqXaFbtg214Pzv+I/xRa3iL0Mxgzg4og7rYI62XooEUH2hygrRZPLp7TamtY1jzjjqG8qb0wfRRL1FNpFSi64HNRsjYDJjv1E3q0s+YHTF6H930yx4741p7dkWDlL5LTA/1MUgptWPW+frKLsU5KaAAAS6pyhDy8RJx55w+H8z3Y66DF7fkhKXngQtDaPJ1klcr+OfqAYqlwI5l3IIIX2QUdS1Qa9yyuESmrpDZx4gVK5wRVVsYoJMoftuO9pkdxD7BNtZYHSaU6ZTD11wR6UM4jeCq2uWs0LrpJhvKPLxFFfsOWINdrqyuHNTgddi0u2WZ6mDatJ7JMEDmGDJwxbPobO5XTYRYpeLlDHbCeb3N1L8l8kyHTGKlpLYysofdoP7HFIuSDem3omldEgFMhZo1DReyBsYrgxNPUDjBvgnDrUJCFR0TrXiZMPMb2SlhXFuNxhm71AWAV4+epRtyiiOT46Fc+oDI4xS+waHviJGVlo13dFyrLFMjE5G6x8KrW3J8kcuzuWxsabT0Lx5hURQ5UmBfGAmQdtHhh/SuIIjivWfF4zSwXxSVASiVOQNldhJszs91V8QeDDyLr8uWfDPZFGz+3WWR96jIHCYye6t1bmB4w02UqjjaFGh0x4RCBWiumMopxHCLap0sSueY01R5PYYxU2tWBbnQ8MpwK+gD3mOSxZPoHBLbA55DYviVylDhngTABBOgMW10DpHSRcfrBakVzX8xy63WWPYuVipFXQvPFWPZxNrIe92/5guWCqOIl2MGMQwC00Ld+h6hvF9UMFcWYvywwVZ9rT4ImIMeVhx/kllkoiAF83tLTkbXAwYD8cMEOjVVruZNfBxkfswclXcao1kDhiGZKbrRNPuYm+1I2dO1nqaz9SrvtpvK+GlvcwWLKvbi+X1ZfJAuUVfMBgAmAhIiyrQsBSV73GOGgqnOnrbzPJ6mnaVmW9fEwc1URbnnD8VYZngrj46hwYiGSuT0rBCAesVtruu8L+zBWw7x/wCoNGIaYbBH8qGK28BFZ48ymoIbAzDjGcfOGJpNrorQ6q8npmFgdje751+YGZFhGYdLGzjuJow3hFeThjbMS2TZucTFCfVy3kIWojHF+LM0Ssi+jWaYnA8KyapDRZOeJpsL1cWZINeaS2qr4iekRleQ1mF61cl48y8WIZA10rGO4w+w/LcFcSsn8S2fYDrKma/waCCh4rg/rqFqo9AQD7OvaLVu8F39YeC11ToFNS/AhDIWj1QRSDM8UEo4FejMU55h269XfUStzk/sFwasrghSJlHTqwtVy8k4ViTMaV4OT9jSvU024mQSNnh9zXyKrXvDBcJlxMvNb7QfEow0uJ28TiSl5lNFU8BL4hTr+URWEhdorR83EgkxIUtK4h4iz35jJce7ou/UfM5YY0o4QeJ8rjvQPXxrUA95iEB4oPQa+JdjlleVoko526M7KtRd95lUaCZYnK4qXLQV311PqEviygB/RMFg05mV5bws3hdWVyHQKlJxZrJFPYBUDWWxEnLrwzDxnMSUWsvYvtmYPg9PAz8o07JZVl2rK7zKHi5gK7KHzBLVWZNxcwZ+4g4gDAYP+zEV/aAq73PGA0n9PzGW3d+/pmgh4nJm6EIFtph9FWmLeoA3AcScpus0O3sqPGPZ/tCQau5eVmByz5gvNtTjowoLpmRZsshwNzQnbh3xaRxsYjtnYrQ2pG99RhE9LegLzNpdnnbOBYAy7jz2omV1oKEaoZYHIWsPEzeGWOAs2N1dixq51tgsDjqppfI3Lu4g4sgFxjhwUL5lwIzDVylNl/MS8UL4dHJgp9RQpU5bQhlc1dI1uAo2qGGhtbce+YtS6EeMX/EzDo4kF4okuMcREiF6a0oJx1Kbq2a2c32U0X0j+yt4w8xJMk8ca2Bl1GOubOlXtmrMJ16RyGrKHFiKGjqnfTYbvEbpYxGWLmCoolzx/abiN58xmeAe0NQYYSI9SC9Jyi/MvZ33QU9oO6gUjQ6LM0HzEWBtzHbLTi9wwqB19CL+MXg0T1IHTVZxAYXZ2cPAMrkUrqEP+8zLZMt1s1k7nLQ1UsaN5G4cW4vWjYejn3Ktluolghl6tnoZWgzgUjztOHLjmAX4lGo9vcpy1hY3+y+cXkJUy4vD3cLmS+VSiUKqLdB8/nOdfu2zjrysOWg9SyAIbu+PZ7+o1X6aAd22eKhEw05RTm7lYww1CEbrCuQPyLLEJezKlocHEwFjKgHMyfsP+SnLkT28XW42gDkAP4lDeXdFKe//ACZOmwo0bXUOaWKTew/1CwxUqHuYxYDje8ShzVE+MScIB7M4FT9kqkP6vHXnaVI+ltXejKZ72JrQG3ZmAFGsRCGoAvwTR5UxiP8AAhTvqC1FAwease4TIG7v6JV+oTB+KAapVzxCO+cgHF6vNxhXPatmnKMK6IhKKqIqtWVpgJz58RjH8iQmwh7PRcuG6YeRIcV8Q5b4V2m2zvG4LJgoWaF9ZYcdeWZz33KkjJacm+WJU2uuArT+yUyQPt1gXvzMY53sS4V87ZQD9YRQzcB8FaPqBXFEmMc0ys9QDdyBo6tq/iO0qvqtZDhlrPMKDQ3IKpKlcIqFEyK5ocYle2sbABP6SEkhegdPc/OvEyMFUhK8k5MuSvCnllLlNrMbsNVTfkBXdsykKVhr0DpbfNR5veMf6it3X+kuX1FAfzngiDdhggoHNBGXO5TXd8B17zM4WVkguDtdzstLOri7106hiA5OeaxHNlwyH68h8aqNC4jFabYADuAO14ugJ5KkJC1UGVYf5IUQULUpebMv7QBnPZBX4/qYG/iO1aNLvY2R7itxClFp2MsWgYoeRf2+7mVEwg5InZr3mWBBYMXvjRWMRnUJiGjhVUMKaMwoCfpQ/EchIngpQi8Hi0H1ZNnueI2xCvMwMYJVcU0xtsbF58xXrXRYF5qtpKRLaC5AZaF3EJYAjGuHJGAgOyKUZKzOb7iRFLqrmW+UqnoYcyjC+KHOgk4UmxFp4nIaOIIdXBs3Knsi4GQYsyvAOYaDRsboci1jOGZHJgBajo+fccShMYLALraZ8JKOcAy2PkLF2vHUabTQDUfN1mFMVGTayx8ltp75aryQlVAgKFrHazjOLWQuUsW7C8kQ8nmoo1i/mwSjGjpOGTU3jIrozDUxA0KdocQdx+9qfJw8wmCrjBpJZLv9NtGMMUTG4Ytwj0nAyscdsxQSssdCsI9zo31SH4TOsiLL0Dgay98wvFnAebf9y2gDbhgKBF6PyqPBmNySPnRYWxlix+rAaB1TgogxB2uojldhqHReDLRxKARkCF5ctw7agHYpCrPMtyeybQPKLJpHXEI1iGa1RM1iVePQ4WcYt+SFv2Vl2qm/c4uGdzekpOc43wZeX6SodeF3F1jWAC+F0eoOaKqBOsFfEq1HV7JjyXn+bhuYFbu0TW5iZZTazeJVjCEqmHwG4R3KEzwcqpm4OvOYuqrlccZ2G+oKrEZRGD/ZG/JEu0rzSh4mDzBVpgzoDb0TE1aL+JwM1ZPd7NoRg7f0fscL95+4GGbcqhtmAl4VXaPhe2XwTjcXpeeK8wkJDBihXnNTIFNMe9/2CWQSYWg7K4R64hfrlSC4fqLnBE4rQZwHMXE45BctnNCyU8zg+vmHnVCUbcY5TLoF0qDFNb+oulocCII8GQqplqEWzJzKWv3LDiuAOalTga4ctKFgFJXZAKqWDvt6XOd9zJM3yFpUunrOjuYt5atuFr8QwBmTVWAapvomfdS3O0rduoalMvISFhecpK5qOgHg4jzuqgYtdLLmU51e5vHh9kXUgBvZXa/ZMYXvABhce3wIFHB4hyuDwR6mhAUFxWdiNp307RBU9sG5q/YLmU4hVbVGhVg59zStR7OVc1zWoKi9hXiqjgH17lecZO8Y+16LhzYvsTNezzefnEYVFjsD92ilnDbf3K4d3ADycTaLYzx58JVqXTK6eSZeTarm6IKh04qyjl6Hk3EPJFLQfGVE03S8kyQ//pBJRSw87S7+euIOKhzkLnPTU4WFckV2ntlzs/Aqu82fmVkm2drWrps1nzK6plRbacJebzYy4ruBZdQZLvDuVI0ppyrBr1FoWfuy0cUIF3GThZAumavIGX8GAAoXgLu+5aZS4u+PF0KvoZmz+VoYpMDahl8LXGRyoWoYgYxA3M9rToPLGdKxZef7m7r227Amm4Ma7Ydnq0QwDwyC7eRZkY+NDqzZb40gsw+qqr8UkbHHuoh8DmXMk0Ad3v2JaOYbbSzefDHTitF8E5qKmw4rBqEF0QHS8US69FDMaCxZt3iYEamNgMfBZfw8S8EYD5N81x8wczX71pfnGG3bw7l4CC1ceqHUmaZ+yqfCAHP/AMbs32fUo73hCqNHiYwJBhvKMEtZxdf8T+Uq4mpoufDwGJi0Kj+oJujFuqMyyHCpo+BE8snkq8O81BTXV5ijT8wnR1A/qOufiyx8NYY3UbRgjJ5ajuubjVv8Jcbv9RgvmAugrtMpiV355Zqy/R0SiHQrmBLq0iLD2PaPV0HKLeTNPcPWLXr1p4UbvKHloi5mT8kuVgrdNb+ZyKOcXSaTj2qO9lE8NEoJNoqWnyWcTFtmFyKLhwEuMA28y1/pljp3AmWL5/zCrv6YKJaBHZ0xOpEabWCuAal+wzwi0HK/REVVwRVDi62gYg7QgAraADh0lQ4fZ1UzJg5CwIZd33gAGFVzKImHLp9JqjKK4FPoF7qdGwNCrDth8Sq2GZfJMOLsCn2/VRL/AAvUyY1nuSy8TUZKpqgasAUdMKY3GN/cr+aFbNABfqAc61TnwUh5RuGG9vJPL8kyN2WDuGKP+MTYtwUcCiPuaLaGYZyK6u+fgFl4hBfCHa8RdD6I2i2M4ZmFSA/LQ3jOIVapwtZgFirFYLRivIXD5xleIhFFnqtvROSyl4t0ya/mKgityqKNLCm4Ds5GsDCnVQd3qPdGkfy5ZWClSg2ZqnNExiUAyNKlbtU6TMQrVivI1uahUsgEWB3rufZn1N7HnvYJfzCBPpP4FiARt3o2/BLkCjRgsoPK6iUiHUYvAaZqOdFfjIvDHWpdq6rJXCml7j3F2VT4QjZR1Q+R9xHaxtOFyE9w/jyV+1xFhEBBrxvKeuI3xC1WlcTG5gFYXgUNd4LZSsfTQH8gHOoTzeDZW/bJyctalurc3nm9sdoiRZ3DwS0a6vNdsnhLQIL3HQ66Fh9BNK8rWku6gYwMXqnQrPkfeH+dIjQmZwgF66woKrUontu3ZgliFB22rHHqWFiEvhYfXP8AUuK8DgserXxP/8QAJRABAQADAQEBAQEBAQEBAQADAREAITFBUWFxgZGhscHR8OHx/9oACAEBAAE/ENPE6d9AwgKV0wHEgIcp3ZlOsWfq6a6AIoa47xfqh+8KvEddvMDzYbHo7Lt1iUydyHc7kpi13YdeKCHhSIbqQstL/jJkQCfKC0PztzSAeg/lApVtXE5+iNaJImtmKJ1XLSFLTXImlQriCbq6n3KLFW2BUGWm3iZIpzAKE/pFXuI0h01tkUV6wdvhQ3FotD97gIl6MOHLQha+yYvbpnUZRPSTbMWTdrbGhCpA+ZrRDMd8WJl9xKFXjCGHIB/9UJMqmEkL1gqpMVrEvXvqz+ObyIdGejRhAdTfdBqj/TGlI3sUL9R5ifUAasxtEI9caAqleENiLuHbitpsCBpMX9S5Dcw2AvPgtDzCNSJ/baEgmHfiXA4x0Bv/AHFjJO2XZABFCt2Yq5yGoFXiOvJwYv8AwcR2EcHmEExXXsXeIg3WmLirn6w/jcVnNB5SP44TdLsEO1iAfkypuK9dtFPSwXUrQqxSHoF/0wBcuwoek/pccnCJmLF38JghBBvgQX9NOczaLLXeVtov07halAazta/ulveegjmlvBQ/7iBZkNy7IF0ZqKFVu9uoNkwbhB0Q+Qp/57ghZhSul4vhBhqYKoHBAfiv7iapq+rsrRhCkwCgUko3rEQU2JJU7DtmacydVZTogn9GP0fYFNr9BghuxKRDcfprFDYNENAk4EdIuOBCwBtf5cCtZW0tD8eYTIjOQgjbaM++YXywIAbtvREckWJR9wNoOB7+YrAauI6EUjSatxp4FpZAEN0+4qPvDX9BlhOShujnZj42NmGLRqQkxZlgH/GHa4rl5lQIv3Cq7NE/f5SCkFuDdaLVuB1BWjFZ0G6YiAh28UuIisQgpDtIGTznin4CkQ8GK201g5LEtJs0SmmskEvSJx2OvOYnOO9u1XaEX5lXfzAsMb06uA0xEEp0SabBcO0QaiX8KgTjB7dpQRs6aDPwLUZt21PzFkEdtCATY6l1gSm1anoKjecYMQ8IQYte7Xn0nBhRoj6hqIKOsoUZUIBNPWdzbpCOsFH+Iyz8xIsU2QAWMDdouWXz1IxTeq3/ADeaqz0ULIFBfhMBF6EkCgUJMCAhTwzMg6Vl3c7E2jfWrrpow4iETpt+bD/c88wMzClAV4ZsVyJKFh52nzCzdvl+PuQA7uALVQtERy9d5Sha8QnAPHXLU8uyAANEkyLvzEKKaSw+3bgak5hsuBPo0e7bxCTIpF8J9xfDbgFvACPtdmMNQAdgAKrR4XWNXWIGmyAK7VwuDn1tOIwlZDKw4EQRwGNhmymgTBVB8GBXuLJEgfjwWSFYsc5CMXEuN7ZNNA298x2lkHO7pHj/APMCfJPYayt4jcNrpRNWwnk3uMIkPOBIdgp57jF7sDnXACzb8xU6hIjATWCG6oC8dBoxlV1lNHcgX8/ct6/GTpgmxjGbG8hw0di2GMC5WWKvTtfafMNHVon/ANH5cVGufsMhEfrlolGx4ob4j7nm3AJQAvwrrOueMwk7FhL+5WWfTQCd/TusdlxcZBJNixKY0VDT0RXrq3b7ikQLyhukBdby2Xv7iiiCIPrHPA0FPIBPh3JOjfEmrFoRXAuRIXwIT9gENF+ZtQsJWXQeA/O4V9DqMkDsb/5jOu0xNIAaP5WPCAculoqwCnA5lw6PHaRzf9bwSWQY1dO20Xf3NAIbRaxCCsm8JGtbWokIrwOneAjUEkNNjojfuUANUoFByn4+53gS4BEDZwaTeN4UO5EZsBI3D8DfSAn9A6QmzN0V4LTW4OXSjtcbnQXuMEhluzQNoirWUsVe1bPPmUOuZhwQg/2IYk2uU1CfCj7vBKnWhZo0gTQau8GO6iBpHqQg7u8bLDFDeQJVnMXGydXkqA/cJhZfOboANTual0hK+wAU87l2PiQrhChoCf3IBrClj2/DUfcRvSS6U1XiOs2gl0OpTg1dQwxEi88ZyA+4MLyoCEBavT/cjF8aA70JX7iNAWxs2NJED+YLiNDCQa8AAjHTcJJwib0aGHbesQiQoH2j4iV+zCiIKwVjopqPHFN2NUQTYl7zzJ1oKqW/TdX165CoOvgBu6UPMBywwSYgCPsN+5B7IM9AQdJN95+4pZLTft9w2firawEQv4O4suw9B3wminMudtrmgiAQ8mP321T/ANIlq+ZbhZMWhPStBY4tC2gaEVFc2a1+XTC0TQtbH+OAKh/5/ijt/wAw4W2FKrvQVMoejjoFuJ4jcdp5jKPU11xCW6BGUAiQGsA9xDzfbRp0aA3uURiMATxyWFkoz+/s9xIySDRGQQFp/wDM3JLraZR2HWR/ozMDSoPyPy454zVtpgPRDBNakbvSnRfJijBUOiRAOwSxvrBxxLHM2sD4fWXBkxRS/CsjUxA186weDYT4YjWCgxBWC5ZDKcvSICvBEro1TN1LpoBRQUI8dWZTr9sHDQ8AfmL0gakMgCk0Q6W5GBQtX3r/AE0+zKMfCL+NmcUL3Gd/pCWnXcjXx/cIHqR0t6cAU0GsTcAt+BrFADs1y4SimdM0NEI7PcAJbfiZYRqB+mBbVEupLrSkWuZBVVBWRAe4QHlzb9FzY7NHoY8xcCzwS1bH6ua3lqDuBbfNqDeAsTY4VGU7AvqYwd4++q7NVBuauaibxYbQMF9azZ+6FrQUBhJ8MmYLxEIAkNKzcwkf7pctWnDs5M0v72RaqD4ooa4MVXn3XP8AuHu1BtB7kMcfMWy1pSUwU/xVulEEq54k5fA9Kt/3IrKBAEU2aGrceF4o2nq89mCWrjssuyNn/wC93lhHuAwkRdV2PcGUM0XUpHZ9TElIphAQM1UvMS18veRkIlF/uN64A3FSiWGjsbxeX9L/AP6wDh30nEj/AOY9FRqqe6JvEcMWl4cMe0koVkooDcMg6MNr0xanMLejhSKQBDoa2xbioJ7ojrVtdZfIhmW30rqJ/cVN6qC0lQhArjrdEO0QVDTNGAdE4sT07YioohWruylgcGL/AJ52f/XDONhlF4JqOPAAQDHcoxeSOIKxmArGBDEzYAdxlZzAAPdiD69UGq7ujAf+1qxWSDTQ+ExJbfshGiNz0X9wKgFLclYCRMDzKgUHU7Rg+/3NjYN60+rNuCoVSYiftmIlwrsqU9D7jdXQkJU1K4QMLMIKKgfZn14dOPm3K8/4zbA3P/8Ady2c4gddpApOaw7m2ENWDsLv7kstOpgBue/wwDNOIKHA5GIIBT1CmrhhCKhV1WsphWwyooFANk+DzJ8O2aF5fzCVlrXgovzWIokxo9zBqW5EckE0ES4gvjajveNpSFolIFaFPvcBtndFLm4z0+8wtYJgnakqL/jJDEKVqysNuo/rNMB32doMWDRFWvKDzHUsmJ2CdeutGCnqzDgr+/cabKtoPy4rZwQVx5G5XRcd2GFJnALvH9GVkgAmuW/HB+TApQIuvyokSfXmKT45XeYIUBB/DKWoEkKGp0bdLpN4P01pJH7Bp/NYmsnzSCuprgyORN1ZNtO68Re4n7GXWlQUou6443hQRA50Fzi4lAaaBCusA16SezpNOHzGf1iagsxr1cNKaCkPxiqQ3DEqlSUpUaIYGwOscsIQKNRDFfEa7gUwuG4Qge0DfmKFVTQR7mBzxg1W7ACSBNpvKQQZX8ov/d5Zl110JdBevWBiXbDNlhib/GDgjVsH1qHP55im0MzJCr6HMQrD+CPlNGEPmLuFpNTKRYQduYBMqiggOM5o/wBw7m0bT7/MOV7srGD6XN9pfE6YaE1m/uFme5loWFw6A8OZYn6Ikv8Aor1Z+MOazQ/RkuA2P9wSb36ZpCRvfuCknAuhyIUm/wBkqWfA91m617UEsgytaITIWKumN+pQuLQcYnQgEU8rHuJOBVmqlgo8C3uNZGfKlLrfguBpvaCKE8+4U6LtboJUN6OzLPhRTQLAg/8AnAp0NUO6a0uuM6YPxa81iiYogBQE63lFeBKXQrgOfMsY3TVVOfxwSIFEHsvt0+YOEcpICq1B3BCZmht2J9uk/MWbQcPQyKDebpgUbRn+Juu91glre5x0njfV8whx/wDsrgcIaTIGkMh7sCEaHxjb5xM1tfvcYI0aqkt4mJ4NA/DN71j1/EqJ/RmUXbNz+Q7fmcYiZgADghEz+THivZZbkdCIodtafEwMcsFVAdrwLjLT3lPt1jMcQLSfUEDP9oG7/wA7L7MOSB4jwBLgy1Ye2Fr+DN2MXYRIzBTvmBC+YBMqArETuG3Ay0ni9H/zItAuLmwFHXmBiRALiK2GmyQ/3EzlFLE85zJYRvqKew8xdErUBvApNYDiWmBERAVddfuIanSepLxroQ1zFInghoOi8rlowhMbbgaCv8xFPUbL7Ft/mU1MKugVrhkwrTK7sX5cdFrS2M4iBve9Y4d28BlA2xqQdGE9GOiAymgCHMcNDcVMO6feY0so8w9C1L2QiuGKig2E9bKP9cwWmJKHnn+syiZ1JNl2wJ8ub9Z66oUg1AMuB4W1aNTSKCf2Y5ZqbKzEasvBswFq0BErJI7Xi55LqNBVu6/sHBLSACfnoAgkZpi6yXRp5SQodgsuPcXBHKuY+PPcWYz0QGRSarXjEv8AdIdw8KRRri9OHlwksFRpX4yFIjSmTzhRExQ6O/ZrktqLZB5j78+EkL5Rn7jrEJnak1Jr0wtSq1GgnpgPcetkUFVJvZEVuFnxmiCkFQNvjIJAspCktwdP0WaH1xDe5oaU6OOc/ohB4gUPNYheBiUM6gn0GphhprOg4WyaV/mR+c3mUUB2NHYmMA2cApJy5wsOPAB7getRBbg9lQTxwlbp1B10RBKshzA76khL9X6w/MX2I6rRRu/7nlJlxmNFq3eGAPrTc4dB/wAcILCHdYBQJSHMJ1iYOSiwv+97noTBSCgQp8vMvpJCW1NOvsTzBKCNo/EoH7m/p5j774fzI8PlU11qj/hh1k1xpAAZAnmC9eDz6NW4mJiGUWQA/MQNftR9Dzvuf115xTAhvCqEzQsU/wAcPzFkttl0dHWzSf7kW1VkpTvQFn6wHQALlRBrmSvktT+qV0ZuKeK6FM2mcMr2ICAhSAKmjq8wIgJR/dqXFtOopgqrtfn7ipPIQ/rWn/uIeVcMah2Ase+XDVghWCrxoBdmC/TEYgbRFIuP+PGHUiAzNikjsgmxRxqyQYvzc/mKZIsKDO0ge5V7VEPVBJ6XWSboUMB3ZZlLv3GcSVALr6ME53DXjRvIIoqALwYlTZ4tIZq6Phf0yGg5Cj7sLf7ikxssA9um3HmRBwZLAXsV+l9yH1eWLPTlD+ZP0iWAkZpTuCNHQtvie4CGijQgSMcCh/uRFCUtdwu/3C54HaTarDOcTJccpwE2x06+awWN0n9VzjiC6x8geizUDHs4fcoTvorNF1C/7jSlzCLqyF8Da4ReUpIH1fuQgzSrrFdmj2hrR3rEWDMLwK3Emt4u2+LsZJLPGBj5CJwjQTFHpY/mRgvKmUK1BE3HLw39XrsgNTVRhg3kaTBxAApn6zwBCBrqTqgMI8IzFaRo6LFP5nWheYEOKNAtPzWGrDbZemIm+tWyRJGKVNB3A/uRmu5xAqUCZMAtwas9fhlNSGUN0AX/AM1znvdPCwxf2QERtAeotwmx9ez2FTou57iylIxFM4bLHet4EcDWlEGy/Xxxi+9ydTOLn+u8IRpeQQv8mFMjXVUKKAUbXJkHCNFHINHZxyLvbAlXoQ1g9MGJi7aWjWzWEqQiFFwCKEAnRjfXFG4PZJdDly4V6JK1aqrt+4QXl5hrbsX5q4zVKqgFo/xMq2NEBfcHSBEbhALC/wA/c3x9Q1oj2Jx+plIWK04O0o8tw3c2sibkD58xdgBJSkwUUczjgS0x4Qijf8Ztqyr01FXn9bxKSjbsKHep1nVL2HD1zx1gBmh3p/6/P3IvzINRGywNEfWR3xrIDyugx9eT6D80P+4ShAaDggDX+uC7sSFH1Gv/AHAhAQB3uD4Ku7lXCikegyEQUZvGcmyEShRjx2xeLOIJSY1jrVtyI7aQaClE+5PVrdqNPn+Bjrg9K0CQFWeH3EmyUNvClXJhVKKI7Af/ALmhZ9wdDwQT/e7wnXAiF3zQb+H3FVU00Du3H7cUE2OxhNmO+OTS3QBdRebcsR+2B0STjuCdpXE42IJde5SpIlnfQQ9u1bnguGqCbSv1/wDGbuoAAt+O9OsTNNaWCkAOqvMToLRxjsXKrQHjy89DT+ZMai7FUyvM9CRkpl+lCZHxsNUzllpZ9Md65AEmb15eo7MHKqNqiDYVaNu8MlR7AJF5lWmyYgKEDzR2dtezDEr/AHGL4tdZLme6sZ8BYynWMWrncnsMvv4XYmhgBCzGz2wK7Vo4PRxur3TErtg+YzmkuMNufq4EamEO1dJRO+uHaospdtifBr+YbyjAA2lFz6YnffdCQVIaqxuuOlohiJq1Cx/PcnFCWDM/pR1hmoS2hGH+ZpIUirLb8TBqI+joc7kVMm10vY4OW9EcsA/W275l6aJcsSy0nwLixwGiWECnUCGW/wBlsk0cH/nIYDUae1TNnAk1JBmtrASGRMmcB/Ccs8xnKffCp2UOvhgOKBcz8IkZizbKIhBiFJuBniKtelpA2G6kxlbjxhtE6H+Jj674EVRd0zTYghw+giKal1H3Yzjk0QHTdZovLmjUmS5L5Uu8zQ8ouzbex0O9auBimCBQtg2C0neTYQn3pX+kEy6x6tqWo/Yz5ggb7wVGJBs4xjAiYzSXF+4nnHvVjdZoJ+5ZqyKgiIdtxjMYgc2+2JIO8YDVDlQAG4YdP9uSyLAeNioP5P8A7lyqQtaOtV5wxR2hKzxQ0O1N3WONz9z/AKPHqtGxEIKOjzuL9dUwQuaAqawtxHpwmLSEBpuEKcDQIIgaX45WzY+jbJ2u5/cJ9/UIURBdiLZlvQEUx7PowZjkrU3XvqAEdbN4IbZcSANULPXEl8Cg85VS97hVNgEnhALtA3McARvRApIhfzNbC6b41rtv1cFBxa7+b7/hlfGC1artuPRjpbE0OiGZRLiV0GLPsNWtPAHCIOTYg9ONDjriF8+i7m0CFAmDEOIhuEDdTHs4pXxNizfefMdEAS8ASNeGJob0oCPnzJaMTWu39cRiNVqiqa8BzR5CyUEBOkXZWX20ZGgK/wAGDjZckJLAiR+m5Qvda6n5h8j7LfgT88w0gzQLP6//AMwqoLx0Q3a6fzGtAWHB7l9WFpOoMOkpbbZpBQVpZjbDLGHTPAEXThOdIoh4EY/5hVK6YYphEPCy3mNIz8VBcLLaL4xJ1alGCiiRD17k/eqFAoNFgZz/ADF2tCLKFemA1MkbNsBK1lGM125IAaAAwm6EoAnZYXQ8BzHOGcr2CA00yFVwDljc5ho9FMlvAtETgf4uXDnSofDGDTRBh4ra01rVnOScnlllqhGSDbdDm80lNaHbFaUdDby8aXiUZaw0HzN4HLfERAmPnXWClRDqBi1NhdQw/B4G1AIVLQiZNw2qLjoNSu/7hsoy0p9po4bwZ1fpRkJrQg48dY0AEsEsq4diPwwwFXgbJ64/XY79Z3SLpsxYmKNy/Q4o0OJkSm3qc3vAZQno38lafMbKUks8Igrs93jwTcUQW8pWfzN9AyITwgy8jedsriQEvd+hiZ3qmtCiofQB7vGlVUsh0+oQM3kp+JU22KxKbmphUNg8rEVA0/6hj28oThsNYLx73IBcyWa9IpVDdub9Hnm/VofV1m4r3JHgpd3rd8xFym4B1dEQ57g8TpjikugZ99xi8dH0cICgeA5K1cZQljbp8TsHzPQMHvgJ/WY1SUQ0uQjM5vN0n6y/ysXhj0B26dJNzJHcquaGNNEcStwukPRj0ToQwscXtxv1KsIEKym8+TULTi5If0ZYrrpkfZDMa5kw01BUfDbNiRYGi1OiiHwwLNdhyRil0+n5iSzqtYVMIIEe73jdayJBUEOXtwwxm2PYpWfzKujkvokdio/f3JmAC2jaWwbXeHwDBRVv4msMhQwoPwMd/wCY15MgAf1j3uPzo+xeNTSf39wMphIUnsIU3zOT8Iv8zrjObNoM8Dp1gCYvcjghs2vwye3YQgdKUivf5gyoS3z/AEPXuOo2qPsoW/8Ac6QS49C60J+YSZ0lVSmZyOKyqWLS3FTpaPxgS/mwXZ7gaLm2L/BPMQRoGBJNL27PzKXuMIqID6suBpEofp8wNk5vj/gxsJLSgj/bgRhg+H+YJ8cAVLVBsHJ5/uNmA1RddpkHVXBjQdLfzF0NVlB86YosMKYkQcBQGzKAYugG3l2Be+bcJCCd6aIGPx2Y4WVAQmhpvWExQoAC1FABY9ze5WpwxEBPAMncljx0UcsVNC5uSiGduRbAA8ceC22vhVOqtK3E9XlFviL6hKm2TVyGDgMF/wCbzSMp6pt5MWhqNcYvS6BGYK3oUNg1LzeAYRkoRKaXz8WU1dWgDcCRFPcCoERA1wh0V2fjNDoVjUqCVuEKx+wuvQ3k2rgZGbEulEpaUA+5BK3iFi+IypL+Y1KEnGlWAgZUjCqI4BQbP8YNVIKgNgYvdQYpA5ediuHTEBlVn+yZY26MXi+E/izHwwOYERfpRtg+Fh7MXHcboUN61CID0x1U0jkuNWaA2XNsoVDzRvC9oj9cUm1FWlbIYG1d9w7ZGIQvS7773GpNxBUkKb/uKV4sFNI0eJXLxatV2pAiKme4nCbtJHVBBwFacdAKh0JCEaX0h7kD4kaTWGqHjVy3tEHMpL+jwcjV0+861ImwOA9RKO1sWK+KGGP7wAOkN1v7hk41RNV0qICbxowiowomjZOMKSkDfd/P5hgPoKtFckrrmJ2BwgKQdHcBm8J4itB20/dmEWZCPU1ASe8MVFlQ9ftwtA2t/bjSEEheyffMVNCWkgawnNYXV9NkceRE2YBthcH00w6yQwgNzSf+kf8A5kMb9WyJCjsFGJzBliXn1kdIun9GaE/ih0dgybo4ZUi8PLywAtDFHVGm9kd7T/PcUjEvD80YLh0TaArsgP5j4QJK6AeKr+Y+XF4Eew9xniEUHDsH3kwL8VkLP+swV+OBV+8T/jlyJ4ATVA0F4ZcrOKx8yFj0QP6Jh+iMWnAYoQHJWn+VRAYBGPxVSRqwpBtcH8QoujI61uYyrq5UwKyEtDK7FVSk2IqGqYKjmTUhsTe/mME7VFkTobTDYQ2ajyx8w5pm86H+V/5k2haC6fhMiks7VXJupKYSC0u0E05xAiC6/wBcOofCT+Sq4nAAj48NN6ydgkuKqhCf+uB7SSsYthTIbMQ9ZQ8YWGPqPMFrfnMkqvwcUIKnYPEnfg/TAUmpR4+6pudjKuWdtdRNAF4Eiy7BHZhynuLDVxaL5b6UfuXbbzHcPHSVyBK0oK3YsP8AmBiimTTywaz/APBSJdJZPZP3JDR/Nf8A5iSWp9KBp/TN1wXIlZRR6l9wCBABs2bWT3DUuSwPoIDWtZNj1H1JRRpTQIw6GxiUS3Er85MsBigGpDitpZ8xS4C0AfV6IKPWYUJpFiE0ScjTgssdG4qIRfoawUbuDRskLOjRquVS23gEOENE5cZbRGkdE/8ApnCAh1+GFHLYJqtXQOn3eNvEQq9rwP0dZtHCwEJ+wEUHzuScmEeB1rx0hu9dM0Aa61QT0nTG2KOiLwUDrU8DixPxdUDCNqc7gRqZEEShfvMS15DINSEG3Mu/eYFVF1gW+sd2RcIAj17xgbMmm3BGjoSDjOFNv1YOwSExrakTUeg2tDdTJbnrqjCWBsg9w9PpMFY6KCoY/UJloACS93JgQMIZIIS4pEe4VWRWNRgDo6h9wvZePPU2kOr/AN3ierd6k8KeCTg0VTs2Zv64yb5lrrpB3P8A5imNE7YQ0AhqXI0nFWBYGwobJgtR7unJ8/MGingD6d5oDGhw6oVZ/c3A/RqTYPkzYkfIFgjwu/3BARNwEA7Jb24CIm1MWgDkv3gELcYWxXPAh4d6PB2JwusQzKmSq3G7TpHKGleNCId2uE9xV8aeoUa67ifMS05hCUMmwYnSKNRnvJUq0LHduac4kIak5iYVXtjH/cBrTeqv9M3Spo76FPk9UhC/xGYjIFl/+Sz/AHFky7iOU+L0oyjvdDRcEzpwZo2ISzVXLMOC/CbNOVPcUqBaAInAthlGrX6Wdk3ktM9Ker+NXA49CfdbLBOMcWGxACoRHU+YwsekstXQtDwcfZfTu1UXXeJ9bE32lV8J3sN46ZI+OgIHsUfHLiApw9j/AOl/rNkV2NZ80WC1uiOAfjl/mbwZuEX0Ab9mIFo3goHooM0N2RCgqFdv3EcLsS8ZcofWbOXtzlMdCs1NuM9T3OJACFNT4wwWcDAED8BB4awHaR0Vsow9HmQ0oW1DLIWDGde5H9aaD0Fe7NwLmtPDupI7bFGhBpMauiOJYIMHzCNeWpJXlpt1xjtskmuFEupV965jHPZAEusFUZhDV4w7oaLqvc0t+1VmeYB3Rq4qaHVIVCmA1O5DgeemocyeivVgMROWhXQbkB63ti1goAtdhXtevrm3KK+iMiBh/TSOPTACi4aDksd0xiBCgOG2siAE6nFD15v5FCn2FLmuEWB6yC1W26z1FruYRMWWsmhcmgRWhqQ9CAfiZDo/9MikSBeo83yYgajHRZw24NAAI8kI1ae5DjW+DpwNqlePGTcKQ9H0jRbpKZB/p8mIPpER7xXRir8JajyhfXBe6TJaq6Tqo+6wVqs9Bi1tDDFBeHRCKQoDWB2wZt6keYLqYQcXc7VMH2TocZHJkSJGwpJ+ZvPPaEM7PkAADBquqlAMqCMFv5ifUJh6qEKLMq4ceONwFmoLvH60oFRK1AoaFN4DsGbahKBAomcNRiO2qE4fmOhdDq35MPNnULSfrgGskCtA0rrWu5tWCOh1eT+mZN2B9RJoru2CQJ0DK8dBiEvhGT+UMYuDbP4EvcCjdX90aglLwFxZKz8YHWIAYCuOuPDKCVBre4xrY23+yOBEPN4oEJhOkvqeXa9yKXTMg0N+kd7kweLIRw4BQSGA9IX3sDYephTXBIjiO3uNVvasV7Vd5SMlbbsbFD/MFHYVDeDbC4UJaNMCq9mN8lbVXup38xZaaNp0Vr8ncC7+EbfHEcJ1CrBQwAapsfnuWcQL7ZvTWGDmLWAIIaH/AHInFkQFWSof+uKfBFfCRaoQ/UGHeaLR7YhevgaMGhzll5USWl8/mCFGnQribsuEXoQCsoi6puWgYAp2Voho8FvzW8eW6EGvzVL+o8wKNlU0cRdNqKuax4IpNiixnmK0RA2PDZjPmaClJA1Xnn+YR8FdUziPo0TIMG7kaV2X9XCwoM68I9XhjR3+FkB01IwHyJt4kIgno47cxeq6vn7Bqjel1kL6GdyEBX2TKnIIePCqAZjbpB/ZW4mGTITAa3vOCWMOw0hHDgGmm/YOOeDsdbQBhQwNmb1JSdqkFDuazidS9I23/PPmShQn0Cbui7rCozILfDT3gzqXEBD+puG/B+sIlnpFEQTzFGr6uHwQ+nMaAN3kKes4qf5lTKh1oYi4bYo6zamQJSk36HzWOiEYG704sDrLLRdji9wO29tlLDTs3h7VLqCN0q6/mSsaUHsZGYN3rRyggUqlEDSD9Z76QAHLhNW7l1DGuBB/V/6YWdL1/H5gVNL6k/3IqPQi39NC4iAM+1/5goA9q7vk/mMgVVBOLEOM1iBAGN9nJIj6HbhrRuCHyx0bPD5igpEghDS4z80akCBHwIYkyJLr1dO/wmZuopMVxCIIDgE8wjn3XytNKEPHNb5LcIDe/ruTgkNbAt5/5hyOFiNZJ/vuW7BvABVx4nua4K+VXXOCfplQRIHBvK+tj5GQfewmSmxZlZOYpbW0mWId3scZ0S1THqGCNwAjb+fzIVOUAm77sXChXqMtAU1/MAZ8mJowpVcT6BD0jNjkay/A/j1kBkmEYBVXTrN/XIAIhlbt7iPiYNrXQO5N75gSzXoiNloh8whfQetTHNY5S1wUt0ke4QAAnWL7PDd4YcXG736Sjf3BiTXEaieoI4cI0jltgnbW33Cu1PA/P1DwY7zVCUIBAIrXPw5d5ikg3BemYZEnxZ17K3f3CISIbH3b3HDG/wAH6YXe7YrMCQ2LhRtgxxY2gPrGIwCLzX/zEmlGvQQ9+H3CdP7rS68HzJOEEsdL0L6LGotCAo16kk3Y44ppTddhR4Oo/MBoBKEV1XP6dz+UFgJWDhjXVJENUPOC5ZLo5sBeUf3WWVAEBXRZ2lMD4Q66Ok2AfduMpMdL7P8A/ZnBoLQ5NhLsjoyCcQ2gbX+2ZEot6hUL/M3TBoXwPnuCyVQIar78yDIQXgqYyQCWUMIm0bThNCEFxmMep0ml6T53Id06/iZDjYn8+2n/ANx/JyOGZL0iqkY3HIz+EYSKAoouPU++q+7NbgMBGTBoQSgQ4Kh0lhEm2Wg/uCAT30EW/HVLkZd+IWRHRwn41cYBe0ENlIzJruCJJwQkbHf6YHGTSPylF4M0FHbO/FW1vTmXef8AstJOaszZmwbL1cSSMj9i+5GAkQGubNQvzWE2wGBhqMGlB/7glQ92A1WS1/UmH58iZqVdNUrpjtnFmxhKGBDhxhsjL1uwFpU0T3J85TU20FEw+5uCLo3H/lxfPhq2IVmDLR+L7q/+4gdzZrUfSdzdroFf8bgrtxRpoNvDebD6SYyUEgedMkKCK2pHYXrEgXkqFIRCcy3IeyudWLJ+Hf8AcFk1hQeXmzEQBr4bcAqP/mPlQGjoCbC47Fn/ANMhwgd6lFw0r485io998ccQAjcl1lgVbKOICuBmzWkcUU3qAzHCQyli+6IQU9wYslQp1N2x/mJ4T9ofJjCDGBL/AL5/uM29HAokE63+YiVsU2oG0p1MHi2yDrYChrfMn/TtEMQgruLhg2m+l3XB3HNF1Lk/VwJuljDGIpvRcEG35DeLvHKkk7HVXSQ3UMLOgVSEgSXQEN5VKs6lWGDAMotxsOTqmhtRINkyJJK6hNgCypE3N40hF/Np0CLKXIlmlEGSrT0ztCTBApdPMxC7FoIiboov3FX3b/ZIl3/MQxoaqsRdSaO5HIYwRS1oH03WfgKE6rYe6+/mFsGIwElaBviDest8gvn5KyKSOvmMhEJvD+9xHgrfBSjPQ9Mb1wdI1mi1VT65hcoKSdgA1knvOawDu2XmoE3K/cIHu3QFW6sN/mA65jES+CWH440dFGEQago9tF9xq9dxkz6EDT0HcT1S1XaGTbNnM2SG20h7YJt0IkXFtqQ0QZdnWj3BoSspbosEpccbj6M3/cUUFXxLcbKOVhdzaLhr7hYlC16lfvszQAX50/mIHg6unJ6dEFRdDYlpOmX8p3uyBkC9YuGcHdwPH1H3OPIBU8VDr7ll9vdVRCI8PmHDJgSlxKoB+RjluzWQ25Uv6/q+1H6ATec9UdGGGlBURBxqniNwQY9nlxG6p5qFRgm+skhlKdBLspp/B5rLgKO5ChCA6Xc1kEV2/wAP3I2KFUAY0QGmtHbjiJ9ScBeitFHzACohxsUE7x3veCAQF5G7wnFeoPPjrDbI6QI7joe4J0RaFVSgQpgkTIV6YHgoN6X+pgBLg6l8Eq/g9cc0Jir2htiv9wcBFhxAGI/hFVQGBhJi0SdGvDmsqUHJCzU1Dl25Op5aLcYsUMkDzNKhu7KW8RqKeg5SfAqUdvTfK5rGMqu0oHBfzuPneyU7IosELfctWI1egDHGqPcJDv1oR3BALpHZhM9aBGkApN6mQv4gFjFdh75hQCPalfoZCQGrH3z3B2ASuqdSaWfuGIx9uDw5MJJ+oAjqzK+bwCddgSsx7pmpYBou/rlw/wD9xSZs8ViH/jIFl/6fuGRREbYd8xzg70T2hpnlzhb/AE3TfuBAzgElKVe76wq8QZ3+nhMBSloIQC1tAjvzI5BzllpUaUztMtkV5QUbI+Zyu/cLCvR1YZCnYJQIfQVxqdoSH7IPX3H3nVaEWgYkMS2tJN7Jf2eYuTbEIDErB4jJMKo4COUYNi/C7mOZGeX6f+pvGzjNkXhTh/uRwhtQagNUxoalgk0tHXmFRODhuisLuBBCQHUhw+X3MAwLKb7hI1WayAJQXTKvEbFB04Ia9oZJ9qyvhBLJR7iGAmO3DN/xvNga2PvJN76Y+Vun95MPvhcwMQRawY4JRwysREKBgQAFxOhCpA6qeT1xqDAxaTIRTQ7hTEKz4mh/O4FtW4bjsJW6cCFOsIolJX9mO2QyqVyhHgamWw6VrfLXj2GABSUhSx2EYBzzDRQqWpsFT9fL3CypUpBsanJ0sAXJ1qrb3ADJDR5TeaL5zamxKw2EcAsFYgFLoprrYFz0xFZEpT/zAhYAw6Z3AZqRhnHQ/wAzuIM4lAHJBrALQjpLOWqGZ9KGyb3XQuBor1To/XJMioMo0kGgq6zdG2zd2gihbuEYZ7VHuT3j6MYLk1vUCu0wVySffiBFB9cYw9CA0Noa8zVlEnWgKPmv4wuzIiTiLA02eOXEIENVpHzGHl02fwaeiemSN8NUNMQKANaADFZNlJQAkCgsMXHSvMAm7EEuVpBfAXNeRee4RSnKny57MZytNkAR3dYFlIg0t0Jw6Yap2kILFclqzFQd3aQ9QgFuVN8QM2FKwigHtd24lCY1UDtKZtVuQOHkJ4ahQ40wOW31NYOVUqUtKuOYrGYqKoJArfc10Z3Bxp0AaO4trFo+BWoUmUReXRYoFRjT3JfLjWlAAVT0y3SYt5Bpeo1hzlONttBAGJtwy1wh+a64IGBqjoSfrAYbHRWG/aDuSiJtCWJFrA48WwP0t7mboqkUTXjJoP1wCW8cLvH0aR1CvH41wi06FAJ6e4ie/wD1JLrFGgAkpotTv5m7zc6D+DZ+4W60HUfkzcOivg+BzAzuCSizZJs2WYgRrBE5Pn3D2E4EU8iKIt8Bk4OQajbXtIAglyWKfsQRJoWDhp6msLfN+OAGDEEZpg8xAWpEDp56Y5Cokngn5jjQiG7k9ZK+I4GH+j6zcFy2Yp2Ven5iWrQg+NJLkQXEbJ9TGOhAU3XAeNwnoDUOb/mAKg2RgfeY4A2XVP8AZgqsmjIpAo+G3C+AKq+ItKbW78wGFNNrg6nfzJWuyxC3Z5/mDWSbS40D/wDctcCUIGfRaf3GBYXag9B9MDUVCgRUNEQdwXI+EH8BowZLLh/B0/PuT8iVTiaJ2OXBB2SQBNACC0cJ2lt5AGgCp2zHtDAWrohwZHpAZ8j54xeS4gAtJbhOAylr4MUrkIQ0lYQNZbm26NWDdA/zIGpLiNbAllcjI1HaIP7CUo/HmMAjZvKBWEfuOqJoPhwJau02IxtihPKiwcONacfgM5JUQW/uPzakCbUN3VSY1nkm1KuqWhgMmlbBuemi8mXcqIF5P5hSC6QH91gGTRM3UBBH2uFAJCAaJkDNfg5u/wD3HCgmdY9PmjH0YD19dv8A5lSOai4G9+4Yw/pJx8X1GNbUEaDS4CggoiHX+YtgGG3ibY39Hmb/ACSJMOASvHWGfVYCDA/GQGQMXQGLzUwAEErBdZBAalID4XDrkjBfqlQlNuRXmdIlBXYfB6ayc4UWQ0ENmnDvc1zsFQCp+KjExt7HKasE4KWYgugmkJpYT5txHhTDds7UhV1gw/Es6qJZL8ZDW/gOLCjWGioR3gAhuJSy7SKQ3hyb5FOMKAE1pwzmGSQ5+yl0LpOTPr6HjwVxQCYlt5Dp9auhwrOKBKHA/wCWMTMAd6SjxvFzQCK1HW5lipqA4GxXBQF6jqe6W0/cYrdFE2+bDGXPVHJSWfn7i4m+2JJ7XBpxRZrdE+TwycqoIQ7/ADLi6eVZ+4Ethzpv+5aeasnirv8AOZD8KYQCmvRkKYpgXwWKcMKEldSGzgi99mVWdNScICrbZ91hvZW29Qi863E+o2BtDV1XDoOxIeD5ygZQFJQtC0F1cQliugYV60OC+1zQV0PE3gLdKxr2LwOseGjKcxWhFzTHIQoBDmnVjzHO8ssJyVbSf3DXn1if+8/5gKUE3Bf/ABl5Og42PxPcpKjy2HmW0ehrA1Gmp/8A3mFOKzNttvApdaw+Q4V9fCHMU/YauW4CKlTSacmj6bkN+sywBaSIjjwXHVDm1XE9kfOjBEJXvPAqDE164QIjqWowKwU18yvUDssa/O4AVEbWY02PuTLWogByia5a0T30H6N05MUXa82ia2CLoZD0cOrHMBoIvM26fIGBxN0SPua1qR6kVg4Z/bJ2wFEb4+peM9oDGCvYyH3By729VI6QTeMHQk1h0ijAiO8G7Ad+L/cEbxWpBetwaKaxxVgAf6YxCooODsS38xko7oUObeFX9yKa502saPNA8yXET0cEVtIhjvEEofLgahTaj/8AuaTm2BrBY8XpH8f+ssiIn+6o4jIUVFfivuKFEmoMIuB9bQSjyf8A08Pa8DIr5Aet4EqoFRmmhiTv8ccPTlfCB+omLVySoafxa/GYSj7JASReBXa/MoH6agRR9on+Y40ghgh9xiQj/PEBC3ijKFoHY1BgX9uNWHgDh2mjAdrl13G8+3kezAxgdHZTZpl2GSAPaXb/ABT8wNVNXUaFyE/GTXN1QGwQKFq7/MMjetzVo/wy4oHQbBABVa92TE1W2/jgKHzTPG4fLqGVgFOCKYp1OAb6L2HrgiYgObwHwP1bhDwMgBBfCV9yiZSYLoVi7WazS9Obms2D+5pNsnA+3/8ArC0wHFSQC/3FiCzmbOjh0W0oan0c9/F41hamh4Dof5h9Ug9gKHswK81IR512RgN5MtNdddMR1C6Z/tyOhboP+4CGluBaE47MB4UTaWvdAYL9xln3S4yh9pfH9x8Jt/qYtdTouAOIhc6PnbAbcATmGdGYEzXF2feQprpFiE7wK8xhSEm7sgkif+Z14ZkUqPWlwMxxsZCAk3Wa9fcpCCJfHmPmDqkCCiotZjukeKULXMFQyU6j6hNBsZ9uJi9pjEe1R/uNN31ng3bzecFAspDQgXG5BhGawUHb5jnKVrQFK37D7kE89MeBHW9j/wAxqrdrj8CH/ubk8KMo7jpv/mcjM/8AhwTAwHICWHzaBq57HEJVuWBQVmBtfNLk0Gq3WKnRQNgKbpVVK4Uf67R0dB+42ACyotaQTp9ympuUw87ZPcFxWmlRdAFn24E94sMEEIbO6Ydq/AuiwtUNE0Z3k+ta6UIp/wDjBmqC4qww0k1duSdMmpdNiAPBMXicwqbqRaW3Bpwmohqwg9D44Z8zO7UqHYD/AFgt0aChOpUrhvhMkWA2HwHfMY7+duSJ9AETCbdbutQdtbm/M6uP0eiDbfXbowLDQjerJv7P9MZU02MqmDaFY4ztgpDwcmuYEkOkqeEZXxzxSR5re57AqYvEL+zF70YQ/wAKfzDXraQYoA263loFq8iJUd77kJF0BA8K6P5lhyz2t/4f9MVze5vZBoLTMUAaFWjTv9uSWO2nT9tFh9wflElK1juARZvDfeIAR6HhTmaSikSIGXn4OaFCyAWg1X5lf4MASCQTrYG8opgkEUH5MDW7M5kz8ZKMUQr3zEiGwpAwsP27YUsFCIf7Nxax7ShgAKpvxcllBJjTFWHNGsawkLQsz4HL/cHb3CxmtQf+uHhECA/ROMFgxXtk0beuW9joGgBt4a5gBTcqAp11OaMsPSe1U06i4wUsU4BoIO5gL4Lrd0cFcDam1K+CbG8ae3aBSt5Av8xmCvDy7w0rsjdD/wCYAjirQPrMa8O+ApJYQZHamd6HzcwREYlQMpVB22AyIFqUIr5mzBVi1/gwBRGtp/6M1FYo5lACegkLiinHREBWQBEgyW59rOprykANxSIFMEdpCBfopm+mVcj/ADbDmHmnWYYnvlwlYoUtIDKRR7iV3LecAtVHeEz8t514JDITtvesV+PiAo7wLKlDuNUiaDUcZfta/MoJYM0lWUPuAHig3/piUYG5M/4n/uCOy2yVT+AyIHUNge6Kf7jYsO1xJtN8AXq/6mA9yrdWxITCi6ISTSAU7qjg8eerlMNoL0B4YS4C7AdMNTSusesuTWEG9foYF6YgV1TKIA8Dvn/zHgCU/huoY3mzCEM+mQFWSIO6iGHt8Ali4WGsoEuiFGtPSQ8xWLTjLT3mtZudthiDHahzZLn4nHk6ShtWWay5lSjFEDBEGBlUIfQbbQQEa5JCWL0atgd78QuR0exU2RV6+ZSwRPbPAbcguoBNX4TLQ2DTw9YLMcgXUp6Qt14ZNuHKT7QrcSG0cERKm40cOrQLYItbIoKTcMPrgnRxJHMI45UEqCtWeOve4AkCqtf6mn/cjcHexCdHeAI54PNVDiAYyusQWzgzVJL6UmJz0VyPwmjAADs3PZtDDH3oTX+DjapfUBo6cAxh1Ta8N7XeWIYHGv024qqC6/QDzj5KdyqxqWpxBrsma0fq0Lfn3ObgYioUA+n8yQ8iUVFnuBgawbMmh5CA+pj49zY4dqpL8Pmb8liiAFJA/PcfgYKWAotT1iKC2a0gGPnxHHJUCUjoC2VdfuId0EBmQJKrkZpVFLf+YzN7pOiW35hZm0M/7itTNqG/mQGNYK/7rC0m2IE+C4wpcWYujuItH+ftn7h8j9wWDwTDqTXTffuItmKkK/0b/uNAgiBXdj8rdwCGFFH2NP8AcbSHtYinAmxnJW3zY/4DR7iQoTc/rbzBwxo2If8AXLskyA48nHEI7w2ZCT/TPmNm6ttRU2adYAVPhaRNM3mxt/8AxjApV01P8zViXBpNuhX+mUajPMXeiu6v5jyFjmohMmjprXRs7OCU0AtJYqHimIDsVMWeH/yc1WG0viP52Y/pVURKAAQEZ4YI2lPrxcuG8e0IlRQMwtJ6/XWJgBHCBAsRY0vi4jLFKBypOiUygy3i2XaeI4/BAunmkCqWghz/AHTfAAifTBAScqH0QBjEnV+LKrPkZ9cWkWPkdBt4Th0yVBxCVVHZR5gngXo27SYhIBTEF4EUdRA08Lii5tTTGFYFeApWIeUoQo2rBElinIi6HCEOtjv+PMTTJxFMxC4t8HdttuCiijr7P5iA6EqvmcaHF0BXrcg40abPuQE4VBFsgaj5i4OL2IbHxycP3CjXvrGMoD7qdJBqtvmJfeIKYRSOjzK2eAlboGAhHV3lGRiAR2+NwYbZHXRwx8Nf+kCXNzkGn/5moduO2ls0FcDo0LsCXFDbiTmJRFSj8zSNTtoxpH3ISbDqFdsu/wCYXUFIGlt6fBxXVDOsFoW9cHo5XueEoTR+h+5QGg7KfTIu37Z/uiS8HCVvRKqjo73vFpKBbXUyISa14/S/85ogwID+yf6YMhBH/wCC1/7kzKr2opAK71Mc+f4RHI9HeVEzOisBsKtkgOOO6nJVnAQIHKBoNot7Bl9SZMVYN2JsgwVHpnQ2qqSKEBse4ioWO7Z+ts5rC1lto9FEEJVNtW88ykRRf166Mkk4a3xdKMwLXtRLXOVwpfCxEHemBCgmGov4GG+paVq8h3PEggH9M1lGEnsyVay9/MkrSd7DA/77hKm0fZ9n3KrTQlayMjreCTVNgq10Sb5g8J5D1uJ8jH3DAs42V/rgQoCFK/8AzA1BoC6+GsbBgYBQ+6R+GEx1xFP4B7hLU1baOg88xzaHYhJT9+Z6qJoCf0xxNNjW/o13htgXalPmh37jufG577IlI0mGUgAWqT2O9zVYs6vknkx/MVR8p7RoO87moiCKHl5kSEKJtSbnPuGaitKxMX/3zFguEAzCBGlf8yCiywkO6RNkejnwTM4OMyvtxhNfp4oX7zPmDcLhpp30POYSGA4kUh55vLyvoCbASRm0PJll2KC9xCXeKQSwWO9f/nm4G6MtXqX8QP3EHuphdyp7I1+48SIsE1QipreF3mrib30PlwIChqkocnzAD8TmbZzACoTQg3bLeY2qAc0Olhw5szkgTZ7ebmUCZTNIvWu+XNTAujmqQWADrkSFuIoYPPT22ayhqrIgp/PzGShWxt78nuCgfQix/wAxN7yhEMtUuR0hdZr1S7wRBbYE+EUBlKxAQMG6OXmnI5rQpVrtPcXrJhsGT58bnX7Xz14BszNP4rJjRaHIDjosiKlA++w/cBUxh/2+FMgYY6xReP4h/mJISC+NmAjdleuv5lUh+VowypRxpgMdIwjTReY8gKSkn1iAGIyghyBWzzWCigEaIj7JvKJ4NbodaD/1NY6iU98Oug3mx1xECXr/AJm0BggBUhe38xv0HQCdQAnzYDdqnaPMRxzWkcnjPZfGGtKNsXbiUF+kPcF8tOFZI4Bq4sUOEoUYj+gZqzggut7yoJD7hqh3+GG2w2QuewvKJby9/wD3DbuksTR4WWMBMkBVR91rETsgFcmrUK/fmFrE/UZRf/MYzIB0m0Kv5JjeuW17UCgfvMAl5IQsGw/ucTGDbQNEPuHtjWKeHpv5m03eNgO0UbDBzzZNOh2JPy5tmU6r4rseYeMngFQgBM4oRGOAJlUNOXH4gX/wJPGsVVjmP/2D7jXpsuCJe7s1h/ON4x+AMsRRdC6iXAPRIODzff8AzNcgjLs330U2XH+oSFAB5XbjCMBlYY3zjhk6T/UdDNn3iKC2ijV7MHBt3A4Wng15gAD061/3CdyP6xydAaVXGYhgUzBddaSQKb+6wxw0R0Wa179xP5aUbnH2T/Mdu89CmH/ccPsIqwr3gHGgyC5SLv8ABcBlzRojFAwEfHBFC8KB5P1PTAYXVEhZR/5j5XlSogJf1lBLOkejEe2LcJ0YmmU/+45iW6P/AAFx+YJdoqrPVsKerCib04d6C/5gwVpqf1rr4OJ6E12Tolf8uHJsbnTnwPo18y8MUAbZrWfmDpC4yFSIvysRAqRmtg0/xwehEDXYCpWIEzs5UC6/NYPNRZOjvaPVm5lawb1FwfuTJPJvtluGD9JsSJ+8OWNa3lmzzBrvCBQinzCV4PeJuwj/AKxTBCHb6R42bocf/UmCPFJlPZ1j0eB3fDGQaoTTXFWs+5dZOiK5EZ+dwKsU8aynT/TOmIIdOxvzG0IhRgDqEJVu0uTA8qgl1adWIDMEgY2LbrZ0PTEDrpoAdE4g0PcjDCgCxwWlQf8AfMA72XxviLjaVLf/AAav/ua5ByB/xW3/AHIN8ULsBtkdHcF9W36MBPRyRTzt9RRV29TVzskWXZ2Br4+5NSibphWr5lNYiNF1WXjoCfMdX4gavLV5u4O6Le0RDD+Asi9wkRHyoEkBRP0GLGx7rMbIH0DAHoY2b2+JEnRpy/BVpEu8IxD3eAAcQYoqUgh0/Mophf3SdMH/AMJ9KQoldOB0IGgwVbmyZt7s7tUZNPurMjytFv8A97yFBaf94RyIHEwZAAaw3lB6q70LAHTTDXoVGIOpAEVVmMQbxDatCKvwY8w/G2HcxGlusGKSwg0kIneZCwqvOkZXtK5xSuzoO6pNMLJRdTLAE/EYjBh+x1a+DnuHODRkBdIf9cE7ZJktjHn5iXCE2mv9M7mpECAs36ExCkBhDwUS/wCGHo2cdoVKkSs/jEDMurxHtoGSbFjh+4u2IFT9HNS4Q3MC7QpNGC2mK6aSBw/f9wA0TqPVxw/UqUHnRP8AuPOFaJUV+Rw/jF0E43+5AxnQOP8AuayKQfh/zEGE6EA3Sr53KIuUhqRHhh5nLRjDTf01Mn4RcwuAjqjbjeug6h/fgtb8x67y0D6tFO9e52K0rxWEtKNGsbIERGJRJGzd+YjaQJHA6c0meGPr3gUFWCaYvDzNxk0XspS6fuJO0S4ERaGltxqTfzDpE2Y4f+OZAD0Kv3WANUyyGB6IpE0xJpyEjEbejTxcWM0zgH0XX57m/UqenRzf1T+GbyjJWydAf+sHhmOqaEhJ9cQ8rlvagTfmaoRC+sVgn/8AGcjIcUcQ3+4wcQ2j/SC/zL7BvAhDQGX3Dg/S6ea0hgO32Z1BBfMdEZh4xRGzDzI+yZoRdK03eAgEPc0XID64jK2ZjSQxTR1zeGg5FkCA3SG3XuEAbGITKpX7mjZCEm2v0wWwlEcb2ceISgywLCTmMHFTy6FUz8cohn7y86b1cQO4sRB8bv8AW4T8ScdMP7hTbSaQIaFX/MPvlqrDSkT5qYGqN70QnB2mJkkhN99vcVKWBe2KJveS9IXSDSVYCDfceZIabSkRZRVXa4w7Gx/V2noQp5iOzzesALLv+YxNXWb34CTaOq4euYFS3bX/AI5m7y5DTzSoKB7cm5OBDgH/AFM20OKyAvNEhDwgM85jQxswSQ3Bp8YmWbL30PVtO3NqYBYBIfYf/cdQ41AtTUg1z/8AcI4Kcc4mKl09x+kRHKVDdnNzKYMZKCEPF1gTHQzVpo033P8A6OD+j/4c1iwQi8aesnAZkF9ELIadGlzTtZ8J6RYvRcS3RZ0LcJAIq7WubJp1NhCBSJHlMd8ee09GT/8AEmABIUq1GYDB/MGyiRBU4LefzHSRBhCv8+4abgXBGypoD+Z70yOPka8MHA20tj+H/wAy193BCqprqvHJ4r6pjQUKw5tmG6AICghuEqNP8xciTVHvwk91rIHToKd3YA60lNmGEoqSA3wga/XdxlA3xPovkHeBzFTHIBYuMA/XEiklIZKABsHRidVW01KCxLY7kmsdLtUeawkpBeoCGzzLauj24+SEUUM4clkQBZIBzEzCpIGxpZxTCdeppfR01w81kqqkUBR+mnDtgNAddCaG3kyIW/8ASTYmWwTVotifX+mbwNR0r13qesPdaRGUnRNLyzBJF1fpAahPC2mWY7caSjSOpNNJ3GsgEinKm1DdtfcDeINbKv5qxvpwlEkHXA9OJOpZIBBEVKgy4h/u0kYYA6eTAUiRlBJPYiI75jFHEmt4mjWh3JMgN1v0a7gw+YYmTKCQANa1p5m8ARtwFFteFw60GKJ86sOMtDWeN/8ABhI9Bbnhp6/zCNMyoeUWk/uJBMoyZXdX5tg6YLRfOB/MiWnAyPSp/sxUM4Qn+iuNARYHPQdv7klSxj2AFOHrrGBFwWHj5DqNPmJNZjZCpwQu0uFxrSRSgNJ4knuWf9Fj2K7EwRh7Nm+cLv8A9/OYfCLplnd2/wBoYx+uRGtT2ZZ8L/YYy/c6j5CRv1kf9wzt0E/40h/uKbK6hRPpXAkucxP3Z/8AMvxeAFfNJiZJNEPxuC+D3ph63aUQymjdCY/W9wjuuoC9MagRixAOTe/mU3oUpTTd6Zrq6cDEWok7Ilya0f8AmNiBWhh6AjlGuvjprIik+sIVFZAAQGtvPOeGaeZXsRmz+GMnSCoTiW1HGaK2kEP0Dv8AuLZxUd+nfl0YbnrwEvv8wQWBvi/7+YAifVR/LiBgARuwAwQ7d04cGYgX+LNbwYr3SL0RAXt+4NJiCSSipVaOr4YSAbIOkbjfj55nzJxzv/x9ds9wFiJaECq/h5kh7yUg9QgE839xVSai4CTUb6YWt7QPrIA7hreEAxGBjDV6m8G09Q6b5Hs/cL20m82mt4TfUkiPZ/uQwBh7CyfM3D6vvdFY638mBEilVEdfjvLZ4XQABBCs3gjoFRL5SnPomScBIoN6hCN1yYUhj4iCGCI5HAJAUVHc9IAA046we8EffmCif+adH/Mphtl1FCXQs+Mnhbs6QTtmipgBh/Ei8fAJtvmDamClw7FZWtdxpC+4QZI0iQ+jjgqDW63SS8HhrB1cSNjO57MqMToQwGUttcSvmMRgwivp3+YQQK0K4XxfkPMBiM6FXTQJ/rJ5+jAIQigLswb2LECb/wD2ljcyCkj8OU8/zFCh4IS/Dv8A3CXLWENl/cDF2AexXWI0veXH6J548BKObZ+Zsz+PWPobhKAG8bb5GvAGeaLegxBoDkoRwtBPLjobFQY5yo+3/MP26AStwN3LGBHfNCET2B+YJoBat/QM6qeFfHr/AO5D6ImvZCN/uL6dlZP6bJ/ccWzVn92/9GFAhKTL5xj+Y1A1KxONG/5hRPaGTZAZBEVVn1FrWaVX0B/im/zLDLxL+kJ/3E66Zh/l9/7is7eSb0d6/mPIrOqQ0lnh/wA64pMDnkCVJHwxCbrqx1bUPfcS23NUJbbd71iYeKmeU1n8MdjgahD5NOSIAn0Dt1642Bw0+ywr/GAOT6dTSCWWtY16YoxF4ejNOiqWizSOpEMBokJql/8AcLiDLTkPfucVW9hMgiwsi3sYM0b/AHF+po3h1QtsdLiDtEgRuYH+mYSvlaWAAi1wXEtGHByUw8N6yw3IxR6ifpFP5MEAAA9D8kwogQDaKQBxqBoSN8JpiEzaUJgBNJPuOoOAKehsKgdDy4iMmlotnEf5j3CK7292mEQJrwHsfv3GlLRSqOkGx+jCCQvQRRbGSp1hugEmwtAsoF/rcXwZRp7NsAfMpxcsYNhRMRU/MLyBCgKJQsbf3DoZqvk7c9e/+Zw08T5O7XuTAQNei/8AuTsxe7BH3WCAdqMuqLTCBqPU02T/AMyUBs0fezNOuNgmvqYi6Ehdm/3mOC6GzTSChUk7kYFW3qelGtWYU0VSFBOQUgsyqxRqFPipjsp31FI0QoutS/mGxor1l6lKT5nRZjMM1gsHeUc3ejmpRITqf1NZNW9BtVNkEpRzalHa4JO2nJiFGCCC8YJiaBGAgScrHuxImG9u7gIBQwTsAZ97+1UXaglxgIMhLzpQjhrm8t0kC2BggYmgCBzJjTFHAagItcC95YtZa9cN7/MdJPSDa0AiQpaxdCRUUV2D2DTuK+SJ6LTf49RcK4tJFBvVkh8mFkZRWtZfDAShBI6PjdaxA7UZMKUoyTmR5AAqaEes+NYterqkiggKR1E8yXK1UPDkUO1y2Tidu74J/MuwoEB14E1+YTK9dhBproFS+Y+N42RpsCn5gtcUqOREBd78fmRarMVWkJoJZubMV0M1RBQzfxh9caGfka/2Yuihj+Ji+/M5ztPz4tgSQTIJDHow5057njBSYz8xplHSlP6rKVi7QakMAAqSbnkClv5ihZurfw9DtzqAu8vX/wCExiNPRUOi7v3BoRqjNbAR3WAFw0j2DoSgMCLtFeCUVdBV9xic5q9UhgaAbwIskzEEGinE9MiwoCLhiMAcVAIbCNl1BFNmAIxi0eQ0Cn8mNbhXztJUU/M00YQAQPBm5jo4QMo1FPvWapZyAjr6A+GI3nAvvimu/wAwThV40n2YCFgbPt8wKut3W/H5nAcbHxvSf8xy7n1tM7sTyDktepxeUIBz/wAYMCulgCKihoBhgkyY3t8DT5lWW21rLofeG9XHULYKf+riWZdqmgipd/MdICjQOh+2fcG4WEpIVdGQ/cbiirtKpfTXbnSkOzxjV/NZVt+EKtXYEd+4EFGFx24munjAgQfkwgpYo8FCQmO8mA4U0gITYmx/MIhAHgT8RwnE0EPH8fmHFoI1W/pvK+boJpqj9dwo3Qn2rX1P/ckawM12UYJsNOpi71IILrl8QAyWh+7MkCoOJoa6gbPrPcItBVAzhH61QP3AkKjqNPfT5gqjoikAd7Vf6wgwI3j4DvfcXVVCWWpNNm3K7ig4sOgTIbVOX/xgFp+DU/uEe24h3UQv/WmH4bwmBIBrCn6wcpOSpTC0kwVnc2EZfeOqNVmIu6vCvh0UVqgbrEStMaM4DiYcMgF4H3Xl7kWXcGDOC9uCiDYaDARNB1wCC+3cB5q7y6jgCK7PqsFtU12vOjpv7gtfYQ2C40rb15ikjGhLvdsxfMSWopXEuAg64xljggM1Uh/v+4WWYhampTn8wbVUn/qYFrIwRN1hNfuVCEBbtMSN73uAYUewk0gKsJruMAb+oZ6EGunYbcZ4F6LlooOwYs3hjj3GwlSxdHl9yCTxKAywiykfgwR8EnhMXSp/8woO4dUOw2pu5kwVejIECfiZfQR0+vZ1Pxyd2SJSsDa/S5pszEUIaFDs7xen7qesD/5jd0V/HC7WFOTzlKUAQnt/0yT2Dsai4Cp90GMTKufybPpDrETewO5pvh/uRS6Bnx1Qe7M2enbdEYwlF83l2HQIeiwCfIY2HDiq1KJurQE0mLFsq5QQzIBVmpcfzRnbO5DOW3JqoS8NCFgT/hcgdsZpOmUqczbXB+SNAyGpxGyxsbXT8mT5Whg1B3Zr5L9xIPZeJGkcNNpm61GlNu0LDmGQL1oGvALH7lgWlLs/H3DSwAgj+ocdsm0P/qc3RAe0QoNe3uVSQyXjpjxhiLt1VQxFFP8AswAGR/XQqpjb6wh+U04mCvpPaXEK77X0lSoQXLGhGRm5FcDkRlIhJYrQv1mT4ILEYjEBQKYwD7gwgh+lBtppgGmx1yQ9B3FfgC/WYVxVAgN+aLlZLjABTIN9MC+kL8IAh7sJgi0rHjeSf+PrkPVdoSH6Z28GPsWtTVb7lGjTHQGvDHQNPK9f4YIQBIHZxt7rPkuu9+379GVJoKlBr6A17hzDC1hImqru/cBiRlVJY+nTeuQ0vygdT0ffsy5dzsQJqflMEhV2C3SO9mO5XoCnAcEu3EZVzlRzYhyRgENpyDawto2hM6KN377hV20yhXosdicHRSjNpgmbQDJ4pGKjuSEbPnJ+99ww8BHqOo2VPb5kyJ0iLWRrxudjYTBDwQevWBytGiEQK/4HXmCJrATSFspuDZ6IGN2RbeZJq6oj4usmkDFI2+ibwOAmxX90B/8AcLQugCHzGKZQ0iH5fcI2YA0oLf7MCiICjDrQV/qYmIzWmGpHbB9Wp3lsRZP9w3YGvBdw2ui4l6Q1N8FncdBE34mpWZ7g7HOpuimiFf8A2yudrPRIqAxTSj6BLGMQUZOiooTw6xp8ELPt3G30GlXzZzBVnqGpPNusdfFmrove/t7lg4kKlOvOOVoII6wKtHzeAVAAR4N+YSkASD6Ug+ZN8qSNAoXcQZOFZTgtVCZjb/kZxDIUwPD9xUQYyNtEJzosuKU7J1ZCWg13WUgAqTKJshH+T+mNMXYVOFiSmjHHiVjqoKq/0gmQgSSi8SeTF4iCNRWCxS9xkOeZMwQDo6jEGmFD9ZuAv0xbgVPTph7GjvzEaBC6sih+E15iM9NgPm/V4YTltGyj/uzCfxkToIfUKuLdBg3Arg/15lhiCIB4pfDJQAbl9tSD/wDzbl0VYaJo/wCH5jzISqDtO7UM8aoC06/wxQMxAINiqdwjXAbKiumyP446qPFGnoC7Hf8AMQKIASE4PT7iq9VELp0vP6MV61VbVExPBS+mYhfL3sB3pBpq4BGu2ZUL4AiPV7iyAakN+r2/usHgkyi+V/UOoY+eybCE9A7L+rkw73qtjcZIDPhh2YbEUMnQdNLgHoFEQLdnFNuD9Vi74f7kwQNjv6q4ARGxJBU2PcEscTYIhVB+GLcQ70N517eZq/a8AaY7AzEgrqkXQnVa1+Zs2V/NMqcV/cdSMbE/ck3KuBFDk97F1pxv1D3iYfU7siBPi6wYgddLpa6x/EwCTzMKQ2XJHGvMpnNowh3RGT3D8mL9HSLiAINQwGfhwgdHiOBb9wNGhm0VtAVH1kpstBdHVdU7BgZKHaYi5wlZ/tyByMGjvFH1SXuRoRi6zQMtVb3OcABit3wp/ji6LsDqhrBDzA1CLLNDRcuz/wBxSiqxK7qhdvuOrWE7tNhp/wC4uUwuxvr/AMUMWFtugLNINfuPTYRAPwprBkNQGF+wXNfEBEC+qowiAAbfRbobZk0JqA0HC4xaRQR92RiXw5hjoqw1kN4DaVu5HoV/2ZZJKSkDwhc2Pt3VOF/0wEudOPpRiqlw1D80YeIkirk3/wD6y3ey4cPopRwpeybXWbPeZrhtSzTQ29y0JDhNqSA+cw2TusxDVHgFq6yJX5Qk7iyOyo5ctXpBySaFVVz9ygcQPT3WW+BxRGOoFoEKdygAaNFNKAazeNeF02m+ovHWsq+5pVj1V41l2JS3/wCgLgBEgZocYATXMRf4ZJTS0gCdh9wwYCRVppJC0JhwAuTBBEUWJLiPZdnoqWo+oZSPYAvtM37TDRtfMz/Z/wDcmUOmBY2bsIOe5OHl9BF4DxGsXhjbK+GXfr/uFkgu2zYnS4gHpAsBDbuGCkDSLsAXrB6qFkFG+qA/pluRyQzUTd3cHI00kKKOqIT6YyOjJldbBE+931x0olYAltpF6phMOoMtI958XPcAFA9nlspjmlTWPQaMnN4JCd9B9pJ/tmGGeuW6Gwn9yzJI3ucgdW+xOLB0QJQIg01PuIAL+UnoUfD73J/PNHTV9yYLJ3BqoK0P3kFxQq2vtK6mhuiOQfeQfPoy7uFhJFrrJaTQSAVReAH7vEDt/JPLiUIez4ZKxJmLpKNQNd5mqShBXYbcNYU8QFWX/wDmbqX6XIHBXYZT+fmXYQpFwyHUEcuBErv/AAYdoPxxVWCVdAlHJj8kcgJhPvbn9BbPMHQ2uYWtU/8A1kR7kxGhFUdef3C6d6win8Lv4ZXKr49IW9lOsHu76LsE1dDZpg/xqqMh86+4QwDAKtT01b8Eyvs+hAK0NEv7KuFUCpXXTvn9uEIORUAypFzhPGLqq179y3FT9cl8nd1LunBmvMWgZoK04QIuXJ0pHSvBQuPrINNH9fzFyRqCofl0f8w5Ndlg/EbxUsDD4eMp+Yolbk0XTVwHfqpRef5jEWlRt37rLodC/wD7cYUW0KH7jYuGiCfCnj5jPNlbND4krTHvTrM0eEgGJw0m5Evck8JX0lP9yTpqMJsiap/6Ynz4dYeFD/3JS4Kd+IrImIg1FCOq0FxIAVF31Zt9yVpwaN+4CCObF6FIgU4m0/uXv6rts3AHu8YkUJUnyO9emTGyAR2o+MAacgGElS4qLNTxdYJNCiyRiO5vT0KY/myEwK1VNtnTLZGzNpqGmmJwwgUEFGeH/wAxHxXqj1eb0ysYwAKKzBEm8cIE9oB0f/GTWahEF6DRLu4XCBPAe3SEuEoRQl+Yzv8A3EYOZIyOgf2JW3FmPFMRgYJJjsYaqH4G3EahA1eTirhwq0cpUdIdHAEzpKTEirBpOmW+DcHMobBRSXAh/m1FFChzW/7nFqPRFpEoH+3CIRL0AhAlVxj2FNftwBnJUf6SZBRJ1Fj9ENkOzETFNoXOCR2zkxK0qUeklQFNd9xsLQH0NgLtDgtYs3VG8dGDczrpgqFOH4BA+ZGJ4gA60rRSgZZ0QombGXRxpY5fQxIJzBvLWqrENXuDeoAQZKJ/BgxUoShTuhLdpgUms1gEIZC/deY9zvNqV1AuekfMLkguiSrA379+5bcByQNHhU4AA3lRXfEN/X3LYlcKMCfo3+mVqCfmicgwbB/M2rLDlB8Y2jr7MRBwb5jKNADI1huoOFQKqzRfuAe6NCokAuu3H8EDBHsUP/cbUEDntcv8r3WFFMvI9nY2/wALkrRBRI9XrzBsuzGwegAwKsyYiEIh/TcxhZusp/8AjkOmh7Y3BWsKh92wQEHWc4vG7WvdN/7vuSiUnQtmSihgsz8AGS6zU9yhBADLR7pFjnMhFgMTUIIlfBc3QAWk4mwL9wvAEBZ+vMao1TlG59gb3ky2WonTTHLd0bGmVQwPcFLrz0prCPnPcN/noTAv0IW2tZESVLetm8DCXmjiAnSmNNkhpW1vj/mFHiQEuxTb8ZCEGr7OztnFqqxVraPmQ/EESze9pPMtK9WKf8B5hxrMHU7f5jgSB4xpf44Vh0aN+6P/AA/3EbrPJAqS7/MJ8qgdoTIOtj5kC719hvpT+TAYI1XQ+QPMiUIAcP0b/wDMZMqvXfrVxKaYpcaWutDb5hwqYJOqLsqn8xT2TKdRbDK6PeTQMDGakJKwPObytKCNV9Zb02r26xfDhFIBV9I/T68Z6vXU8fLwaKwT0VHA3ZS2mFLA1gdzPoQ/c1GEEdktYGZVNyEpVxMqQqRutDQ7+phopQ+xKdFuG5zpnonwk9GULH5FCNzfl244cZQLNRSmIDdY+1EG00joT+YNJXQqqyADXQxyeZpnCSvnWnEoKGXsQ0X2Y0lAjPehJ9N4NElIe1DUeH3eJtSIUxEVAt3inwgwVklKlqmD8WO1rq+u10T7ldQJliXJI0U3mPDNqGk6mCVb+NT7ljAQG6KD2E4PHdsbaFsXrzALZAgXYNad/mSDcDVUrC0PaMEtAKrEkLoVyXRYIRi7EF7mgUAAA/h1P7mwMgW0P1McTCIQmAvaoL/d5FS9oWj3e25ONCAENvAGD3IrEulc/wDXLqmXYH1TYmKdD4ghJAJ4+ZzVzmLGQYJhuZ6qfjClPT8xpUUUgqCEjz/CcYcpsUthAqgjaYbzaeYDrEJf+ZEyO1gIu9k1/wAxbinMlrJCnv3GtDxD1ChsKoi/RjIrtVjQkSpAdZWFrOI2QzgG/h/5jUPIGJ8wMaEU/tesY9F0O6/MrGmvNf8AyZShGED/APmEdm0SH+TD7FFUG/V5jUFASeaCsfQus7f44t/9kfFwHruGK1Hgm/nuDkAd3/OMw6FpK0UdGFP3Bw5fWoXN26Oj/cfzA+8qEUPcmgHEiNEoKf079yE3zFw1luC4BUNposTun/3Kp7zgGiDvCzdfIdd6GuDoOaSL8vrKUD6QBDIUANw6tjsVbwsB/phQRREJ1ZrF3haSBeXmTdoEp3LF9xZBe/8A+d8zmcDPr0hP9MXrE7/rESthDn/MQCAa/hvGfiiYXotbxFYGvydhlLGN3gKhVQLo+HTJkjdZVIZ4RMM8PwKcUcfuUrMt6eIWICSsKh/1xzjoA0YqUAFVMsHaCDtcItClwAeogObAeAtttAu67mKElKdho8sxWA53UgzSG4Aqw+4WyO2VoaO1cHfpwREqaMxLuulLG93GbgmBdd8aMxWuGyE0PJG+GZbEDw2spdK+9xtf/IHzfT+4jx5auxSrv5P3DttMjiapevVvkxcVpLytxXL4vj4Y/Xcr12wmtr4Yynnjoh1H0cWhVlWcbco+3CsC/UQJfAB/A5i8f5PBSoBSPGMEEbv32hom7h2KoLWhvfjBisSbOke7uTJQlbSgBeAcAx4FNKfe7A5qihu1/AD/ADHAeNJolAiGBqhFIGuY1Ch5kiNCx1c6THUkNV0H44iSdDYwjjKaC/MJSP8ARAJoXbire4xCt7UnzESsA2ZRdlmzj9QbczWnQmAVuyBLrtU1mo3ClVvyCH+4TlAFgF6U7MhhjqqOrLqGAVONLhS0nQKuzEz8IzuIq+An8wIfqISCgRF8/wDuWXaBb6dakE7vFhpi3OtQ7U+4vJ70izpSqzeDKv8AUdgOfj/3FTWTmTQhHusaw0GpHBVoqSxpwTbnZ9g13+4JbUhkEdj+M7jFUCSEEI6YKNYE6t2eWSPNbfMXWaqAgQRd13pM1UtFF7/uU1G3/pr/AOYFtWYOhQeB7iDqz5eZK7pNbwHKjhPRdjeZajwPU8gL7vFRAZdOJQ4npm1Awo4mvl+Lf+4TfKFUlDSFKmX4rohW2KZRhYTHwBbrOkWi60TWHTVmzvuBp6d6M5CBcargJFFTBwUOlArw/nuIQpvkPz5+5uAwKld/Fw2Bw29Pv5jS6SDf/mN9ANAS4cNLYzpKQs//AImSBk7Hd/rqA+GBVAbdeqN6uyORBa5DNwPGKPBA006if+D3JeqR4ngx0NZJNtKMqLVrf5jVGPjGJwv/AD+YojhT4vH/AB3hRKdFsSqdvuLxgCndB5DUEXUUwMNqRQkJ7bfgf3DslAKsF0YwXWgMVwoZAi8GzvGzKAbP5+7wBWIwUG/OuPPI4UlZAOg1IRcC5n3B6ugChx1GbQISChS6AqNBDuQakc8g2Ha0IvUhR1GRWukYWgOwcLz16AwEJNFBd7Lgo89DpBcLJAP1ckqQ0rXWKwHxVx3alrBqaFQYalOUu4SCqOtYe8Zf8aS6PuKtRL0hYT7PcEUUTFBdSzSAPcIyKlB65OawLtRoqb+ZLFNUAX99xUdYV/8Aww47Epdi6RKut4rwvMMgQUSkdNmLZTO9ktKSioU8cdzrATNtafvMAadAjruNB5vz3JdJALjhWz+jWFFUBI0pNA0JSPcrVoPA6f8A+fmIZtSRt1kTU6q3/wAwcDXxH/3AgK9ATK8II9oTTifx+46L8SBAvtNdrhkYdIBu2gQoE7rOfwBA+FrfyfMMip99I8JJf+YqS6doTR9m8hIENwJt2u7mqIgNPsEPh1yA7MAGF5ikiVlJ/j1kMF1WARUegRanErgw8vW3SGQQtExQ7PDDpGQX/DB9V5YgA8GvfrmqKX52FOgsuFYCaN/0c2hUBG0HTk7PpG4J1RFT07j8EdNJ00OMhpRKAzRXmAI6DiLzXMBjMz2Y0zJ+jKgzgTdCnAHboy5qXbIBPTQuVsCQ2gf7MIBs0KH+DO4/13p/44hBunbWIEe6D8+3OH8qe4oU14abqQ+VuSVhFgEQsrGysVCgUuQVLHpKT9yjE/rYP6f7m8HNAEaSQ3xzdhKOojV/HzCxD1Rh4dnmd6JAAhUDaMfLPOwFRFDZf5iHVs1AxCttaTdmDfFN+vbPMWdVvBiFIfx+i7jkCNyXyyhrNRHrKz9D/wAx5C8rRodnMa2og70C6AUhveEWfpgD8OPEMmYlEbSsUqd1w0RIUt1qh/8A8fcMz2gA93R9HPW5LpO9+qVwPDhFVr+83inFdixkRrwxYsE+eT23E7ENhb423Q0j5ihC49m5UCoVTuHNAaSWyaEh4DA9C1o6IPTY7XmsPQVgsQ/WTrigKQVVYuzeAEQhiBqYH/M5JU29q1MsGhEwMh3UMKlrFPcGtKIgnQ8Wg/rXeEqCU37TkoPJ9yBRVEHpItQuyxfQh3SoPUOaP0XDeQtZHsKudJ2uQo3VV21FjgmC7HMQTaFCFtL5jlQvkhRysCCa/Mk0+JrXieH/AHAeBWSHVAKxmVkfTSvSNa+An3IXa2O/RdjgIDja4vA/D7lTkFrZRJCL+ZOB9g90DG78mFVEaG5VImoJwDUiwgEUREW7KBddaYGQHquYEeKdNKPUPBz6YU9JvJAbV6ahDW2W92a5CsLTbiXYSgbdjV+MZKi3n/wwkXSQXR0ifM6VS+c+aMIwA2EX/MISLsjP/wC4uVuJj+iYIhSHbAFi0vuUarAQ9PkClP1jmJs7j+A1/bhtYNETQSjCkTHUAXjF9/j8wLqL6H/h/piCyqCiKy9rbzuDQPQIeBr9fN5XYEsqKJD/AHes6TSQUNK7lYa8Y54MBENV+YiPyKSUFSRVuR9ytH40+p2NPxD/AFNQcagCEM3GvmUJWD6L+5vogQVCzhtxwr5VX3H4N0w4CUgudZvgVuplzqDwIAisTYeN4xShwBYDk2cTubtjrVATiEpxCtThAgjBboJEzkEVlV0IWCLOYqqsraAkgVLvnMp5IAoAviuwxp3UXNYpHzuJBgr4xcdJxiUuHk8/mGs+HJVjHiDscZascyVRakgNYSIaWqo02xh24Hz2BCUZwb017dTB3H7SzPQJJ/MZXvGHc6xZBGxwSw3BCPzNbS7rFiaJEnMcloI7cE11RLwwKGZd/gTqV6PoYhq6CLDBbG0irGGWxNf+s4/24wh1OOv/APeCPYB/0MCqIGE9Ha/3ACLagInQDZpsVNmARGGqwt86sBSpaOlgqEQA8PcQlJaKwQbv/macYf1jo80+gHDN/MGKhKq2hjsAQf4cTLW9NbyNSlX/ADHDAnjFkOgl+Uz/AHN2o/GdfTMfnd4VENbV1IUA8xR6rK8DnBr19wEqQGzqf64GtoSyT4kwKgath32tJrJYbB26ALB96ujFJU27q6hApJ+V3l/mbTGvx1vG07Jpon173ufIJCp55gL+CCH7g0XHZIe0dTDYUih0sBAns6wKGHM+BTRIFwSBSpaKIvdOCS3Y9IFovuci8ECD48GYTmA7zZ+4YVUdk7/WEDTgfvzKIJ1ULELqBX+GPOZeD0ASY0lGL1c1jTuPqoqrYrmxxhsgAgQG9Pbh8c4SsWTVBa24FnvHoO7EB9xe1jmcgHDQKBdYV2A2jY4B57iGgGjD6M2hEo2s8hgoUi6fTr/+ZaEMc+H8xWKbECUPudMMZBfMn7EEEiwPavDD8PJeBuSVmkOOQMLkCusVJMUP2HJSiBHKGiaz3RgWokgQisB+5r21wvxvYBDMsIWMtTBAE2Qxeoamvj96JymAgfCoPCRZT5hIYIJbGBOn7n7X0WH9Oou5rBrbYZByiQrDBsrQNpLt1qGs2x1xJCOYg6Jq8xzFFCXFQ2ptcnYDkaO7cUfhoo8Gyv5hNYr0O9Zlqy9ckhf2pt3WXQC9pV//AMfuHj1vKootbwkIOb8bvKt0RXdppHGH3NkNFkJAAgayKDA4RuwGkujCsvQgCJN4AJtuDOEctzDWgMtg7HVB6p/cRXJ6yS236c/5kBqIBtfAxtumbxB7R6GIGLKIPSIB7BrDAROcwmWh9fc177nH264EoYKSGtAyEJXHTUXaaoRFQ4Z5oo14dIRFHXca+y6aAhvsrzNsPboU0qBNjrmG1VK1y52EP88yvCdStU2iojpd4ceq51KZuoNhM1rPHmnAeIE0XEQ/1t0+YJtzqn/zBkKp/XxgqLsVDoIQ34PcCPlUCNYuUSbHWSpYIxW5pQnQ37jYTupjlS6kUCQy5512JlfQM9n5MD0LjvX+ZGMUIbFP3E7Gzu1k/k7lB+vEP/uatIzNoENd3h5hSo2RBO114ZF+IluPIzZkji4tJ8HXyUp//jkR16KrBNGsQnRJBLwi9YmYkjtHcmjpZ+ZWQkm0ehoOgf8AuEUdhEvwNy/pd4nNWi2ERpD8guQqVOiMVS/4DHbFXzo/cuUCKhAXkbJ8xr5ZF3/EmE2zMOU59AH7jcBqqRCWa1WGTaBi77dVdPc3fQBT4bG6w2kQ3gtGqWf7kdbPmgPx1iIzoDh/pgEL0fg6Q/MYHTrRJBGBBoHjFEjOq564OPZs3ipFPCGaXO+0Whh8kKTZX0BZcBGIbJ3Gsak17F47ao1k2tzePQM3e9jAcnNwNvmG+lHX4FTQ+XIi7UhSNIPabPzLCaGWhrSaRxUvB6dRfXbhk5OtrtVWjtcKwJET4oND3EzBa0R4x/A3luPlREB0wdAo3MBgR4QII2apMB7jbW736JOgAU8qGA387EQUMCKVdHHLciUyiUKMVV/H8x9p/r7Llhz2tYt/AQL/AOiVt+ZPiZJUoKVE1447xUAtgEppUGrvm2Y2itd/KMUBHwGL+I1uawkBAsj2uKTN3gzxog8LTDaJqPek9p0xZLNGb7p93wN4/gUshbfYijpJkYAR176m+n5hQCH4itbITus0Jbprx/a8/wBx2uQjbng/5mqeAADH9v8A8ywo0SUIQfYvxyIFw90LYiBc1WJQ6Tt3dcfmCsbPGw8XAmQkKoVw4VY1ZcmIHiE9YFS5Eyq6/wD8cdJD78cY0D/lOT9zxAAtf/d4wv8AZMReNoj8zpOCVu7Heb7iQrb01ep+/mBv2CktoEgBO7FxVLmhpECDAWlys4l2bxwrWn+jN1qpnQmkDtog252fkma0phKzaBiqH54wwP8A+BMY6IlngDHN+axDwxiirX+uN+FhW8nmJotBgkoSs6FQ3EH8cmJ/vvBkLIfx/cIIUA2SvDEifJvHdyArEmgWRxmb5j2lPpo395gdYD0aI1f9lxYfUgdvBSzedhikX+prePIkcRm3T5iDzIn/APguA+auSxahBoVHaYibQhApIxqz1gngdTxXY/8AMOW5NxwSZigbhXKezUFjf9fmIhRISw0U6jAx7TjoIoTN9F9+mOHoQ1X4h8MN4kU1BUbbZMmjVkqAN7qxu9ZJK8SDqv8AUHw/eATzEPoqefPcs8tRrBdHENBWA44BEf8Ax5lICRRKVQfMhQQjsjOHqNC4lkpNu6yC8mMjV9H9FhP5g6j0oKKUqfvmOoQfg2fky1rEC0XxBzCE46jR1skqBINZT+4ZUvsXtZ84sdPeEGoLwCNlYX5UQvzr60as0uHjv3yIaWmOhdSXHBVqExqI1FSCrXK0msLFHENawA87GSFVFQtNxK42TICNaiDpqa75lu0uyAr8g3QN4uSzVcexlY6b13ebhwaEEkeP8z8i/TE3wH8XBrebWTpIegK95l1kCiUaXKfB3juqS7JQvY3hE8YAz0tUIIcEEu1SYFbE9BJQdVIyI5RzlBKKQaCQ20vMbs3iK6DsUrBJrWF9h9ABEJFLuNz0n7i/UXP5miOAeqULVUNTF0WwyPZSjGTdVEeKo6AgsGFw2C2yILC/4duJpSannEdb+pcCFKMRmvmJU8KKOyj/AIZGlRFmNDSbrgyPDkRT8mS/JjZSAJBHxRbxuEVZpEhkfb/4zRtrBN4Ut3aA/f35goR6P0+ZC6mdgibN46nMSVl+FghSVSrQo4gPMCxF/wBwpGwKzcly37HuLbtW115ku7YulCJioa28MEBaiA/3H1soh5eU/m8XECVyYFH0O8OAL6gf+dX+GX7jbvA5344yt9QT1wKpGgJ4w/QBRrAq8g3tn3SONdWA+n7GXN163JQ0P4r/AAMXqLHq7FiLo67wwP8A5INmJYivqrD+Ot7hqgJjmbvSkHN4XaUj/gv+4PhASN5MJfMSYfUc/QwiBXtOf6+ZtSSIIfV3HaKRE6plKmnR5cAkkyNVCOiAPz/MCmbtLNA4BWcWEGpPs8K4t/dc0ECehD6Jh16wOCvbxgIBCEvifMlrGnY66h+zmLfOOloLsgTCpG1BPw+EcUAdl9s2kwZe+AnV+4PQI1GW9wX/ADOYbG2oNIaP+DGJSlSiH8/5lsjxLv8AuDdh3ZEu7RH/ADGqQBGkr9js44pXvSK7foicKqWUp4bF4LZjQIdrXTAUbvZVjLCExOhoKItuyrDwnTIGRxCDoYh/BMsKCNUIx9YFcIvmnR8Px3AlU6pfoqYaVW0GpBXj/wCYYoAXoP0nVffDF2UoLuileb3cRytcAQ0lNQ13DV91v9d0VKE0MRQfPE3QERY8YEXaqIFG+69yQmiyh2E+bzcGDoXBVJGP65zLGNnnkLCBbqtxjDRQe74BGZZRlXD7GlLwYEUIITKaUk//AAxnIS6CVLPEjjnki10a2NHoutZzGIUW+wUKjxgoINxQIn/3qmPvSHBbrbOkIR8y0ugnsKpsgrsMbEBHIWYQqQ/GJk3tkYyewatwxoQCilVAjEHSZRlI1HFiEm0U2GGibPBJUWLIJf7l2jZK4VM7pE3nBN4Qtw92DFCrjC88hdpOWJKLBwE9pSzoyi2KjmuDZgVXpjMFYGvH/rgBrplqcBJ6CuOBwBNBxQCtGmYwWDCBR7dAbjol3ZcQgw//AKMXyhF+Fqqnt3hI2gbYH4op8U599KgBrARmrd5SIRkVUk09FgiFgUDUo3VZ8wgNJrYoOj5GldGFYMhpp+GnYKauE4Qh8Lxe7yJzHTn1gvP3F+ApI9fMbiaZ9y0J9NPvMDpPmhQXadfeeYp9xHCFLs1MAJhKX0d4InMRRaTU2cXv+ZIifjACyKtAK9za0MX2dDSWEyeMgV9Epm+gNlwjTQoQm3A2W4AMq3wA738vzE0gRGh/H3BAcwBon+4qqSI75vmLsN1RY6eQrKooUYzIGik7kFo7Wo0Vs366xUeAYpEOojc/5gCoDoAKfr2YlbTU/wDzmdYP8Q3Zg/Lg/UKW0jjQkjHF8StZgaIK9MBGEZEvRuptx/WRNKmJQ9JrTii3LAEqvRCtmtYacCkcWAz/AHGAvW159ymiQo8gb2hrClPvUGhOVctCptR8dF8cRGHpfBy4wXij/mVESjsco3qBvvz7kCcAvGIphAh+5YbtESXwr5iAulkEKd1ITunEwNQVaeqGy6ypPGaGX1V/5i9rQkTsB/VGKfkmm3Z+wfjkH1u7tHtQGm0wIhibDJCQWRd5PH0fUDDy8Nzn88qvE0qpShiZ+9Qm27dW/wB7dZ2yKsfZFH+YDCnlJtBuEF37jiRKKk6iPomsmEYXxA6dK80/ubWwUpSz+N8TKV1FB62V1hKdIgLUs+A0HcZOj/EQeW8yvN4pbr6YzdDvcjWRqEe6aAPXGZQysAY2CG47xLOOhzk+9DYdcX9eILp7TH5iw4BUyux1pZC5LMcCs0htxOQOYTzdRAIruPF5rE4pl5o0AteB5MMMsRY2wQGi8rNy++Obt8fJhaewJaUI/wAxY9vLVZ0gsLrdOPiipHjMo4AwXUpFDdoOdH8ZahfsQMdDS6fTjGvD0kCidCj3DwlH96coUDfy5V9pOKUwKCP0wfvqp32EtNHg46u3pVsChirLzUxldiN6M0HsBcMeIFCwJzWs2YOUIWSG10hSM7yjNTCUNTY6MFrG4DIodgP+YFppS7R+6O4cDBVaJi+DHAMkAIDZwqnzNHMCT12SmnoeGTigFzWCboMdd8xlkOdHaDBl9MYkcpbtaANKE61gArAMCWqLCzH0EIjTSV22r5jU9sEgESibTRpcWirBQgqcPLQvcJKRCY9NEh4YAj40sO4WDPjiMH/3QsIxt5/cS6HSHKuToLd5hbdggJDQV0jrbzLhgDalH6aueOJhQOLLZYUugvq41VkMB0YbEO94yMu82IyXm9w5QNId/wBJS7mtZYAL335jsImgOuNGzo+GmuJf/wAYFKcEDEj/AO7Whlpk5TY1WRwMxWoxPrkMde5WyqAURT/I1xDwUEQaiKk53IZQhwn6G/CZcYg7tgae+ZaORDRK/AR9w6y9UAUjQUFjQiVNZ0A6lxM0GYJewRHPMOsPYoEIzaR0mGDXNWPWwEDiJiDuK8osu0Q/+sXOahtBjRwyCzAEKpElJS39d/uCVzCjYQ3/AJmwhptA+2OTaQRWXabfvMHS+GN4RKbROyr8wmwSd0CR8CTAUXkKnY6y5Aol2fpn3zAhADaEvwDvMo4BeQFk3MWsAF4AipAdprXN4rijnfuw6/0qhm5kCVRlF0bl8ciep/aLBkD/AEY7yaZqdKN+/HCgXGu3RA+8G8nnoDsgXS6jH443TC0XoacVxmLsiNaPDaBjzEGs1oA8NJ9yFWAIifwUfDAVZWBiG/WrhTvPUhdaezUyYLlW0esc1iJ6dmbQw0qbCU9zsAEIbf8AbrGOHflkg1fYvzPkIwJIbNPq1x4QGC9uVHGzqJoGJe+ZKl2W3PQ6S/DcESkOnQWdwQaKwdlIMVyLLgbf9VlNBwCCHPUkuroHzgaPDDmgYltyYCCGnE7RSJTOAfz5kyVTpiP72OnmJgksnoyKsEOi5sqn9VraC+eDAHz6mm8HoFk0vmEI1RsIAbnP7iHYICkUwS/crGDQUjcmxhCYxBKQDF1ShyazfVNcNUrydgwx0Zp1LYVsHswbVn0LLMPieAy/jjt8YkLC/wDMeX5YWuxotmgnMLu1WLCDQkWJF1hyk1OsB7GE/wCc/wAwwILVsm3cwNxwmtEEZoMKbdZaH0zSOFzhBYLhQcwLYW6r3gmHHt3obxSI0+vcqwXHCM7JqRoeY6ShyfyKNhs4bSSX2XVWgpovHEordp2oqiiMmevlJQjtgr6uEW7AbufDb9eZd3x0N+JPXYR/3hiUmBZCATqBTjTMc17WCJ9pspvmVst5XsKFKewqTF+jJRRVDBpKquMEcKiE4BC7m7ml4oCpbL6JXmJYshiGwhUogaZYWKDvTG1Sh0XFhb/8v44rNQlM3xC8aVY0kYbxQKbagmdjg5w5Qa61aHzgfcSWQAoR44kB64GYg1kNSUm4cqYhwIXFJWUoHAYduliICWhdFXDaTZMBWFsTv9XGfBzuF/48xcjxPcoBy1jsPEqIMRZA5lOGNy0cjQE/HOhDCUWOhSfuN+NYboSChB1/hmxDBQgRqwdgCJAxtAZ0ECugI7/6w+KRttdyNBqtOuID+SRiUOxbwcQHXchh7Jf9xH5DPVz7k/Z/JgBr36bbZZsozmCGKgGz/Vr5gzTUjUGlby5PLf4HUDg6xed5OE/25wV36OSrq41WlLUNgpNtDQMinI7o2NCVdABy7wiLvU2+P/8ArCFkA7J5m2T1+5fFTql6ej8wDAKkN3Q/E1+dxmTzDISEhRRjYJZx4oNRCuXPct7GDZZNF/8A3zIwHZSwQJZd7jgKY6AdoWoJg6EtFpRgkfFn+4PVo4XZ0KvzBZUEAjQkFSGJ3CE09db315XZg3Q0S1vGjdglUd3c9KRv8Pxx0Frr/GEBUgWf3/vMmAwoMaGuCvMmAM/IJGgv8ybNTU0k0QLuK9mBVKyKtt5iCR7naSIhdE8yuipGTXQbaWoM5iREnkhDadgP+47w6Cqt2lMKrJGKlZ90bOB6AplS167wflbKYngwx3BJqhCmvbd/9ySX7DGm++Ibwh3XGIW0yUawMJWqJZACXbgwuHdse3YZsAgCHBw4h8moHY/1ZFVIYe90wNNk8xYm6iK9oQNhXncAEJRjbJwpV+g4oQUSIDIBNDwp1yMnWCMU+4QBBvWzEPRQa7uhcBwggt0AT4BiZ8Xk+Gj5wg0uSrfRKn/1RVoKMNDCVFIKmre3ubCQLaYOLXgMx0liF4i/5oP4uKXaUJ9tPiYt48LiHCBogdWg7hu0GBKRPoySKSd3VU8rNOOtQuOoJ0AhQZVaI2bvzgFfeoc8y+4rbQaqR0Sgmst7Eg2VBAshr1gyc2KSTBhAJgKdAaCN0EU+l5iN1AEeiIonhX8xAfNAeNr6IkBGT9KilqBXRyE/9wUXV0wvt/8AzNoGaNa3JiKETcGqHA8B/MDKTjUX2VoAfuSLTwhWK1fAMlwFGCYvTh4KslNbNFAC2Siz5hRS6pLpKxX7cJWQDwDqCO2VcaWSPEkaiR4bMKo6hWNRANbyUkNFhPFBy55S2GT2k0Wz1gljmfTaBkKFriCkj6J5KEQbAJ7jumJj4IyINqnmQBPS1GnPX5tXCFxXDge7tx0jeHQpapD4vZhfNGQoKJf2QGuo4KZ55A4Un6RHlc9gDjFKhtXq75kQGhIRZl6Y+3X8ZNSVBRC67jUiTrT/AAwxM3lHaLovMdY2qKsG+qAe4mrWOEKK9HrB0vPWS9N93zJ1cQaOT1p6sejgSCNS2Go683hLEdq6XxAv/HKGhjaQhAl1sy9ND4layHpdOripGtkjuRVKNnxeY0/XVgaUqgZ1rG96otDmiogPpu4gQQ7NKPEj8eYSuZFmEYjUKcIs4uldbBs/i/uMJkYMAHahJbL9zRFOIykUgQ98xaM7+pj4FbO4yAQln/8A3BzfXaLv+YhNLaC0UFOoLwm8OYT7sJ6IbDfS3ldAgVNJG62EFARErgGKKpUiN73KW3EE1SokUiImINQUoErRYmA8FNBtdDajz+YiISvw63hVU0ZjgoHm06x3sryrmVQgtO5OK2t4i2ujtuKq/IxJQCqMv0wtkkRwN60ZkU+OncGG+eYqejv3wAuroI95iungcRJAiiNfCzENSG/EnYkWCqfT54B1HBNbI4CzJd7jGP8AgK+sLrGCFjoLa+oIpjGtKl3QmCp+n3BlsDDZRRPdP7jTolnMA3andD3J2kEY7iGCOaup0oKnfc7bDYQqMnBS9y9CI0HSNTuAsPMR3MJKeY8AOfchTBEE3gYldhkVepowtggl59xCnIfoG9obmmJpwrhYK1lErRxDf1hFKFmu23KKAJCbIO66H65cemgseECKMBJCNIRQuIZY3lm8C/snwHqsKpJ/+ZSHWBqowuleqENoWpT8GJx61G7knQQ7T9xOSbh17BaK6Gvuzn27bEaWPsMO3A4KgWkBOCZWzEWWUN731hNMCBPwzh/mQgjUwr+9cbq7YALrYpmvt8SO0MD6KPpg1SXxB4zesC7mX1CIqnAo02YrqtO0QlMnTuROuOSiodvDflwKdJcCCTrUA2mO4T9K6+/zJDPHj7CEixFuTzVdtJDLYv1NZ8JMU+FurWxHu8a2IQkgcvhGYQIlzlFQUW1DJy6MQYJSAnjeO2I+jgkGbX7hf678viLLWAcDLJY3cpKEoFyR+aQ1miFaU2v5ixjUUAMNPg/MHLChyL4LuG6MwkT/AJitkiP+n1xCKETTotgV448lYI0uzISfc0jXQkE+H8zaZiAoC/0O4hS3cOD1esdCYM4voU8/MX2nz1m8dVx4SyACyyK88wrTj/A9X4mBwG0KicIvwwR1jZHQfAgqsxzOed0TAh1AKXLLhIkiDpXjzT5jxSpB6SUAQ/PMH16gCQQF0ni5Dg+qLxjDD164ofO3fVD0lo5d4A5NaJlQQOjxNZKPFxRH+B+tw5vD+cy/lxQHrqW9yPf5/cc1h9NEf7lOFUSXAQCglHcepS/q0QdluK7CIDSD0P8Ae4hZTcDNwif9ZkvJRkREMDpgeYEEWhX7R/8AWx9kOvYgEmOmCN3NoNU4AVV5hftx4CtRBeI0wxlmgMqiCB0LiwsLQXRrv+YVFqiwHaEf7gI7IA2b8XpksdYOSlef8YYi/nZ5vGyxMbjSFNzg7ioJNn6KPzqMFwkzRF4s/wD8/wBy1rfBUkct+Pe8eRKmQky8NWb8y7AH3gzRuLY70owtXHnmzWbjTinDh5C2KRTwl/uDp4Df4Br+GE+WTU4tNjrnmGRNcYp2jRpyEPqVwSoubmsGsPtbdUgyxdnKnWXMOhH7AdNMMB/QGAsgFyhJm92ESlAcgiI2N1juJQpRpftwFnCqew2i1dHEYkQBdkcrWngYkWKZ79+Ecy6Ny1QUrTLoJMHboO5tv+hvLno3octmxdiDjth00pJfiGAHUWUMA6+Mnbw2G0QcSW4usiInWYEleoQOHDq+ZaOiNatVWvmPFFc6kI+pTNcXGsiSTWQzwFF9xogCUjNB7hpLJwikHUnV+Yyp4I2bqpDRrA2i5eMMQBdA/wAz0ZZFfYUdhYefkPQPS0XR1meTBF1otTPuzm7IjAqOrQCgxxNWKGiWlH6fjijDkCUy4Te9dZDkrjzAhPk9+YPUbulk0VPWOFYbsAKFxGw0vcT6zd2LaE/hfwMocNvUFHt12IfHABMX4ZprQUuWiHNdC9DXAfwgADcb+FmLrquNIqGhajP3HBYBygFv3CfhLZyBxte/MMYG+BT5QwYqyetn9twsx4Q0gbt/f0wqqAkGknBC71iDr54O9HzW8iUGEIpo7Oaz1WAQWcXfoxNYo6Ak54bT3NytIOISgafxwasd2RuRIC9w508ZFISpf0N8xUMo3QUKwXxuAAextUW+up9JpzeXcHo/VU1sDqa/3SmbVouqFvPVfO4QDlA/AsxMI0FYJdg3oTHBJFjkEhQ+f5j10ppCoctKP9MuKiBxdhHy2QAp7rESIgqImAOiG+u8VrCAbyRFAus1zOwCen1NHhhFvgNmUAKHi5CC4dzYT3NOJwOm6RN1JvBS5t1oAZH077j4AuHgg9mTBADjuiMF062+YTKXC2/uFA+g/TECE9/9yAICRZgzrK2GDGoKC2GOdV3ny73iDwtaiZfRgv8AMH329UzloyhpXODJcXwUSpBz3NPocqKrZzX1s2qyGb83+mDd3kOx+4vDQkHwnYOd2wxVdF4v8wXZiDV7dOGynhgRtieZhEXQTUMZ688NWXlUCG3GaPcJr+h0/uaALZeXQbpv3WaR1pkFjAkQl31MTIYhSsdfply3W2fWhLQ2msWOvaHMW4j6I5r4bEdcgvMa2DsygbF9aw8kHjM/BXDTQLhAxK1SUAGooXHAXZGy11tgdz5lXtIPGGPU36YI811Cp31gUsb6uzHQFVPAhV9v+YRwdLgpEpPo9LhgFgDKWQJEw2iqsmUy3gET9M5n5JQfBau7MYNc76/UHi9w5KdO2V385iHUPB1VB0Ykx+AKSqSAWOPBd3lI+rmFC8CG/wAfXgFTlA2DjWNnLL78fVY9YFPmVrUj13pJ/ck6RSskmq9Jp+ZqE/JMxmgmujEX35gbpr1VfuLEZHCCOxAzjhrsX4qOj1GAXSK6EvooYkETDNNvCXWFrL2YholbRfGQIdcVVByNga8QnmEDaYoaP+XE5UpbyBRoDTSh1jdeN25MAIU0j2GSraMU3PyuigRmPmGXlpxA+A8F7hMNzhiBUELNEy2J9D7nF6N4umTK8Yo0RIyhHzeHoxb7tAoCAVF1TDyEoQ8M2TVmKIhvV/8AgDGdBAX6/wDdZOLEGFjc/wBuscjkkajYQ91DHzS0hOzouhxFrzOMiBZabAPwDzKARaK2u4Vl7rB0bEWdEDDbdfcWpEqA0GUqv/3FwYO+gRuN2+CQlp22pII+YpArkDC9BcVvx3lnXRdQ17k2VCC4dKEYbbKHQHmu4Qs0Wt1Qkdq7xCd6kMCINg29M1rqw3ErNsaKOMXGgDWUomyeGUJFQFUgOlu9Gjhjwl5mfRFTouRagnPhEJwPMMUG+bXtLPdy4/aXLy/8EwFape8T9+Y1uAattdA0XlMDHkMZdylS1P7hBV2jb08+y0n7hcD0lU0L1KK+fH4TP1QDO70rEQWcLr60gr0wSgBsyLsM2ar/AHKFSDH6OEokvQpW2EiekxAdQNXeqYhGrMPMJDVhjkVRJCQ+wG5o07hN0rwh0q8Dt0/cp7QvpFEIfwTbGiFFEPh3P46wnJPNvHF/n5gyJdHkBL/mO1Ai7URGX7/zNH7jTcKYld/GCsugbY0ANuvMRhWToKxHNvuA6xO9AXZPcElBk8Jp36HEDg6ZEciamyUX+Y8CasmGBCC75T2yLwPSbKAePmNxAci+QfY8HzE5pyP4B5gh1huhA84NAAH/ADLzwgigoWBVGbx1Ig5LCwJeDHZdVYPNxg8DR8xcy0AvNq/6Uj/cDLzxBgF2dqf5jp9rJ23R2xXb4crPZxTWEGqMG4a06omkeIMDGxnuzFbS/XOaeXKWomAb+N4hkknBiJB0KPFgsq0CMtGdrT4NGnSVX6XRti4Q0PW4cmLY99wjcGugPCcPj+44j90CzTkVzA+0vhgElTRy6wP1WYE2ItKuDKCAaB+uBcCDPc2MxJAWgULZRkMRzkeixiCIcjDNpERBRgQl6LfmV4wLmVotVek4ZTfjwHiNgB2qOI0b+LmqCHxTzNspOxhGHwSLiyY/FD94QIeCfMTlKxJegZofsdmJhIUh6b9fj9yDB2DNM6pXuU8dQaWsr8FfTGu01IFhGJWg8usY2/Hk4ixW4uLsgEPGqxAbRHmdZhvdW6FTvKW/ASZFRw0U/cTRsXiHRulx7iz3Ha9LIRBEP95QyQunrdQ9Ns+EvTjLZnYwYKsS/IRi/hiwbsYoGuBhjXSs1ZR/TvKat9n38cr0r82QIh9eFyHud7QLF2F6txshrOCjSwtBsGw5dq/Ihp97Af7gpgUPduinvcay9pAzUDZ5rJXJY5/wBBJ5hPNImxwJuDD+XE7QVVbTif2YWk24cARNa0N7MTn6EINF/YE0/uHauTD+TZXCARKoVNPrHHCpBtS1L/M1ERAK95QCuh0Y/DY0E1AtAfUZuSjJ+egbPQc1BqeqbISHo/Mq+We2OgsI+B/3GLDIxLcJoNvFzzq4ROlAkO5BasiIeIUFWsfvIRUBWmii8VgjRObdiNEKmSBiCgaqWHSnZ0HBZbgGkRF9a/1liFu4mR+Tm28jZ+u8EulArAdxKbkBY/CoAnZcowkIIg9iPLgj7uiFWIphHEKpt5G+f5giJEHYvuayYg+j6n2Y/OGVKKO3r3DRC7JBCICDSPjhJlTLRKpBYMTzG4Co3Rmmpzi4ibfF5f3KdUeDvVg/qp3LRaRaa0CGjoGLzmLFOXQPEBeYLDy2Alak6EHExP8ALI5GZzfYB6OHxw0lLaqg/WAJHssa/pl0FVw/ncb9gBtF2y+kw2vRNmOwBNje+A43G/QH/cqkEbydFfWTIhYLNOSUG3LNkWWVWwqC+vhhL2AkdGT3wGR2YoMVMsUX6zYg0uBpSodbvmHfd2G4XWhIxYGssNy9eyQRLCzFNnHbhPzKT8sXW487yRBujj5h6cjtnIh2zhnMmlYiKQA2+axF7RyK2RwsQ1qY4/QBRVUNvCYjcXjwwHbBYDbNjkjgDFW3TWmsrvg4H5TjOFbYzZQXmVF7y2EyKE2+5yx4jSjZejVmslk/kkPIrPsayqaMJaCStsfFz8G3AQ+NZV5aeNNbFUqo/oCa6vFKgnpiPmHPJMuxLxiePhnWbCW47lGmnLhEJ3xWbDkQo8z9jPfZ4TmcyVJQRS/ZYTA9UAD3L1T5j9FAI2hpBHUlW3W8vKyNfL8Tai9O4AoTWmiShzuJHQLkvWKQ9fphCdrIGnlqv2rbctpmMF8k215hNKWRRIrIIj45BhYmJBtinJxF8wNSIRIG+H4Zrmn8PmBCBQdaKv8Ap9y1nM6tgHijWkLpkWNMPBjB6QpOGaUvfZqBoMRUyIEhw5E+EEmhts2fVJjkaQtH7KrxDZ8pkev9ciEKQfy7jUQyVHkBS7H9yFygNkLyNeLfTD/ewgklVf8A+5fuoq7ts15rfzBLH+gkooMuMwWauxUQ+h+Y7fNR7WCU3Pri+WYrFVNgLd4l3QBQ+NA4D9xWEAGm8Vda8Kub9Baipv1uwwrxU7uYPBIfzN727n4xSBzLCjpNdbLZtS4+Su/u6CZdJl0Cwr2NKfoP9xUQA1xFKABm0TOXAToBdHf+nEIF01tIfXmSNgpJaZC7cEfrqAG7R/uKC2Rg9V9D+v3NleQZyyiUiP5jSGrdAkyCLQbm8iqxXkKGP6cOt5q5pyybt0CLpmlwNfkiYMtr49Hjk1pgHYo4Pg3AYNC09cRkWxrE2shlWGrA2JVcSt69byAltD3eTJJXTf6h/ciB4sBmtdCQcGHNqOtLH2CnmsuKEvo2iU2WYYfSjJCxohGhPMfs+G9cQ0Qgo3/MdzFWg3cnwFF8w0hvrqt8TYPVzG3YpkkUcBIimgcRKoYxTQnjwcBVEKNt6j2f/wCsENBv7rvHJULkkQPN4W5c1ervY6J6q6wGohHlTiOw1yxaFS7VLhPmPoSDVUSWdTvzKGyXyEG0B/S7wTHJIPZpLfW/PmaQfoS/AEnK671MCVijB099CtmByPZ2h1VRprFb0BppKKGun4mX26Qb4ijUUDenLsg83EIAB913DSW+rV2q/wD7jQQCAh13116f8zvuQzwcOxucuAorNQTqWPrzN84NUuiaAlN4dhyp3BoFNzbWdJHPXVyqIgPgm832Hl5CtX4P9zc66WnJbtC9Zy8yCQj6FmJrDuBQj0QR7QG7kprKtMKS3WizVxEkkRugGdgImsVYZB2OpcnhRm0OiOhq/wB+YLIWutNaKYD2GKqfiujgjQ7rYLpw63KF0PSI93iekIyhYmxHv3zFBPy6TRTit/TWBbHbZsLlAOlGqHD8HuX2EGDqOiR/xjIRFCEDQkW3uCiow0hDWC/mIdgvqUT9erSYyg2s88gXQbWGReBJYQOoL9SCtXakIEqiQIYemzgGVTa3mzyg+g5i3cpSsME/vn/+sJgbbcCMJ3V1lYpg81qQAaGPr/EZ/ZBP+OQm/FiW6FRZ1DiO2A+3NsfDdYDDWqBYhhRvjhoxkAD+lf8AXO+MoIVwW/8AcNT95YNRqImkdYEUA9224igNLeDuAOAUGl4VcwEkfLoC2oAm5kF8e54lHR1dTLhYrgbwhNgrnQNAIlDsbahe5o1RxhU7boACGEU+eIosARtK+YzWg0XiiR6PVd4G13dDpI34AX0x1sMQkzOFpJSOXE7T+OK8oqgugx3vQQKONTIov5jjN8faE/C01pcf+0hAmhR5tCzeAlNNFNBGzABocGCydKOoSYmqY5qAd1VWGt+mQiBnZvAY5OfcUHQnjYsLD20ZKJIIHq4sE0UCmfRTRah65THjkjupuCJQaS4B/du/SArQBf8AMvew3wfUukBkWtjawCk6TbFExE2J1qgGR0LhGXCkbs02Od74tqKlsFEq5EhERxXOhXhcFGf3wUt+Cz5gMGvSDiNkzXEt46h59Fri1IDCNyI6Bl9wmEiGPjMwB0ZeJb4sbHYn3ogYMg/AMnL+MEBWmn69fzWHynP6zXuhqc7k9UkOgiAYfYs49DRddwaAk8BxrQwlVIS2AFBIAG3EE2br4FQG4JHTlTRp2egmlAog4QDdDuRPASt6msoKWiyigTkVSXNpVIlLWbyrAhMFkP20xF0Wm3MkdFXRnfQtn1hiBg6OnzeOkb9Xq/8A94JHCkUCPiOomfSRMqAhYHDoglhq8RQMKlWObCQliXSLL76YNYOpckUqCJBIi4tTyA0QaMgReC4/jFkOIOhahizjVQ0xju9fdHzJw9CFA97boB7HA46Huu/CPVYstPSzUAOAhuXe8I7lEtY0IQvyq5SPt8uML9APdeZMeq6+wstzE/jEoIA2YA2HM9MLZoCoUjcGaWwkjElaKNLdplXWYCyvqgxB9ygoqI7mY1o1DiMCHBG0/P73A/c92gnrU/swc1xjfXUEYDzHTn2alCIDZlCzwt4UE2lJrGvYppu/JL/iS9y0bUKF/d/qzD8vRe0Bni1rPmTtAwBkiioJYZrHSTBcgJ1ffcRfj8SNYsVVLhJs+1hMAqKzFCpMecmt/jmwj0W9hkQB6nkSv+dcAkb0q6Oydnss5lm4ODe1un1/MRTPIIK7rNuCqQfb58w0hqygBGfzWOJsZqWk48vX8wyCgd5CI148RcjmpDWHLbstfbjQrP2WndFSRn5mo0lVShDhVvf2OCGDJeAC2a9HElqhgiPgDBf3CqyM2pXRY0PccztMMBGAh+p6wHNA9CIQ0qLIDAEqLuwuvS8cOrd4AW5gOTqYeYXfDGFBIabJ/uNZ7k9Y3TWHYYsA6AVJhQjR23eLonuFq68/zJmyMAwaLFsMNOSCgtKB/wAx4RjHngm4cRs3jeCmW2uxgsWn5kHgvElgDsA+GICowrginlL+4cklCn2Ao/wZLnQY0R+41I6C7o8P57OJ56WphSAExXvopUVIE8bSmAfe2MKCo2+s41JH7xsSeOFbf8WyMm2QdmuYPqsgNAaetquLQBai10+GD74eiRUv7Ke57JXkLNQFuHTuUqPtOhLvQdRdTCYCwXTqlFZDjJhRAALKH/h8IY0JJYdla/8AcUI5gRYigC0uBhRG6DlDiTR/uXjQtwjxjq/ubpDAvHz1l75hRX6Fv7rEt/gJts4SV2oPotobmSC0Beeh/VoAwihq3QkvYX8CzjctSxhBgCfW0UHWSTAC9KSGKg0m+4Yug44JrkEOgeYW8gAKzE6hd5NDQKr9+ucKGO1f8Bh2zxDFdgJX5/dIH2tLtUClDSuOLem0DOxR6DBphEnN87Z/tXEQqRiYMhAVHq/HC2lDXhJrX0H9zUEdlUrqrQOxqpjv8CgnSqt2B9d4lD6qqIKpfFQPmWrOAB/7AIn3GVgjkeAWXoL7gkDxbfmiQYF15iwSRZOaDoTwyLTdts2Y+AZEgDUpTsw+7BshVwhi7TEMKCHYNIOtStkM07G/eWoaqyD0TGMx+WcdBjp5jlb6kylSVUzZgV+ab6kkaiqNFlw+I5a1ghNB+uBuLRcb5IBnWCI6pRgDotFF+sAuyQ0HrO6Uv/uWo6etPiLzGqXTF0SklDuIIAYdZmHb4CayrqURAAv+RQfuVYx+pYrrQH8xCt2GgV20ftySIVx/vzLxtt+cAIAKWLpm/wD/AD91gEsgJgOV9Pd81swZuVKG1CGu4mZaN8ZVf0bR4TLZr9No86fvmHInkcLoxcmwtI/X8zsdVIAnwF/iT3HpHSQ/ucqpwNHMEmuQhMauBLcZg7aABUkFU6Q3mrCqGaoGXfx/zE21hUbaJqap+piDzB80IZJgfQyiLmqYVAzXkgxevOsztURu8TuFVANgjrIoh1jB16FwIDVTmsEJTQAJaW5Xx3WO0KfIJUBLQ3qQcVIt1JPWYQBjwEzfrBhU0N2Q1cZG6ghAJ2JGgG8Kk02VNCnavcdgEWRjKvs33NqTHU1IUSinXtxMiLt7WDaG0IRwOrqAHppVBKb2fMrhtCaEr9Kn7gCbEHo53v1MjJpvl9D/ANE5atawqrBBAhXuKddPIla2KSL2uasAO60bqO8WaQUKQNQKcTeHObPZUBurBKT2ZGfqS0FEQRZTsudHaTu2n5Nt+G8sPSYDazxriv5rDVdhakGEJ4EfM1R137JXHo3fMIN9h0ZkBraMXO00oIXaWKbNy4B7IrCEWawUqY6GSiIXW0aWaNYjHGae0ZLq7PuLKT0B6MdkdJD+8ztCrb/Ya6hHhm2LacWyoVK1DvMdL0xdx0JqxfdubZlnxelJWKy/uIGAtO0jy4cJ4c5sTVChFNoZa2Crau3gt06/8wxkQjIEHQ0DJMX4m9YQ9i0wC+ZQg9AA377rKYs6/BMISCjGEMngPQpvEXZ2IYV891hCpARCafM0COO4FC07r+8z5vVCFQWs0U/uEM0cILpoSQB3eGkhLo4ISUBn3fMGw3LCdu9N+H3Hh0oqYwzrV1wwMT0G6xflRMHeLQ0b6Oni/ck3OkreS24IaezHRgG6rAq/qu3FG61dH3ETekq3++YYElcc/wAOzJRqV2m80lDcTS0N3vnMebIIOIzfRDbjxHzTTNSv95gsGqW6QPb+n8yZpiyFSEqCG+8ygTFUwCjoqRq4um4INLWyIGjUY40LoiGUAbBq3LGgMEgRWE9JDq557g4yqRnUT46yczSX3Glshm6cKOiQQJBZerk+ROndAr7VfzISRt7V8B9cqYRphASDay42LB4kSEmoU/TebQ40PzFCr7fh8wogTyeOAqk0b7hRKmCIZMZreUyBzQZSQdb0UBwujLjC2oDzYvixt4EFySqlIO4Q2Asxi/8A1wCLf563F/QR/MSFfVWKPBUUrzeD1MIWYtVmDnN5JIDWwSLhH9lygFR3xOD1DzKzwz1PA31s9chbrlpuoaDEH9yenq9Oog6bDRu2VHaI6radkBFJ6K+cVSoLCKh/3JDixOLXJAnC0GJwkSB6C3Y2ikzImBO8u4yRCdmpiFRlpWwIATaqExHuHsetBuyX+NYXTFKJ3Gju6l8z6PDenKkY+JMpO9v0C6DR+Y+uAzEoLIEGd8oFEUVUadxv22IPCkLqoj6zZf8AYja9JC7hbvBpcOESiAgiG0fc21Uq3P8A9QJ+YmivAMYnClK48UIWgOv0D1XD5YzCFKmTQHQwFioR5E6rA68yECsciWKUBBfXWAWA1CmyiQBmhxm9oUZ+rRpb0LxYhVI3Fo6EtW/7kUd3A9htcRUpouXcIQV+Nu1B9Lg6EGBpQ061LlyKlKFVfHoe5x8QkisvyTO5q/aEm3GE27vzWEObUsFEGHEyjp6gFE6AAgeYzx9OJAxZv/mAabDQ6n8ZCJRxWCfh3K9ACaqgs9TbNB730H1dWPqO5//EACMRAAMAAgIDAQEBAQEBAAAAAAECAwAEERIFEBMUIAYVBzD/2gAIAQIBAQIA8XHzgWqsuMfIHxg7E47z8xLZQFQ3+20vB/8Am/jfFqPmI8vf91cWLpA/NpNFFG2KhvU6a1NzY3KrlC9dZtqKakp32J0ezv0ScUUNO9Z7L5z9eWajygh/2Hh/ExXJ4uPRqkxlaKomBvyUCZA+UhrQZFXiOt5cAzIZTeEZ5NTLf1h4LxnizPq4aSJSiudl9r5+U37+Q/zm9MHEUscbHb56yqCxd7aZ3amq5Y2bUa2wuKTOhzrwFqs6DKz/AAzv1dEHV4tRMSRgIkKSrSkokWzlLHas03k16LjgehteQf5yAxs6MBNVZmLIGQ4sy9dk7NElrov6tmWx5Te83/m/9vFXQlmbYFFoLLgiI0XS2dgScXYOq71X09nGZqEdcmxWxlsMbS1BhULmwygKjQw5VZab6RTr16ouy8sKlQgbt2B9fHyKlUAfsC+KebVSxUhK/tptKVmgZlP+p8r/AIDyn+l3tTxO1qf8Xxovty2aF6TCqJIgbODhrc65AtKupCM0XLhHONln12ObEdVZrWcJkKGzpSYi0giKJazw0dnx3ktNxIdCHkM7984bOcYcNbYBr9DhKshAGVkgvsBxH8/Nm7zBVI/+l7n/AJnTzWtqL523+a8XTXvqy16r+ZVbNerHl6q2yyV6BEcikSEUYRRFsw8gfHjgouqQVVHC47F3p2+oAN6TOn5W3mtrbdxT7/obBiJwCcav0lX68/n80rqokrYR9L7v/RbaXPnrybPn86TE5oy/b/aeP/w2rfx51aeIC61WDjhl4QLJsXNxtNthJ6yS+fTtnBcP3qgRM346ZLSp6BNWbsWZuVymE9nouNtzpjYw4SYwN9AFnZbHszSt9xueQ2Bjt9mt+l83XTQgC3ETyHBcfIJRnCZ80Ba5ZQzeRSvBy2a95k5xVJKW4UhjQlWc1CO2TF9fXnsCWIAjW+hIFHm3TrwuGTkDV1dnWssG7EkYE6bSwpDBm1glTX+aS+Hy8oWP1UrLrvbfjdcXWRAxWLoVOdSaOWk7UTDmwUnPPymfqwjrzwns2JnXjNijWgVBzaMWCzDN3YquMweY6daKoA6vinkKqT2Nja55GfMDOQ1kVIjsTr6dTdZZ9Ezc0jjjXoKbK68ClUnXAFl8tmsvJ/8AT/S+1SkMXBhpOu68LyPDYfXCLjBF2W1fRXi7tms3RkrrpL6diOuT9PgmhLAviH6GgHVAafcEjgBXYl/tTc/6C7BUEAy1JbOsiUX6zn5sMtERNeTB5yFJMOUKAGuu2gNCCU0bIwVla7a1KyczolDTuaJd9gX+ottHWAceqx+agVNjZqzPMso/CHtyGagstaiasoDv9DTszm/6EdUETJY/J9SmtJJnWVjUlE1k09uPz2PPH/TeG8sdeetRfk8OmbiSdFni+uSA5tVGVo609hZg2EJwCuaY7awYLL5NJJdVBYszi5YsEnL8x1kUv16gJL5fJpdOoWqpTljjCdwHl8BCeU2kNM7JlJJk3NTehYRedd9+u+0pwO1sa+z67q302mmqmeOOq4B1C7DLi4uWk0+msrOpcOzT10ZWHPPZyo+XzeXwCrFZ9A3bt7B7mgfOs1o21XV16YcXHwBCAB62hDBnC44bO4umUwiOr8NuHffdaecLV8evGWpFtmiFZBZn0mIMY0X6zHC44KSPW9JVEXhMM5xwEKkq31Ne+Gk6VwVEimKucMUDTK4uDL4iILZyCReUggJxRtrBAMGMfg0RJJPhMX+lR8N55Z5/S8BXQXCLxktZqq4cnhbuaT2FbYauxGKhWwj4/MnYSEmqG6fPCpZsIVSvXqFZZzdUn27c9u/Zzr4zE4uINjJocjqL4zX8V5HV2DDFWj/RHYJNPS3U4SMXHBXV1irJ8trX1/BakvjpjKH7UKhoqMXDna7pbWO600kGoi9QC5v2OBfkAKGmM4CCt4U4OLhLYxJmSG9KOOGyeVIOLk8rh9aDPkZ+Vx4oPqw6qBONQ1CglhxwmTWuJkC+A8b7a3kdKhREy+dnbWxgRwH4ELzCabbKiRxJLn0LEdUzt3LhmLvKyqASdecz6ZlKpQOZ4WOdVHplQ0xPQIehODNZu8Keb2J2vdKrnCDrjUqZBAQ85znOqov6SFTruJKvjs7I2OHU5I1p9/t38b4yOls13AqFXQYpxsJ7NgZ8SgCr82isie2EowFFxcR7lsmxZm7duytz657fzr0cwt5JFk8E1ln1VVWs/n1nJWakmEl1PzCBYWbY776Sbx2OZemyihJLcCHwnDX2KeRUxhZS7Ehchq78QvydOlEmhcN9CzOtPoKYEWr0YigDqimQK+mAKsrD02cAEFlOTwvF9ornXj0D9Po4Vu/YiNE2hRLUs2x+kJ8t4RTUXIirgOqTIZRnPbsMXNeO5qAcdeutt+UpIfQ1JbAipxwQy0XqrTPLYia/iR4ptdpfPpk2nTa1DIiTLnAXpwQwAOJkwhuePq1vr2J44QYBxjBTMT1G0U0nWu9+20tTRaHyTKT9n0WZu0VloHW/Y2x67Fi6sTnVA2M0j6OdrHFxPTZrr+n9Jn2JbOwM1i1XqlEm/YN2Lc4x5AFu31GBfmJfMp07Bu3PXqs/nHYG9s+Sj5Jte+vxwtCwzjsX7mrbH6TY1B1SuxTadvqx79uOPHz2pnOOHZxFuA1HpullKhFPrWRU+TIZujqMlHkWajZQBeORnVV68cBlylEUsMLmis3o52O3Gn1FVocqpOtravi2zbHfDnYu+wl+eGTp8xEQWaKAmjSYNRCXXgZ4o+TRvRymPkMOLm1QSSc1orbUNhcSw2xujZZixHzVzXuUEzF87Kyv3d/oad+FLMqdc4ClW9dXdZ6+WSKLjYF+U21Nq53PT3v5jU2zmxOM5y6euAKuNjWaDXsyPrCZp3PrxOeUUsGct6nhyabcl1TNVZW10gjfVbMwqdpqhBqtqhOxouxexoBxzyI/H5fPOOMch1IJpycdlRl1cZeBi4zV2Up41733qc1lbxmnrkOom3rlTgysxLVQVWmd9mw2pPfapseI39nakQGYtgxDZz5Bdttnuo7KwIIAn8AP0nyDeTbyH1ZyVVlE0ZB1Od+5bkHjjGygWgp0QHHxDsPpqDVpt223FUbU2G3HbhsLd0HXD6OL6ClBMp9JqcszRpoVjTxttDxiUMvVPQUKuWi3jF0F01l1K8td9xdtdr9X15z5rH85LbP6mo1JlG7D+V/giijEKuTmxRcfITsewdW8hkpLFUJzilK28e65zyTxwR3XOMbZbYnuPscjFZgRWRkUmnDL0A4nq2iZhF9c4wB3NiO9Nwozk4KcmbpsvpeQQCSz6/0BzznDCge87yo560TWRWObYnaB2DJPS+u1E2E8dSTHO3N9mdPtTyqeQXaNKKsBKCTwsWZ/qbcl/p2J55DS3KVOAOecXGLX3llmo8s+QRlWYHN22Nfx3iOigZz/AF2B55L0d8uZ1lsJscWbRUkllGqFIK+l9cnNnNeclo7709zfpqKVpof8qGl80n83l9PoW7jazhmZu2D0MOL64RXHrkZWFJLqTWbLXv2ago1Bf7LiemxP6PpPZAbruQ+XXXZrRaET/D59JufQPbONoas1FXaSay6gl1wUL/b6dyy4B0tL8cVZiqpxyG7qpAABFKptuMfFBDoUCdZlRxyFZWC4mDOzBB/XQD02LX60x0KoCspqGdac9mDT15lM464yW1oToDBZqil6rdcIqFKJ16krQt3ZhQrhPbt27Leeckk7KwJ9AUxb/RqTIwRM/l1RGRpMJ+2xf/nQ9h6ZenznKMGzbfUGAAe+pHouW7G52f0pVcJC4M7NMUOdgfRFVxcbB7LbNdWKp1VGnt10ps3plEDD4LPq1VswUGgoVM5zX02H0P6b3sZGdqoeqTWS4oZesxg/ly+xN8bbDYifET6LgQ+gvJy10sKo4zkO+GXJAXrllhrUMRyS1d22oOMXCvPPXqzWeCzlWlbSKADkt9C5IA/oqDzssrVaKBuPrN2Wjh0Yqrc+9lWOtbv+YL1IOF5uvoDrCezp1m+Ji4mLjYPSpT+eCQZ+yL6U09L6OL6OfOsdbXK3WUAoPpvZxf7Yq3axdtebAYyWlqxx01dBPH7Y1GtP24rPXXraz7c99d9qch4MUGczrbc291cni5PFOELhxzyP4IImMPpyPZznOBkpqt5qWFVTOuBnbuSmErhPPK+2bYyDbAmiI2DJ504SWtqLNhva+tKx9nLpJM2FtARjBfTZTa1acZxtay+MnpfnVRieuASWUqv8nJ5wc4YD2c4xzHKsXYqgWwU9mLs95ujln2ZbY9cKOezTKiRRtc4cAmRhz76NS7PRnJBX0SBxxZaIs2SCCFJumspPtlUY0wU9DGzt2549D3P07At/T55K2lcOq9RjNRuPThpoirsuM1Z+r7A3YMc266259gcdeDk8GN60sZi1WZgzN27fxbAgiYyiW3DpzDdhhzuFzm1FxM4xjhwZzxx7DKWAwhkP8c7Wvra3M255IY02VYk4UUZsT/JGQUjdlriHreaA1LTJLVGfBVB+wtoVfGNm57NgFNmbZTY+75JeTgZs2F15cTC4fW1v624DtX1mUckt744/k4rZ27csMGcHAS3CH3VX1ZoARxxwIvMps7eq+yKHX2q7P6k1n1tdXao117AVL7OvXVrrbJW5ZlKowtqwfttjucFQyjGzgkYStO5fyB8bBlvLXDO+yKozD/4qpVlxT2/oYno+2D4HOLhCrj42Xgivg1Tqbjxjrq+1rXKUEvdnu8a6raYad59VzscZ6otqJy2yMlgzhsUsdnY1Krp2hW8dacerAZc1aWxq7DH+zk0CHK+uFkZkfyr9y3bkNaYAxWGPRG4oKXFOsqbGxsLHAaJqX1qsJ+lG/nxnqpq+NUnYFSD9mu5iyx3R219RkmvGNjiUqaWtp/Task5A4+0LlnS81nDAf7dot27VGBp0Z3b+R/BwsaFMc/edo+ilvHS0GyuvDT3dOcnP5H1tHNzyPj7+r4kZTraO2Nv9dqNsPszTrs01tjdn+fsgVVBCyODFNKPsvZQM295awiMVdnU/HPX6/wB0mtm2EIbDgts7uvbAil68jO3OHH9KSn531I6Zb6Lf6/UY4GWYIswNwaq7kNJVw4RmwdmuvaWwublWaawtSoyOnYdynIoH5OM83+1srrwRcrVdeWr85Tlr2jcTV06kc+iQRh1l1fg0yqF5019eQxmptpZTgydsJY4qAYMoSxCG5o+oxztRPnKDJ+VUMFiuVeVuHTe1LLqZMbAWYnoeLfw9NJc4+EldeqkZS53IbOAEMH3Z2RVzY3P0a/lm8g1QvQq/8EKqjHst+WXBP5FFV511U15IVTJYcOM32Fxf7K/ZsN0fusDie+NKLKy6c7a9FWnkaeLHDraf/OjquLxjqanjJwIpCmmZdTrWkJsqZsUZvH42coKT2vH6escB2pukIrNQjAkDcSXy4AUcE7BXag+PkxRhhaYrihUbFxAS2XyrpsRDLJkG+jampDYQbUnHqrjY0NtcIWT33N+exdtGeE88nBlF0YAAcFYbO7X9ddirAqjY8hqLHCJURKB15BeTTEcAmabLbMIJnLAgEknYZ006EkJjrs7OkyDYnGdS+wpAOHLlisJY57RJRwMZ7aUtD5jNlUsu3Tclt/8ARr5bZrricRnYnr1OczXXXhMbPLbj+QnT8892rICzN8ujKjoQj7i1LkZOjHCa3i7bCNHF9WxMbBlZ2oTpo2T9dW00gPSik6aYAm6WuKiCxWVUjPPstdipaJXHdKul1gp8RLwTeCbxP4/zrdHxS1rb6bqZNoMr0tvf6ZtzV8LpeL40Gk1qKxb02fLrXBJQi0x7rkTxVRMJbWSmoq+q4pOIjDf1dWE5UEvTNyrccDAzA609bZXenKUrqA/0YjaVK4rCf0O1sbmoMonj4JA1fZvt2FqFdd1wvuXzX1pKqx3PI/6Da8jpeO0fFF/saaU52MyD7c/oa4quK7YSUoYp15K83gmhOQwN5PY0tkUnhO2IWGcdeMK0pPcS/PYNKnfyOCfxGqGttK7W1SbFhqldmtdjRgBTcjXxeV2H2auF+rVtk5IajbGoW2z5PY8v+iWjpeF0tPyG5XcanfUiukNXfRvXO3RRnebdOxbsxiv9seLGSbI0dOo39rUYZzsb0NzCKLtLLY1/JI+SwHZbta4vFelLJg8P+OHjgmPptoNGu5sW1RqbK7pzi1bbYrrYMN+19fYwKmrLx3Smx4bdY+RVUcff/8QALxEAAgIBBAEEAgIBBAIDAAAAAAECESEDEBIxQRMgIlEEYTAyIxRCcYEFkRUz0f/aAAgBAgEDPwB6urno9KaS25Z2puiUtRn+LO17Q04uUjRVqzT1XaFWNmomt+RoqMF3Z+Trfk85J9n+k0YQf+1Jf+i3Wy7IpUacMWRXxTwxrMclj0la8jkxUJmBRRxwcsl78JWKcBRaiKS2oSZcTmZOA+i1k4qhye1qhQEykOKPx3qpf7h2muhCWC0cUPUl/wACayab1U2L8jUjqQ+yWlpKLGO9q2cojWsmeo0Vg4jZyjyOONsjkhorbAoaceOGkOUrfgSLWD9FO2iMpPHZwhSGOTGj1NJpdmstXMuz0l8skY9bIhP+0bI6X9FRKXg49iQ2sJmrPN0a0NTik2flpXCLPyNZ1qqv+RxVywKcVaFFjYz4jsbEo5FbKEJVaHPStYHzeTm1u+RSFB58mLF5IyfQorCL7Fs7wSrA08jkhNZIw/Ic/wBi1IpIY+RgtUxRyO8EWv2aco1LJFdCEhClsoqmRUuVHyvZJWQXgjWBNNlnF2R1F0KJZWy6FNtbJIQhSYkiIouxCZp9kawXs12RiiKJy6RqzRLyQ0Y8pENX+po+o5SRo6UuMUjVjnRRqa35S0fzMMeo7j/WsFGTB4EI44GxskmfE46bRKUnIUFbFPraKWRRdHqq14LfF7cciZb3SYmhRZywWh8mx2tre9ItjTJNn2IUk0iTJRZx9ljTpDYxsr2XvpwXSItviTvsaWRCEN7UUNuht/oro49kV4NSXRqN/JkX2RXR8Rn+i/GbNT89zc22haMuEcNktbTuss0vwtL5JWf/ACH5sdSHaZP8X8eMJSbMHJlKy5iayITOI0Wi5URisEWqJJ/obZ4ZaHyHGDEp4MFxJc6b2bQtOKI6kbraQ+bMZLZWzsYy+xITODscuhxVshLVSaNFwTUUaclaS6OEsDQ5N3sksCbtiXRRfsRfQ6Hx/wCjXl47JQ/v2KxNDbwNbXsngs04dvJBLDJT6NR9o8srpEmlgkSpDolVk4xekkShDC7Ia/5Cv7NPS0oteEamtrNV8T0dRSkJ5XRaFHI3GkNStnhHFZHIrvaMFkUpWhpD5tCkji8FuxNDbwioUfIwWOE7ZGXQ6J4TP8ezmcHZgTEltTFeB7MalTLwzj0f4kSi+S7RFaKTeRJ1ZHVIs49bNuiTRqqXRcbYkWUrIiIp5ISVJiIKiKWB2SsVZELwUQ00Rq0Sn0SeWJqhJbXtgyYRgrA/ytN8Y2yX4um4zjVi1NTkVFJGlqO5ENF4HLvoTRTe7jKxTWRR6H5MDHeTkhXYkhCRWyp2JPajmcJHJWXFMqFbNsdZ2SE8b52vb/IituUaKQ44RKatj2YymYIp5F4L2qJLljZ0NMldjffgUnkg3kiuh3txx5ZqLLdInr6qjp9eTisjjKmfW2BD8bWISRSM2OcaaTQodJLahobkKGmjjgepn7FWzURdGDl2JCn2cXgbKHQvJFCY2OijCMbJqxpZOSoccIT7Iw6H0MbGnZIbWRbVsm7GM5u2KDwSUsDUc7Ji8DEfQ0x0XQkSfQ28jXRxWTk8DNLTVM02nxGh2NjZHTy1ZL8n4wZ6MHKXZyjbwKWSsCsSXY7PvaxbL7EykX7LYumac+0KGFvemNuykVshN7ZENdE+XTJSW2CmNjrasFdF7NDG2XshFD9iL2WmqHITMjeyQhFZFPs4ypDS2sjJWyF9kZRWRRYrPydfsnpQcpHIooVYNXVxHryaX4zuXYnlEqGsbW9vJKDE+yCaIuN0TbdE5SPsVCEiMkPwSbyJir2Xg47WjJxLd7WVkfIbyNYEITFEVVtyRxW2NrKZQ7G8FFqykNje1HFDE8ioQhJCILs0yETT4mnMTdolVEn4G+20Qr/7CEeiPk0oZNKiMcoctKSOHWRtWMdZKTSGpW8lSSFVHGZZ8i1ZYpkX4IxkmQlGqIQzZG+j6Kj2ORJYJp0WrPTeESq6JSXQ1ih+RIfLCH9EWRojFnqMUFki/O/KQkqFE+xfe1nyPopWy9qQ/oYvJEjRFvBZUaP2JCW36JPwNeCSfRKujkNrsf2fsXnJEjIXRw6VjauhNK0Ri+jTfcTTTwhT/wBxTMVQ7qjX01dk9R8ZdC/M/IcPoTiKxLCKEypouVfo4uy1tjdCkcTkqMXs27KWRWJZE8CmKIoitlxwPlQqyJmmaZpikyKdM0xLrZQVnqZWzkSQ3s0cey2Wt0xEfJpmmQWV2WcYWW/ZxyKToTFyZaGjjAqVFnFLay2KPZFyoUIjcjkNDixUiKhZPly8Fwoqdj/G/wDLRfSZSTX0c96MiirFJbKvfj28nZgdjRxFISLVGfZQtrQi8nHJzPTwWtkhGd8mNq35bZM7N/EfbM72jjOz4lsrbB8kYL3wZOLLVGTCGWyojekx/wBf+iK0x8v+z0vydP8AI/24/wCRav40ZLykV3tRxOfRijkh0Ne9JDnIUXRyVmBJZFRTEheTgPUZgdnETLKGxreiz6G8sSRY0hsl2NIY63ocuhFezirYtT5FYKZa2a7Gqf7LjRWBdbcnR86MezBKTspjsd2UIkx1Q3p0f5K/ZyicXyNX8n8JTiumaj/AitTtYLW2S0cDkrKMGNq2SFYmUhpj1HZwVGdrLK2tHErBY2Paytr9uNqOSMlbL2Xve9nLBwVbPWF/uNGskILB0v2YPJT2fO/0OeqNIdvZXQpIotmdrMlxs+VGD/Lf7LSQ3ovUawJ6b05Zj9EIR4xVIcdqRJvLKOSoZSr2IVYJKXZyRUT1NSmLSRzdmRiXZXRYmWMTFEVYGNeR+BvsaWRxlgcxCrZDsopGRb49lDQx7ZFyEIUUSmxjSOWRxEWxbJOxccicikfJlFlF7UWzjE+bZZ/k/wCyn8RL8GSY5NvwfIpbYKZY0PdIuNo1dT+is1If2TJuSpFRyRksHB2hyRJPopDGyQhCMYJI5dnHA0Tl2XtJkZdij0Pb6GNopmBpiosZjd2UX1uhIbeBjs+ihMoi4ldDbLiMxsvBCL7MGTG0msEl2hkfJBeRv+pqy6RrfRLn+xpNjf4skfBFPe0ZMmDit+TJ/laid1E/E/Cgrqz/AMdODuKs0p6laapIowWUWtslb0UrG2NrZNWISEut6Ml5Pi96FZ1RFdkRVj23vXv4ujCZR6hxRZRS9jSwSc8jkqKZWzaJSJ/Y1/YRpR6Qn0UfPkJabofoSR8T5bIwUy3tY6GjNk9BfFmrqdsc3lmjXyNOLxvZWB6hLQYppNbMbeRSjRGJ8aGiQxn2Is5CQkiLVCXR9EmN9jLEhMd9CiN+xjYzGzRa2+VjlD/gtlDkx7oihCIvo4jbGyxQjQ3hGqu6E/7EI9Gn4P0a2q/ial8PJ/iG9GSHGBb24youO9IsSwIovZ+B6zr6OETG9ZOAtaOD041tZZgsrZCr229snN0KcbbIx8kIYtCK20/o04u6NJvojqfKI4+Nr2Rey3rb5C4MqRZxViMjYxvZ+xUIdjTs1dQleTkjTRpaUbaJRl8CXfkepFIUY3tTKOUrMe7G3N0YPTRLTbHPv20rJTyPzvW2T4742ut8707JRWCc+xyyMb3vasFiZxkUve7GO7G1Q4sbGzImIQhey900JC00KcqF+OviR1sQNScfn0JM8CQ1gvdCEJCF9C2sa1ERjFEZIi28CuqEl2J9bXtHUjRU6Xso87YLKQoSqjkrL2/e6ojWURfSooSE+ii2W+zgO7o5H7LY9qGxjs/YhEUhJ2KXgQqMmRjYxlFISdUchLsszQxuJLTsl+Q/kyGlmJKMaZkz7KGixyGMdjGVtxdkprBOKycLsySbGsvatvlRx1F7cbY2oc5FRMnFHBimcpHAVFYE97KOLExVQ2xsordCFW9jGu9mNb2yt7jY22htlDkqQ49ny2tCFpCkxcEZMnAqXE9RFjsbOKEIQjJRkUlZFeBNYOWyiRSL3Tl2XIplmN6ZaHdnLolY6QkJkX4EhRxRFZaFLwRT6IrwJ+CT6RqS8GqSaycBUUItYG3tWzY963WzoplooyXs0i7OO2BIzsoijgUiKZFQOTxsnEcp2haayUxSYl0SJD3Q2OxqJxGxo+zi2NzoxYoPsbg2mSjPI9R2RfY0yhPbJg9ONkG6NOhEpdExoYvJF4EuhyyM0o9mjDogukPwSl2cjwNjMCXYhPsiQW7GX7MDTJJEmSbGlnd3SJJ0OkISMGME9NWzksk10Sh2OSHIdmSCF4LXuztgwZJLop09lFZH4FJC7RqLCNTUptj09PscdR2J9b42wZ2jqRpsin2L7FESIiEivA/rZ+BjkPdSdMjHyQjghEjLoYxkiX8V70xF7cXR5OerRSQ/B9i8bJwQqEJC8bZKQ7Obz7WxFdH6LQxReSKiRchEdRYGxjFdjkc1klCfxJIoQmREi+iUlgcJU+xPahC3f/RHTi2yEn0RkviixIsZMkyTKWRQTb6Q9TV4rotZIsihL+TORJDT7G/I2SSwPUfyFGODlqWNIsklg1VKmy1kcsFL2vkWirOMmmYMbWPSeRaixk9LLFGXRGebE1hnLstbPwSi3Z9kfsj9i+ysGBednu9msjij1XyYhP2optClBkY9IbWVQmhFbpbJj1U412ejqWz6GUJ+9Ce/EneETceiUXtxYpkV5FQuWRbRkiN2Riuzkyvb89snysvJxIrwepJNeBz1BwR6nYpsmnjonCSb2QiMehjGV2R5UKWStn4JDGMdjoYxmCnvRyYux3XgSdiEiImLbO0F2QeF7c+7HtsTdCE0ytqGc8MUc+zG1HJb1t8i7HzrwWKCLFPwenlHOVswJHFja2iNjGxoe3KNIktS8nGCTH0WJCEJCLyRoSEIWnHA9XU4sp1tgpl5G1Q0qGuiVEmfs/e2dsmSyt8/wVvhjWoM5d7VgaZFivBgjFClsxsbOK2Ze3yKFPJ6ZzeN0kUyjk6LKHxY+VFLfjvWRdnIx7Xsqo+V+x8Rx1i5bWUVgVbJiEi98iEU/bn+Oon+QxvezZRSJJ4Hxt7oXsrb5f8AYnkQhR2Y57WU9slxop2KhPa97MFarPj7aQ5OkNRTZm9rRg4qj5ORca9l5347UcmWjURJLJZe1GPbj+H4n+SzwXtYtrEZK9/ERZ8h8mqJSRIbWdkxR2ZjZspicLGpUhl7WUZLQ/VZSL9jawJO5ZLwsDTzsykOephFR3yWNDY9qH0NSHJDgSmhmBCK2va/fZe3xEnY5SY0rMlCXkTHWBoRZSL9trA1LZXZF5EsEd6OW97c3RKMrGtOx8nfuyfEuVle2ziWZ3szZxVb52yZ3tGS2cUNs8sSMfzUjO1oo5uzi6MlxJ3gmnkpFj1GPTlk4I5yo4v2WimZMko4slGV2Ksik6G+hnFiaK34PBn5MjKNKQ2+7MD91e+ykY9jftY9pNmMkSF9C00OYkjAhJGRJiEz7E2IyMZjdIfgnJ5OOnY5SyKCVFmTBH6EmKcTlIjBYVHJnJD05l+zBZRkTbLMDi7ZaxtfRPTNTUSK2RPUTSJ38iMVgr22UJjY178bv3qKViirZFsromTbHNf8DiNlC2aVkmyT7MFISkzm6RjO+NkNtMgaS6Iyw+iK/qVh7UzG2TiqRKxUfRayRvBaH7FeRbZZe1bYOKZzdHpxRb9tbV7q25Fe7O1Mx77o9ONDZZYiutk0O9sFpmTG3FUJttkU734EnLByWTI4JUKTyRfRe17Z2xtn2YPkY/gwOTGNsooag2jlmRGheC9nZaK72iheN69lF9+5otWJvZMXuWus9nplsYxljiyKQpLA9k946hTyJIaLwMmp14EomSUoqhxlkfLJFrG0URksd7NFIj5NLyRb2X/Y6E+xDHRxdCltGHZHjyLRW725Ro4w2zvklpOkesrZgny6G452oX8mNltfsW1MTKftsbYoLZbVtQmUOMuJcbG/Ao5JNpHEUnTYp5Q4vCGo52k5DSva1Y1F/wDBMlqN2OCHPDKlYqHY7GxJUOTsrDFRyZLhW1MsxvZQhLoZZQ5SwOrf2WiUmMpEXgXEsp/x4M7V/NaOLMfwKTsUIFwOcj08/Q5SObTYoRMingTKwY2vAoKmQSwi5YFWTnIrBgSFeyYkJ5Q1g8sjxE8Ibz7Uk7FJj0usj1XlEeN2cFZho5u2KKoaK8GRpElIkkNuqLf8FF5KPBT3bGhr3V7cjbsaZgzs49Kzki3RRCLyyM+mVAUZZFLCFyKqjBnslGTHqKy1bFW3yM4Iz7Qrwj9npvJGTuzA+bGmUWNj6Zmyoj4jcsnF1tXsbZzZ6eSlRii52JF5FHAmWWjLMFMtfw42zvQhCfuz7MHHImXnamcUczBksjJ2RhkxQ27HIqRxKRyPSVnxZ6fx+h6m2LOTFQk2cT6HB2c0KxI5SpFLZabEznE+FbNy2wXsoie1MSObPiUiWk+KJ6jHEpDY5nGG3HH8FxHDA2OWTG2CmOTo5xra8iiJsvZb43xRYjkcNuOyIrIpOxcjBih29qQ54Q4oU43Q4aiW+dmqoo4yE2eShyKFHDItYHrOmPSd/ZcKHy4/sSYl4EhPZtDsrsSOfRqPpkoSpliWCGrmXZpx8CZnIkrElZKxjsZXsrZ3kcpXtSwOyhU7Mil0PTlnoscUVg5MxtasTbXtbyVs7JPovZDrBqqX6JOOTJgcmUOfRglybfRbpEvIlK9lBWxarxtyGlZKDwTdFQyJ5ENukep/YhFHojfZaI8zlgp0/O1GBJEVdnqPG17KKs44PUZx2isIaSYlhkZIjIvoaWf4EJCQmhNbUXtW1osaY0tvifNmNuORCoQhPahR7HJ4E8MjJnHCHWd7LHbJUfLIqs4ysQ6wNsiJ9HNClLJDTQmqQ7obPLFp9CmhTRyxHwcOz5WShCGoupDUsFoqVCcWNTrwRk3gjF9C2T7FLBK7Q4vJQqJcsD9ND5ZKEhotZ201Pg0N2/atlRxlxOUb9ivAmh3guOSmJmCjAlIxt8SaeGSTpsUlezRZJ/0waz7bHDsrKHHDYp+SsCocWNDisojbsTeBRyiUYZyfKqLHN0KC2YxllHJkKyhLoW3CNsh6jTZoce1Zp3RehCCeUjmv2S+htWNIlPUt9GW0cRskhN0eWXgrob2TE1SEhUZL6FF1Y6wOWtykNIZXZfRW9oSnyZaxty6KFTaNSEsE5u5CSob6JeUOCG5FofLA6MFoXKiLdlCQuWBJZEyvAvJBumyOp0KPkawhrsk8ocZUcV0V0xdtmml2R6THqywjOTN+BLoRYxlbXIpbX0ceyOjBpuib1HTwamt5Y+FCfg5w+KyNdjXQ2IS2lyE0KMrGp8UNqy915IvrZISWB8Gy5FnyMb42sfC0cexarsUFt3tXZpzyyMOt0KeBRZxHeCVCgqFITlZkpDHZSGX2NLA2OtlEjMXAqeB6io1JM1KJkodiiKOSKwJraijgcy1Z8jAksmnFcrojp2lk/I/NdMk8yRCLyQ9f06FXF+BvTbpErHXtQkKsDcrHxraiaZayNNmDU8Go5ZJR06HGTY0hyyzG32KhMRcaOSsanXgUUtnnbkUqLYq3pin2KW0dOIpO0KMbJOXF9FdHGOSEiEVaJSdFldnN0yLFHBCCHN0iRccl6lD50V2KKojHtieENux1SJXaPstFOhQWD13kalXgajRxds0IRuTOLrTo1dd9/wDonru2R0ctEIqiKkL/AFHL9f8A4Si3ZWjJDlEr2VtaG3Qki3RRZbFF0eRUIiLoUhXYorZDj0PUwxN1ZgpC9OytWqLVllD2tEtN4Q6ycl7LEhyQ5YPBUrOMRu0iQ1E8sSR6kqHVpEo+GSjmjUk6yOSTZwjgccHKaYnOz9FPGTkxoS76NFkH/XbBY2cXkjFXaEl2PpGpqKs5JT7OeWiGguhQWCUmOh9/ohizQatmgoYIx1Kj0Z2rZMSEcnSHVCiqFt6kyoL+DFHHJyHGWPJPSmpR7J6ulGbWWrPTlTEo0jlOzBSs4tHq7WYJPo1NJHJ1Ig0X1tRg4MazE1XIcoty7FyY4uj1GkctCzWcqNRK2ammhy7IS7NEjpL4nHBykYFpEpkm7ezjHBNypjs5RtiRFYWymsjToclQ2XkWjg4pNHqpWVIyWhIR/8QAIhEAAgICAwEBAQEBAQAAAAAAAQIDBAASBRARExQgBhUw/9oACAEDAQECAJ4psOOA2nBtztoKRihazK41VarTctI4LN9CUwQhWkiMy7rIJWc1ShQHJBYSCvDHkYMVlKU03JPLHTlZ1rSSSYJGiyKKYHGxI2EEZqz8hJlSZ5JJCGX5V4qmcteilZzjssyStkzcXatSJJK/2meQnCSoNfk55okkfaKQWpZt9gBjdaGNYwY0VHTb6ysoBU18LWiJimscNyKtXaJsrhY7awVpFIEzEAnPaJsF8R1gniOQyOA/6GRVfFbZcdWZGlaG6UJZdBDGrrIYA0noPjWpHOHDi4MTBM74i7AFc3LIjQwySSMGUTx5FFLWkIwKqrXRXYRWXf8A0dPm4GtwQNNC8ETQ2HowJerYi/EjsYkclZTSfknzYM2L1XaZZJAFL2VtkNkbNIz1YbC7q5crqsbrnzEFmP1s0ZFADRlEjaNSryqsKxFGjLHqol8JT5KaK2JjlatLWVYa8zlvvz0R41G4C0cRarWwRXaO3LPckytkyMwyrXmgY8fNabaCxcdWHTYGUiR5jiyTLdsRWaVxGkjVRgss+vme4uMJJ/1PbaYMAisGwsXJSZsjr+GSIsyEGRtxPx68oa0jVa9fk2garctWq8v/AEC8a2YZYb8Fjj+BrU0lrbezopjm2mlzaKWxCp4zL8jYjS2/fo8i4CC2BQVgcEwxyC3RXjq1aNcWu0AUo/YwVPjJHZh8WjaiXPWfbx8WGOp+Hz6TMMEm0bmSTpI60twxzJP9VrSxRkuypnoeWdWnqf56ryEdVpbTTLLI6tnsaNiiKVldaE1sRLZ4V26+arqE0CMsbZqFDLVeEKIUDyySLhUxYzQGPJsOND+SS9NMMVfEjZTGuRTWHGNkuKpHW5bxQC0uwaICVgnFSVmwYhkrsSA0D2XQsSvrFUwCuk6JjNXt2WhJdQ914/n8yER1J2DHCVXJp4pa72XBMpMhGNlHLUUwOQZHZaRWcfSSKVvmE8aUukSR6yypkmaqsg629RFVgyyRxZXWXJFjuvb9yEzW8A1QPjFW9rRx1r0eDKxtL6zAHEzYYI3jkJJMbMzEMD7jHZ4oofqDmwLYMYQyGSbPDjzRujMdRHKNw7L8oYZVjeaQ4BjjatXfipqMcX40E67MVh+VCKetZViuA7gnpMcUIri9IKKI1xcBrzSTldASgQ9RNNKBoyorpokZbbPBEULekkqQNI6gpNVGMzSB7bwWWkB19tNrGoEjI8DWmYxE42OVEUy8hLfdjbidT8CtYTQQzRrJDKqxGIQfIZpoy0ZLcnnhypZeRrAJCRojoQ+REt55q2ICNYjK4cqqfMBo41WqKUtUsXVmkDR2YbMxnyVoQymFyZK8nyhVuPli/RPPGyzralaRoWOHJMJ2xC4Cx5wVC1xPMw18lCUxaaZ8UQYi3WVtt0EpLdxpLAirjYZFk+jS+Fvp9Pozq/vvpeES1s93jyWJhWklu/qZoOPsqiESrWvy3Wc5DUjAMkMwqD7VT7bWrVu0sB1dIFRDjY2Ds9HIR/nTy3L2Ly2I5UmsuM1V0MUttxjAIobs4GjkmmQmbfz1iyhQvxdNcXokHylHespgX5+gyD09DONa2S23L2+GeTGzWJllR7Nj2s3xqj5yCrnJSYRBFZNSGRCWLADzw4SWTOPe3NJgVMEko8qxWKzSR2JnQqWIYuMCFNAuMHjjHjN4oOEiXxkDbBiMqxStiP7ucryOrNr4+UHsnzXlIo2IJVjOmFJ4sR/1QRgw2pDebGNeaWSOWSTbVu1ieI5GsFaSeSXTAft9FyCSxOI9fSVw9ahXcEncsrl0zYlm2GHFVRLi4cXGxjQZ5Blif9tjkKc1RbBGDNWQY8p6s1bscTjFV60DvPPNsrfQytyrSxNeb3NPGKtnrdeVYpaE8VGNxYC13ff0rouM6yfQkx+DBnjGvBbgXPcUeLnjLppr55gxygYMQXEZBGXlRpJONME740CdMTY+S4uecm3FS+hjZ9JchBBldZajxxNKcQanJAGUgkHIlopNLcmrPLbWRp3IiC+g+NF8wNQ8UFuCVcWxJbZdfdcZo88Y7hs922VmzXxwuOFHnk6KssfHwGOnBZhbPXJYMUrrekuScKwHgT5aPEkr2N6eMlnFxulMbHGwIFC6hDIl03igKYolxsjIGjjSITJn0LRTTTE9MPMQYcljTCWIwdFdWVR0SU0Zl7lVFnWnIJIp5LrPuxyI7+3Gm4qvRXDO183PqIzWWHSjJILACsBhVMJd4sZtt5DjdFQPQS81zjy52JaSAzMV+SoERGT5lfdnwYhKmVmVy3Xq4QykZ76HLsq9yYMmgqZ7uSD2UVfCngyaM1FqNAEEHy+/2qlmm6YqGkWZmzYPtt75/A63tVuIMvSQ5Gz9khlYP9CHGBWFjkf3pY3Em+8hkFa2ZVZhnvvu3q9yE4ywwhdBEItdfPD0Sc0UEySvZ/UZRFHT/LGJ7CyPIubkeDvUKiGFn2VmbbbCNPAdtiYsON35Gg6LMcTJ5JKy1Q/vq4emZl0iljduvNQqr89dSrRamMhWLb/Xbp0fNyVx5DKa7U0oTU1aFvCTGEYIsqrhIOvijyNzPMMBIUBfPMuSwnXzEHjD05FGvGmIq2e+jLTF1kB2VlYszCMpqscSsPmI9SzP9d9kEgiwkIEKhCg6XOX5qv8A6GnYji+bgiBxPLas20aBcB6KRVpKLYzrKsm5bbYuc2Vt41kPTZyOcc/Rxemw4yU4Gs2JJGGfJwzMjVhW+XzCqSrRiIxqTIJk6ZpFEQi+aKAcYou4bD0zIfJZ+WkhH+bmqzTS+ak/SUTQJHX6VIqE8LS0bVu1JJqsKD15oVWjYVpQysrIzD3bXk8419W7GHpnqTCxNJhJmMk2DPmIhEtcRb/oE8ljcBoq8a4ysuu30+5kD4etAqhl1KgZyEVkRw8MiYuOVIRK5SziCuuLLBesTMkZZ9CWkkJlc8dJ+ucspUYorRmpIkXHR1OboRVZcOBPBhwiGP8A571xUSKUFdZEWEhpWmLGIUxxqUjWSAKyqrEnbzXTRU09PalGOasdfORM7/5Ti7lFCuMBlSJoxDZgjromLEuMvnbdPnyWBV/R/wBNMlyMKqTm5XnflYuU5WRDL0vZx8gspzEnJPb+zTKy4QFat+f8/wAmxcLPN+pSIfio11YYMPQ/o5HmpVk8OWa9mD/LRyuF+fxkNN5JpLO569hVak8Z61CyEyqiI2bTRHi6cMsMcepQYc3jkEjYcOe77l5uWrTgenGzXVQy1K8tOdfSDHr5oBvWjMIz1nGedeYf48IiUivDPXmMeOOTo8aoOUGsV7MFcyP0B1XkgazDLgPuRVZ6aQQ8K/HSVQVffd5BKZM8ESxbdDGHmulvhacIPsRI6GE1GdbSPn12wn3AlSd7LZ62KM97OeeeYTAGyAyPLV+ZaHj7o8IVzYC7H+fI8pZbmkDNVq2KfDxW3MsXKjlpr7uDsAI9AoX8BIXXXXstszKT2MOL0rRu80hbBAM88xc1Ctg7P/mQcVq8qkLYi1Vp5h/Cj5SL/HoymbZndVgP6Z7rZGCmhQQKmpGpbIJf+hLiv9Hb3UgKSGIIyGGzxcbYvW2wzzRVbFzVgHWQlu/etc888/mKGSPeKUSHCj57BXliwCM7WD/HiNBYsWXCRHFIVI5Ys8TPN9sONgUIqmH5/ML54wVWiIzzWplpycXrwhcYsY5VjYhi2Agt/ZzbYN/CAo0ngMTqzTSyIKhvvhO2wP8AOgx8LLmkS4spkwvn0EWuN22V2cBv4VKle+/RdZOLXkZ/M9Vidvpuy1aliozeBCqyF9mPS/8AgO4BdMVeYYXEjNIY8Mj9Hteog1dzuKLR/NohhUDwZtscLLkSPGYmU9HIxHKT3rAJ7QZxgRI6ENxj0QMOEaoqGvlwsIoBBMzDPVzzUD+xnhWqJ3RLUmyRmJ08hQxsDnhGoByrKq24tPuXwlpocmjw92GjeoFSTGxsfBhxM+qt3sHJx+gVaC9Of7Cha81uz5Dk1gsF118/8vY42WHDFbsE5G9aW7ZDVpGknirZcjjbvyKeY+wLHx8nHzcdNFXfyRHO/qgUoKDmR/TjDoYqlcHXnnTFcYHFxmUYM8PXuzN9NlP3L++6+FfFYYxBOLh7LUDYEMcjyv0cMoRIIoQrkJZeMejryGSSbau9aYu8nJrAsIjq3U92OVuQfn5+TFoYS38IzEHPffc9kC9tmyHBnrH1l896A119VYkFZ4pEhhh469S8OKGwZ4FLPIspse9NhwFJYJfXOWRH0COjmvkbRWPukt+NAjI1ttdXyQq7lTWnIb+BhxcPa9v0O2RR/FOHla+N0nSroyoyusxmeSoml+AgZXrtx0y5Rit0540x8Ts4ejlTDjdWcj6AC4e4yGFgWJZ/KK8hIRqxJdIlZfKMILZ6SvYHYPuFjkWSdKT0c99rT3OQVnXXzxY0hli+ajZyVrzxXLk/u/GSWmmUnjMsryFNw+QxPnrlQkDQVovfHyXFXxcjryqTDT+EeMfPCvtKa7YDSY/XnG8ZyHGxLx9S1E3a/wAE+4OzjGMsNSPMPXhKt7JnvSWBcklD7+nrYTfSvSs1apjyepWoCg1tL9gxCE229ZqoigtQFgfJM1ZfQYLVlPKM2iL8SvSquKmpk80+fGRc5dialatzkLUkrgeH/wAPGRQuNi/ycH8r0VARddc926hQTlkz7i7QSR58HGz1CQxXGWtFFFKliP4sz47FvAPK7WFpy+R0iJU8GeF4kStPVklVqdW7bnkWSMnIUpJYqWqpB/s47FkMbHAC4k99wfx4BnjCKVpzKiMYFOO0EnxKYVhrVpp3ZKyWq12AK5w5x0U04ti0llg+MhVI1wM8rycYmlm0ryN1GBJPNHfns/GrHNJLK5WolHWJ6OSteQ4f7iWVfmYI06bFiMfQ/ssWVpQBVcUZ4MIBgvzXFaKxZvU7OlTi57tezyaUOP5Kni5BZll+tWGWtqWaZYvm6aVKtmrTl+5VppGGeqfckjgrLx3weRoaPCEWrjt9K9/91m0G/uA/kNKzkS4jJWgrcnHrsqmLbH7bB0RoipfsXlAjaAZ6oIZeD4qnxdpv9JHxq8jY4+9dkfFOy5WTjKtuC1XkNavr9JoI6VYXbkebtJ50cjRQ4rcZR4aTj+Ro5UhsXXtqTI8heFnZTgGvnnnnqXW5BpAeobCWLzlYkhoWahTbWSr6WGEqNcOMUUHK+RQ2I1LZ/mbEd/8A1nMLK/JtKrraYRxTQhvvxtyE8g1jK7u+83Jnl/2EZ9y22y9Rxw8ZTgrf7Cv/AL9v9I/D8lw8mMNK9KCpa4x6SxM2ysuH+ThIj+W3QczbM0LxXpbchOezOc1KJD8TD8SmRn84gEQsQA9cXItznLgxMbA0bZxacwdvYJTyk1kCNpZ57rscRxZjn+sbwMVBXKlVRNCWa08kfLVOW5SwWJ49kM9mSRmZfArU3X0HGIwCqtilJGxVnyJGaOKUxRucSJ8IQZTWrHZqTrk6g1ylm7bryJx08SK4oMMu1Cm/qQ1uLmp035GTzzAxYttNIQxyMWalSn/zolqlyTGRYi5OjyfIEYY2j2GAELbSwZOpBFUFOebclTjAYmVsjbkYnwY+RvXqXccVpZ3hwwswjjBWmqs08ualGOxIEQTkLV2KeSajKVkpw0puNPHw8XWhvBpAfHzdSTjGQ7EKOJppx8mftWuFcxoq/RMirW4nLtHUaBlHSQFcURQSRQ1JEsA42Jg6ORZDCjXZvNMkxLzz+7M8Lm6B+2Gz8YQOTs899Ks9iVRoyQxBLJcpE8Eb12khPMtzf/a/6n/RNp6Zhx8iiqcbPx7q+SEyR1eO4WKO1z1zk85AtikLgKSw8hdvGai8tw47KI63syIyYZFmrWZxbwn2NCPSQePuXLEmR5N3rjquEeHLFubkOPahNNLerGNIIkVYqMxgMqbNElGrx1o+VV5mQ4FVEjjNNVPIV/GHH1TYschMXz8fHcLBx9vkrfIhEhC221VV72Vfw/JYZEimJVksRmWRs8LLla3G8XFXuJvUeKrchU/MwUwLNCD6XHSNBFZpmLCDnIwGPg1J+rTmOvCrJHeZYTALgNKEQX7SiKlGeduRgRqgb5xwVZb1z1FqzX7332oVBWkv3OZsT06ophfLEj2lsVmXCWShHZmEK1poSyRERKiSdkagcQyS8w0lqusrVpL1lJKMNtTi5X4yxVwZDlR7Faxxrqq8iUi4+JBWpyUbGRSlHP8A1hyN7n1njCXRyCSQ0K8NqaxTkoIDlaGDjpYLRLMi45cpgj4yykklXk6Byvhlgz4f/8QAMREAAgIBBAEEAgEEAQMFAAAAAAECESEDEBIxQRMgIlEEYTAUIzJxBUBCgSQzUpHB/9oACAEDAQM/AIxgfPbJxOc0zTX41t9I9X8hxMlLax9lFvZC05WKMKOcnL79jocxlDOTFRTKHY5Dlk4Y2ra0fMdWNbXIbRTPTTOKwepkjNZKfEqNChEs8jeEUUxSKglvyjZxYtV5I6EVJD1nxLYoqmJoRb2sRpR1E2aGv/xcYReaFocol5LOI2y8bUihI5lGCbtHyrdmKRqaUaTwLWnyRyEsCEmQ4VRF7yQ/sb8lDaskyuyKWSElaI1li+xPwJPA2hCFy6IccohQm7RHo5eSjnhM4alM+KRxKOTEolvBKatPoXTH4JpUmJr9jrIxlRIN5FErI10S1oKvoelKmWKMKaLY4PBOapieUWSj0S49lsTe2aOKyJr44NVw43hD58mW8EvA32eRXRQmqPTdjkzGD7FYpPInLbJgY6HZwHJkh1Y6GzjuxsayRiskX0NsdDhgeplsh5YooqRyW2TyOho5qyGirkaGnKmzQ/JwmRUrTOWomRS4jmsDh2cVY5YHJWek2n5KXJbcnQzjgztiiUXaHqlIzRFQS/RFyxtW2TGyYki3SGhoUOyM5DlkwVe1MU1YobZL9lLZ9kLdpCjO1vezKLGuhsqJ9iHJWibfey8DSwPpvflPPRHT6Q9X5eCejOPDpLJrfkOo2jjo/PLI6jG3kUFY5z4o4Q+WRLobHwwa2rVNj5XJWT/GdxdD1tJNvJKZKLz2J9kRUJMXEjKaG4bfMitK0sjb2lqzf0PSlT2g+yKjZ/cFFHJ3shbMdHHocsWKi5USSuyfLtko+RuORTOKLYryj01gepliF7GYyRW030Sb+RY2xCEJDJMp0as3hYNSraIx7IrCF5IibIVkXJiZBujNi6JKNIU07RHRfxQ5adQNSOPIkq8jlGkenLk+xONWOaLdMUBTRxeEav5GNNWP8fS4zVMuWTTena7JQlgc+xR6GJKrHzsU40tnF2hamnxfY4SZbIpsT1Nnp9DlGjNjRyQ97GJDmuS6PowfKzkuJKUsIl9HBZK6JSVMms0VkhJ0zS44Ke99Go/A49j4mspdYJ8CMMEYoiJD8DY13s2SZxyxReDBksrZJ5FRbe2bOJzOGBKLsbeBzjkUZOjiyzzs0SWSUnkVC1DTUnzRCL+KKY1gbYy17ORTZbOB6sbOEqKk0XKzm6FoK+Vma2s8+9R0hSVrbjks55FB0KxIimQiiz5EmsEryJLa5Hx2wRl2QokSn2NF5ezI+SDIpYGmJxLdFMtjr2Pa9uJIi3YpFdCUD1NV0RlG/I4Sa+jFFEpSolFWjl3s0OLwXASEzOCSJyGu9sio4yZWdnFcfBGTtHB2jmsnDMTWnhstWIRgTEngzumWqFFUtmsDeBKA5THY3s3vFrJBN0U8DZRSoUtkZo0or9kW+KW9CObMZG2KKs8GTJbyR4n1uhDb6K2bKGizA07TyakMWOXZb24zsXGlte30OsjGUrPVIJ1ZGHW2dkjGz7PvahMTYlFCXsW1jHtjblkaySWC+xey9nEUoZZb2aJRZJ+BjPI3n7Ke2C1tm2NqkPT7E0WUtkJYIzH4J6ayKUqZCNMhGJTtDY6JSVjTI+SCjg4ywPatr3Vio5lY3TdMUYuhc3YmhjGmS1HRjbizm7K3ouJbEJIsp7JCW9iY4vA6JDGMb2n2jVlKjUgVGn2Rsp4LRJPBJrJL/tNWXknX7IV2K8GLLVsQo9ZGfYp9YHHyWZMDTMDh0SR6kaaHCVolJEmzkqWWTSzEjWcEeNEKuzi6R6kcsjzabIoTzZjDJs4LJe37G/J6K6s9R710elHORuXJDn4G/B+iiJkaLdHFCYhFDfROL6Jt3RLyUJsva9/2JeRSgmmNvIoK0z9C+j9H6LHB/Y5eBy7dDTeRlstqjken0h9nLFi42TmxvLPSRc6Q4jeWKyi17clbMaL24s9TVUn0acoWkPS1aQ6JN0PscFQ5SGx0VNWR42Llj2WcEWvY5uh6aoyIQlt8hF5K9sm8GoahPyUPUkcM7VtbPjgaNSqXROEqZyRc6HONnBloocMiizkXk5So+NnHDEWh3Q7PhxHyMF6ZzmcNkizhpWOdlP8AitCgrZLRT4k/yZcmtrkmJRE2UWNYKdnxFZkvZmDO9ZGpWc6OOzltS2saRe1e6i2KC5Ck6Rg5CKkKWkfMaRb3+D/0L1TOzem4ocNSpMtpmSxxjRxdCaPo5NCWqhf5FyG0coNDjq34HKq2Y5DUeIlD9nFif8GRqJKGmTcmpPA+kUUxtDbLweo6QtJWzGBUcmV3shCZb2eyRTOXRXsbKFYkWcjiJlF7WPVlgemuHk+zA10MUngxR8hD72rJx0239F6nIbdjE3fg/wDUJro+K2SYm6RFYfY/A0IrUsXp3+jhKjwLm4sS1sb0UyM0cWcjwY9jZwW1s5QPSVD1JWPvaii9vTdj1R2cRC9tFFqyts7WVshVvjantn2UVbObsyhabopYNRPBOTyWv/BTLMbXg9PRE2KtucT0tRNfY3BbW6HFWfYkizBk/t/+D5tnHU42NytDlO2W1W1sS6EiizJjdjmyLhlDjKhSnkjp6Xxwyc5djSspNbWWIrsRRY2XkXQo9iYiV4RHUjlUzi+xpVY9r9iSGfYhexvZUNdFowOKwUZHKRxW1vJxdHNjSs+9mmSlHi2MaWRtkVotsUpN/s9SFSzQqHF2iTWWfRZk5LBQ6o5q2N/lpoUEUsnLbJaxs2sFd7LamJmlFdkeLFzdEouyThRfZSocmNnHsQmLalkXgZWDnJf7FGRSVDF5Q2qWBzeWKIrrahLs5dGRUMb2QhCZez2wOvZaLtFCRXQryR44KeyGMnV0WxQ0WjLskMwJj8DIrs0oLsi+mKrLRWumZMb1tkwcmVvHyV0SgSa/2KTtjTG3kR8jA6G9lHoaVnN0JKhJXs3Kxxoeo7HvgY7Fe3yLOAyXsvevZZSL9mDL9nExRctre0VLJpOJGErR6io9SWR6XQkskY9kV0hy6Js1Jdsa2+I7o/uJlspbXs1tgRne3ty2sosoV5NOHYvyE66OMmhlsUtNI4ytDk3Z4EJCEi+h7VtY08DfYrsZyKExC8DG2JCK3TKLF37LRUqE1YrEtrYh72fvZCIjlJ10WJFPA0SXbK6Zpaf+RCuXg/uM/uItmN+O9ley/wCCHTI6uF5H+L8S5N/e1jTZnbO2d69qaOORwlQ5En4HuyUlSNVeSUPixSzZf8eB80JxKZke1bIQit72pbJFMf0akvJqy6ZF/wCWSNV4FDUbLnt8S2cUX7bKLGjiL2XveBQdCQtrM7Y3spe6mJJi1JWRicVXtra3Y0NHNb3vbEIQmJOxSVCoUd6Gct3JqjgsPJZezWBvA9RkoOkuxy7Fpma28jLZR4sovKe1eCxjMbcBSXRbGMbG2NPehwlZzinvRT2wZKObRJxscJNMrZ7+CvI/svyMY/oxtz8ijg/RZxW9C+xIwMbJEh0NMbGytrYlvyZH8RcVls1Xq5doWvBSX0OZxMmRQllGnJZRCHg5Lo5SLMUWt22OQ4CiIQmL22IQhVYr3wfFM5Q92DI5Mapk4xocpZMF7UUhTWTTF4Gnsoi25YGh3YkhIsvaiUuh0PZJCEjkjIhP22iz0ItPs1dXXl9Dg8jnAjF5FLowZKY7Q2hnFmNlKi42emypEaI8CWpJkhlC+xRPVwj4npyrZ7uiXIaGxs4wyhpFowZMGNslKhoXHJciyitrQ2hkhjXkiv8AJmnHyQvsgutpN2NkinkSXsooRfua2yMwMZem2cdSROTwrJaLV4LV74HJ2OSscR0SlIaMDTOMaZzZyHAcuyK6Io+iVDRKbwLTS5CcMHqSsQ497MTSE8icuKWSbXQozSkhNYI6SQ10Wh2Y3pnqukTirNV9E4/5EV2QoTYi1gadsSIxwX0asujWl/kSfeyTwJdioihCT2k0SbJEiXnbAvYyuxGdlW7Wkznqt+Efj/k6anJGnGT9PwcVT2srshNHB0RfYmVJlb+Nq9uTByKKQoQyad0R1FaMl7OJJqkaKj8uyOnhC1JrAp6dob7/AIJaUsIuNNH0iWoSGxpllHJ0MrsQkRQtnDKJPwSkrJMlHvdUK8e3H8GTAxrZ6ugx6etJfbPS/Ds5SYk8nJYJISi/saR9k10N9i8b8uyNXRx63QhIzg5RKeWZxt6kCb1LHpxpjZNMxs0xMxRTwc4VIp4L7PokiRIZoQfF9i1YWuhbWNb0Ns5yX2SiuyUZU3tJn2JCIiQkORd8snya/ezoti3X8ErGmc0cRI5MgtFpEpa1peT0f+PrzR5LE5VLo0mrjgadpiUcjb3rbH/kp0KUaHV0JMWzeER1HXkUGyU8IlONscMUSXgcexVsvJGsErGSfgY6yUyS3+xULaxz1OQ9GHHZndliFs/BJNV2azebFFj2vZjGeRQasTkxcnvT/he1EK7ItijG0c+xTVjgyTwQ1JpsWnHjHreUOjUfkk3ka92DJ0YoTyK6PUeWR0NPkhf+5PojzdfZxVolGNEaz2QmmkWNDG+xCEX0S48inTL2XkQhC9iaF/A07RqPyN9mCTVjuhjGMbH78/w2SSwSodUxSEJ7cBzx7Ml7cX7WUfG12OylaHqPOCWm8NjmuMmOOh6cf/schp5ELZ9iEWUNDOM02RelVIjKTYkIvoY/sZY0xllDNScqY9LT5jaztnZ2Oh/Z9iNNaPIXJtFiEkUY6LX/AEGROOSKGsIZZyRRgqRLU7HB1vlERN49uC2emz1GW6EhIbHIsUY3vkj6dlt+3BY+hoe1e2lZna9p80Nfj/ItPbO2TG+B+lRSsra/5X7rkjjpWNssotb2i2RUROVL2Mv24GhywOJJux1tW/JbYoyWqG8le3BTL0rMP283RGKtibaRUa2pjHLUsTwVK9q3oRZY5I9OmeDTIrKGlYmhCL/muaLgkORxdbUPa9sfwcmNKxxPjYuClaEpURfZG8EVgS3SYtrfYkNsuI7Gtq3pi9BIz7adjqojfZjaxWiEYOSG9V72Vu9kmKsHxyVIUmRiQ40U9mX/ADXM5yURaMLeRTna25KxrpEl2ixsaMbPetqlTRFwsT6MUTWCxlIpnM4V7XHI2rObFGNC99Qov20XtjatnGNHJ3/A2McVk9RYG2KMUXhDfsr+S9uM0XJMq4l7NSNNRyaU1gSbERlgbjg+dMUco5P2cZFwLMikQaukZwNQsenLI0xThklFlCa2jLDOckok9LNFiQ/daK/hQrMDRde9FIlfZL7GOzwJ7sY2NFn6OOaLztfsoT7IVhF6gowHKTb9klhMk/JadlMSMCTtIbw2Z9iZxuxDuxKh9GciksC5D5DpGnqIjBsjWBGLQtGSb8GnKP7G5EZdsv3JREXuvZgrf6OLyX7KL6JRVsYt6YmVnZibyIS2VjmiMIlY3ovZSdE9N0jUXZJO0NqmX7Wilk5PG2NnbFW1F7oRTKGzwcpWKMhOqOCPUbKxs6He1so5e/H8GPbZXsyQlSZGEVRjaQ/O9o47UOi+9uTJNJIfHLKwZOZH0rfZwlWynqKxRlZJMxvjfO2DO2Ns737rkcSjz5HJ5EOeol4PTwiVj8lFoTLm14LeDGCVD6fsvevdgbxsn2V0MftdnpNN9IjrKjkxIQtk0qJp562rod7pj0+hvtktTDYhIi6sj6WBuWSmafK/JHUVlRwODLRORKM68bUjkTZNDTHZZQ5MrZdHJDixtEtSF+SXXk+QmI/e705WerMRaxtgtkdVts/p7pYLZFwHCe99Ffw4M7ZLEfXuwJeBOVrBfs4ieBsb9tDQ5CnG2KMsCj5OcaZFRbFqoelmI4uj1FUsFzf0W8mnGOWiLlgey5KzSrtEIrAostlbJiSEZOOBPo49ijp0LlyLMWV7KTLY0x0cuzBydC04WyLhSMHCJzZZKaJafQ/JX8NiK/6GjkhpiravZbHBUPUZUzhGz1MFRKgy5mpNWT0uxxLR52zZzaIoi4j5YFFWPowNMb2ZIk3k00k2aTwL1P0OKtsSVCK2S6JdUVli1OiGkrvJ8qMUsnKacsIWjBxjklqWmKKSE12WzkKqohJij0V/C0hspZE0WUV/FXs4qhJdF5OSswx6neNqOJPVykT0llFysc40cHdiSG4uiTl0TUTk/kyOm6TLk0isbYHQ9N0hqOS30ObpqiLMYM5EkckKJEj4L7yRcskPUoXHByV+yuyKPo/plketkt2W8ihotLsk+zNEptUSgimymfFM+R8L/h5FSra42NexnH+VtDSLweoz+nW1lEoqiWp8WfIUfizi6Q2jU1V8TVm7NTSdE9eVMfJHqZPSle2RacaOWRywOTHpjZxFKRyyUjIx6iPSRxkS9SyMRVRfuh9ifReRaUC2eoyM/m/BpaMawRmsFso4eTk7G0cs/wAGTnlE07OK4lbUxTQoyKnt4GySyXtkxvne8Hpk4YRqS8bctmnRKuh3nbyP8rUTIfjxSpZNHRjmkfjRn/blbYtLS5sTlg4umyOppNmSlupKR8zmqRLTjZywZFDIpDl/iSZH8dC1VSKlZH0uX6om32Osj35FuhxdVZPXkviyGnBcoNn4/D/4/wCyK03xkqQ+bRLVljwamk+EWasu2TZRe2BVQlja/dQ4Rx2TkqJSlcjG2UUqHytkdVYKFOVGV0KMCmyjlKiUIpvyZrbJ+i0UfY7wNllDkrIuWTRlGvJHk+O1qiOis9jl2akXxiy3c22OWmoR6RbtlO0Nx4stkpukT0uyhw6MkZRtmm00fPBSpn2KrQ9L4o1U8E9TyVt/a4mTG17cnSJdkNDVvV6PwNKl6XX6PwfOlj/R/wAN+bjUSR/x35Om5aM8PpC0tVqBH8TS/bHJ2/OzlGy5tMpWhocI3tn+Ghy6HHsrehNYHtUrOLQpwLb2qRygj5bPx2ar8D8jGcdlJYJNsUNFtjS5IksIcrbM7cB8W/olra7XsyZ2Up5Iaarf08klHDNSbsd2zyUzwhyyzJJFdie2ZWc1nZosXBOskoRT7JazurFpvIyLNX8ZVpycT1Heo7ZHVlnKOW0Vp/I/vN+CKiWWqEKy1SJqCY41s9ntZ8qOUeSRweSjIqK7HE5+CMJNI5KySVFoleT5FwLkZFzNKso0pfJRQoywIsRGDyaLXQ2uKeDmlEtch6XQ2NPa9OWaFLUbvI0LqtuZyVktN5Iwja7HrSzn24GyojYmPaUpUcNKL422a05dGp15FOUnEjbV5EuxN4Mo4adLsajTIX8iLk2hOI2K6fY4SwcuyhkoYJW2OXY30U6KJSV0TjmhLRryOXYkLZvbIlKznCo5Q4y2yNodpM0tSNs09KNQZyfLycWk+iL6Zc6FGNich+mLmNMfOyVYNRRprApJskNwbKezXRfY4u0TjhnLyJCfQkrsc4Y8jc8i/wC5GbgrNReB4YtKPYnGzimkN97NbWUs7YMiG1aHLonrTtKyD00pLKNH8bwjT9TleB/jt35Fpz/2WKsiWRsbdDqxKIl0Ren8eybgpvyJsrfkrOL2aY5Stic0hR00NC4ivbJjdcsnLoloLic3ks47eUTiqRKfe7GnY2qEnZGMKISmS1Hglou2RgsohKPFI1Jy5XgUlkjGNI5S2fgvsgkV0NyJSdInFDgkh+kpEY6fqM0lg00iDE+iRPVwajyhx72wWxzyOJxdGCnYpdI1dXpYH3I0Pw44KdRZPURP0udi1MnKab8CE9qGnZinQpLBJnz+Rpekood2ix3QpLJwxEjV+RuVM0n2acYYE9SxTgrIuLMYHEj5FLorsWzHGVMi4Wc3eyxW/wBDMWJllIpnp9DaJ6kxJJMTeCL078jbodYJQXRLUdEYq2KPRKTOMbXZJEtSJqOXRGGnyl2R6HKaRy0eJL8f8fi+ixvsQ7sTVeT5mm1w8jhl7+o8i/F6RHUja7OUrLwjV1HSQ3/mjR0kaegqjROeExt2uyUlkfouP7X/AOiawWxCS3ociVWzjIRJO7MU9uJgclZ4KyPskjyOLoeqq+xTjkUJocFaFLsUEq+yVXRT2uZ/bsptFFl7UyGp20V1kce97ZS2Slk4vA07OUKYnqCilJro0pLohywhxXxySk8oWjDkJypshLyiEmlZpwV4FHCPUeTlK1k9GNi/J0uLdHgxsuiTeDVjknpy5SYvyFtbFoo05Ii1gtnqys09H5YwRgsDWEyetK7PU7FpiR4/ZNrBqRxRJvJyje3LbmTeCUyUnQ9JZLlgbyNo8C0dCmK73vamRUSLKimhzhQosjOGfBDUg4y6IQ1ZRT6ZawSk7Zx06Pky3R6qbY9DfJFRSZp6rOKuJOKo+xvTG4jgx6mBynTEoHDUpFqKElg4wbHpSo0HHkyOq+C6Rp68qFDonDo1mTnmR6qs9GFDTP6hj0ylW0ZvJp1ZGKwVLbk7KOaoawNss9BUf1DZaoenNP8ARmhR6GNsfM//2Q==\" data-filename=\"1726684945.leba.jpg\" style=\"width: 25%;\"><br></p><p style=\"margin-right: 0px; margin-bottom: 10px; margin-left: 0px; color: rgb(51, 51, 51); font-family: SolaimanLipi, Vrinda; font-size: 18px;\">এর আগে লেবাননের স্বাস্থ্য মন্ত্রণালয় জানায়, লেবাননে কয়েক হাজার পেজারে বিস্ফোরণের অস্বাভাবিক ঘটনা ঘটে। এই ঘটনায় এখন পর্যন্ত ১২&nbsp;জন নিহত ও প্রায় ৩ হাজার&nbsp;জন আহত হয়ে হাসপাতালে চিকিৎসাধীন। &nbsp;মঙ্গলবার বিকেল ৩টা ৪৫ মিনিটের দিকে বিস্ফোরণ শুরু হয়ে পরবর্তী প্রায় ১ ঘণ্টা সময় ধরে দেশটির বিভিন্ন এলাকায় ডিভাইসগুলো বিস্ফোরিত হতে থাকে। &nbsp;</p><p style=\"margin-right: 0px; margin-bottom: 10px; margin-left: 0px; color: rgb(51, 51, 51); font-family: SolaimanLipi, Vrinda; font-size: 18px;\">আল জাজিরা জানিয়েছে, আহতদের মধ্যে হিজবুল্লাহর সদস্য, মেডিকেল কর্মী এবং ইরানের রাষ্ট্রদূত রয়েছেন। এই বিস্ফোরণ হয়েছে লেবাবননজুড়ে, বিশেষত দক্ষিণ লেবাননের হিজবুল্লাহ ঘাঁটিগুলোতে।</p><p style=\"margin-right: 0px; margin-bottom: 10px; margin-left: 0px; color: rgb(51, 51, 51); font-family: SolaimanLipi, Vrinda; font-size: 18px;\">নিহতদের মধ্যে আট বছর বয়সী একটি মেয়েও রয়েছে। &nbsp;হিজবুল্লাহ এমপি আলী আম্মারের ছেলে মোহাম্মদ মাহদি আম্মারও নিহত হয়েছেন বলে জানা গেছে। লেবাননে নিযুক্ত ইরানের রাষ্ট্রদূত মোজতবা আমানিও বিস্ফোরণে আহত হয়েছেন। &nbsp;</p><p style=\"margin-right: 0px; margin-bottom: 10px; margin-left: 0px; color: rgb(51, 51, 51); font-family: SolaimanLipi, Vrinda; font-size: 18px;\">এই বিস্ফোরণের জন্য সম্পূর্ণরূপে ইসরায়েলি শত্রুদের দায়ী করেছে হিজবুল্লাহ।</p><p style=\"margin-right: 0px; margin-bottom: 10px; margin-left: 0px; color: rgb(51, 51, 51); font-family: SolaimanLipi, Vrinda; font-size: 18px;\">হিজবুল্লাহ এক বিবৃতিতে বলেছে, বিস্ফোরণে আমাদের আট যোদ্ধার মৃত্যু হয়েছে। ইসরায়েল অবশ্যই এই পাপপূর্ণ আগ্রাসনের জন্য তার ন্যায্য শাস্তি পাবে।</p><p style=\"margin-right: 0px; margin-bottom: 10px; margin-left: 0px;\"><font color=\"#9c00ff\">বাংলাদেশ সময়: ০০৩৬ ঘণ্টা, সেপ্টেম্বর ১৯, ২০২৪<br>এসএএইচ&nbsp;</font></p>', '7,5,4', '66eb998e03f3b.jpg', '66eb998e560e2.jpg', 1, 1, '2024-09-18 21:25:02', '2024-09-18 21:53:36');
INSERT INTO `posts` (`id`, `author_id`, `category_id`, `read_time`, `title`, `slug`, `desp`, `tag_id`, `thumbnail`, `preview`, `approved`, `status`, `created_at`, `updated_at`) VALUES
(2, 5, 5, 6, 'ভারতের বিপক্ষে ভিন্ন চ্যালেঞ্জে বাংলাদেশের ভরসা ‘পজিটিভ এনার্জি’', 'ভারতের-বিপক্ষে-ভিন্ন-চ্যালেঞ্জে-বাংলাদেশের-ভরসা-পজিটিভ-এনার্জি', '<div class=\"news-article\" style=\"margin-top: 20px; color: rgb(51, 51, 51); font-family: SolaimanLipi, Vrinda; font-size: 16px;\"><article style=\"margin-top: 15px; line-height: 28px; font-size: 18px;\"><p style=\"margin-right: 0px; margin-bottom: 10px; margin-left: 0px; text-align: justify;\">আত্মবিশ্বাসের পারদ এখন বেশ উঁচুতে। চেন্নাইয়ের মানুষের ভাষা বোঝার মতো দুর্ভেদ্য এক চ্যালেঞ্জই হয়তো বাংলাদেশের সামনে।</p><div class=\"ads\" style=\"margin: 0px 0px 8px;\"><div style=\"overflow: hidden; width: 739.031px; padding-bottom: 15px;\"><div data-id=\"47\"></div></div><div class=\"clearfix\" style=\"margin-bottom: 5px;\"></div></div>কিন্তু কঠিন পথ পাড়ি দেওয়ার স্মৃতি তাদের জন্য বেশ নতুন। প্রতিপক্ষ যতই টেস্ট চ্যাম্পিয়নশিপ টেবিলের এক নম্বর দল হোক, তাদের হারানো সম্ভব এমন একটা অনুভূতি তাই চারপাশে বিরাজ করছে। &nbsp;<p style=\"margin-right: 0px; margin-bottom: 10px; margin-left: 0px;\"></p><p style=\"margin-right: 0px; margin-bottom: 10px; margin-left: 0px; text-align: justify;\">ভারতের বিপক্ষে এম এ চিদাম্বরম স্টেডিয়ামে টেস্ট শুরুর আগে বাংলাদেশের জন্য এক বিরাট সুযোগ অপেক্ষায়। কিছুদিন আগে পাকিস্তানকে হারানোর স্মৃতি এখনও তরতাজা। মূলত ওই ‘পজিটিভ এনার্জি’কেই ভারতের বিপক্ষে টেস্টেও টেনে আনার সংকল্প টাইগারদের।</p><p style=\"margin-right: 0px; margin-bottom: 10px; margin-left: 0px; text-align: justify;\">এমনিতে কাজটা যে সহজ হবে না, তা জানা সব পক্ষেরই। গত ১১ বছরে একটি টেস্ট সিরিজও ঘরের মাঠে হারেনি ভারত, ম্যাচই হেরেছে স্রেফ চারটি। আরেকদিকে ভারতের বিপক্ষে এখন অবধি ১৩ ম্যাচ খেলে কোনোটিতেই জিততে পারেনি বাংলাদেশ। যে দুটি দেশের বিপক্ষে এখনও টেস্ট জিততে পারেনি- তার একটি ভারত।</p><p style=\"margin-right: 0px; margin-bottom: 10px; margin-left: 0px; text-align: justify;\">তবে টেস্টে বাংলাদেশের সাম্প্রতিক পারফরম্যান্স বেশ আশাবাদী করছে অনেককে। বিশেষত বিদেশের মাঠে বেশ কয়েকটি ম্যাচ জিতেছে তারা। শুরুটা হয়েছিল ২০২২ সালে মাউন্ট মঙ্গানুইয়ে নিউজিল্যান্ডকে হারিয়ে। &nbsp;</p><p style=\"margin-right: 0px; margin-bottom: 10px; margin-left: 0px; text-align: justify;\">এরপর দেশের মাটিতেও কিউইদের হারিয়েছে তারা। সবশেষ পাকিস্তানের বিপক্ষে এসেছে সিরিজ জয়। এখন অবধি বিদেশের মাটিতে ৬৭ ম্যাচের স্রেফ আটটি জিতেছে বাংলাদেশ। তবে আশার কথা, এর চারটিই এসেছে গত তিন বছরে। &nbsp;</p><p style=\"margin-right: 0px; margin-bottom: 10px; margin-left: 0px; text-align: justify;\">চেন্নাইয়ে বাংলাদেশকে চ্যালেঞ্জে পড়তে হতে পারে বলের জন্যও। দুনিয়াজুড়ে কোকাবুরা বলে খেললেও ভারতে খেলতে হবে এসজি বলে। সাধারণত পুরোনো হয়ে গেলে স্পিনারদের সাহায্য করে এই বল। &nbsp;</p><p style=\"margin-right: 0px; margin-bottom: 10px; margin-left: 0px; text-align: justify;\">এর সঙ্গে ঐতিহ্যগতভাবেই চেন্নাইয়ের উইকেট সাহায্য করে স্পিনারদের। দুই দলের একাদশেই তাই দেখা যেতে পারে তাদের আধিক্য। সাকিব আল হাসান, মেহেদী হাসান মিরাজ তো আছেনই-তাদের সঙ্গে বাংলাদেশের একাদশে দেখা যেতে পারে তাইজুল ইসলামকেও। &nbsp;</p><p style=\"margin-right: 0px; margin-bottom: 10px; margin-left: 0px; text-align: justify;\">ম্যাচের আগে বাংলাদেশকে সমীহ করার কথাই জানিয়েছেন প্রতিপক্ষ কোচ গৌতম গম্ভীর। প্রতিপক্ষ, ফল নিয়ে চিন্তা না করে অতীতের ইতিবাচকতা কাজে লাগিয়ে ভবিষ্যতে ভালো করার চ্যালেঞ্জ নিয়েছেন বাংলাদেশ অধিনায়ক নাজমুল হোসেন শান্ত। &nbsp;</p><p style=\"margin-right: 0px; margin-bottom: 10px; margin-left: 0px; text-align: justify;\">কথাকে বাস্তবে রূপ দিয়ে ভারতের বিপক্ষে টেস্ট জিতে, এই ফরম্যাটে হারাতে না পারা দলের সংখ্যা দুই থেকে একে নামিয়ে আনতে পারেন কি না শান্তরা- সেটিই এখন দেখার। &nbsp;</p><p style=\"margin-right: 0px; margin-bottom: 10px; margin-left: 0px;\">বাংলাদেশ সময়: ২১২০ ঘণ্টা, সেপ্টেম্বর ১৮, ২০২৪<br>এমএইচবি/এএটি</p></article></div><div class=\"col-md-12 related_tag\" style=\"min-height: 1px; padding-right: 15px; padding-left: 15px; float: left; width: 739.031px; margin-top: 10px; color: rgb(51, 51, 51); font-family: SolaimanLipi, Vrinda; font-size: 16px;\"><div class=\"row\" style=\"margin-right: -15px; margin-left: -15px;\"></div></div>', '14,4', '66eb9a0365c34.jpg', '66eb9a038b725.jpg', 1, 1, '2024-09-18 21:26:59', '2024-09-18 22:00:51'),
(3, 6, 6, 3, 'বিচ্ছেদের এক বছর, যা বললেন পরীমণি', 'বিচ্ছেদের-এক-বছর-যা-বললেন-পরীমণি', '<p style=\"margin-right: 0px; margin-bottom: 10px; margin-left: 0px; color: rgb(51, 51, 51); font-family: SolaimanLipi, Vrinda; font-size: 18px;\">দাম্পত্যে টানাপোড়েনে ২০২৩ সালের ১৭ সেপ্টেম্বর বিচ্ছেদ হয় আলোচিত তারকা দম্পতি শরিফুল রাজ ও পরীমণির। সেই হিসেবে মঙ্গলবার (১৭ সেপ্টেম্বর) বিচ্ছেদের এক বছর পূর্ণ হয় তাদের।</p><div class=\"ads\" style=\"margin: 0px 0px 8px; color: rgb(51, 51, 51); font-family: SolaimanLipi, Vrinda; font-size: 18px;\"><div style=\"overflow: hidden; width: 739.031px; padding-bottom: 15px;\"><div data-id=\"47\"></div></div><div class=\"clearfix\" style=\"margin-bottom: 5px;\"></div></div><p><span style=\"color: rgb(51, 51, 51); font-family: SolaimanLipi, Vrinda; font-size: 18px;\">দিনটি অন্যরকম উদযাপন করলেন পরী।</span></p><p style=\"margin-right: 0px; margin-bottom: 10px; margin-left: 0px; color: rgb(51, 51, 51); font-family: SolaimanLipi, Vrinda; font-size: 18px;\"></p><p style=\"margin-right: 0px; margin-bottom: 10px; margin-left: 0px; color: rgb(51, 51, 51); font-family: SolaimanLipi, Vrinda; font-size: 18px;\">নিজের ফেসবুকে এক পোস্টে পরী লেখেন ‘কংগ্রাচুলেশনস পরী’! সেসময় বিষয়টি বোঝা না গেলেও মঙ্গলবার রাতে বিষয়টি স্পষ্ট করেন এই অভিনেত্রী নিজেই। তিনি জানান, রাজের সঙ্গে তার বিচ্ছেদের এক বছর পূর্ণ হয়েছে!</p><p style=\"margin-right: 0px; margin-bottom: 10px; margin-left: 0px; color: rgb(51, 51, 51); font-family: SolaimanLipi, Vrinda; font-size: 18px;\">এসময় সন্তান পূণ্য ও দত্তক নেওয়া আরেক কন্যা সন্তানের সঙ্গে নিজের হাস্যোজ্জ্বল একটি ছবি পোস্ট করেন পরী। লিখেন নিজের উপলব্ধির কথা।</p><p style=\"margin-right: 0px; margin-bottom: 10px; margin-left: 0px; color: rgb(51, 51, 51); font-family: SolaimanLipi, Vrinda; font-size: 18px;\">পরীর সেই উপলব্ধি এমন, আজ এখন যখন আমি আমার দিকে দেখি, আমি দেখতে পাই একজন পরিপূর্ণ সুখী মানুষকে। এই জীবনে কষ্ট থাকুক। সেটা কেবল বড় হওয়ার কষ্ট। আমি সেই কষ্টটা আনন্দ নিয়েই করতে চাই। কিন্তু অন্যের ছেড়ে যাওয়ার কষ্ট পেতে দেব না আর নিজেকে আমি। এই তো কেমন হাসতে খেলতে ওদের নিয়ে জীবন উদযাপন করছি।</p><p style=\"margin-right: 0px; margin-bottom: 10px; margin-left: 0px; color: rgb(51, 51, 51); font-family: SolaimanLipi, Vrinda; font-size: 18px;\">ভালো থাকতে শিখে গেছেন জানিয়ে এসময় পরী লেখেন, আজ থেকে এক বছর আগে আমার জীবনের সেই ভুল মানুষকে ছেড়ে দিয়েছিলাম। এক বুক হাহাকার, হতাশা আর বুকের মধ্যে ঝাপটে ধরে ছিলো আমার ছোট্ট বাচ্চা ছেলেটা! কিন্তু দেখো, আজ আমরা একটু একটু করে নিজেদের মতন ভালো থাকতে শিখে গেছি। আজ আর সেই ভুল মানুষের কোন অস্তিত্ব নেই আমাদের কারোর জীবনে। না সেটা আমার বা আমার ছেলের! শুকরিয়া। আমারা ভালো আছি।</p><p style=\"margin-right: 0px; margin-bottom: 10px; margin-left: 0px; color: rgb(51, 51, 51); font-family: SolaimanLipi, Vrinda; font-size: 18px;\">সবশেষে পরী নিজেকে ডিভোর্স অ্যানিভার্সারির জন্য শুভ কামনাও জানান!</p><p style=\"margin-right: 0px; margin-bottom: 10px; margin-left: 0px; color: rgb(51, 51, 51); font-family: SolaimanLipi, Vrinda; font-size: 18px;\">উল্লেখ্য, ‘গুণিন’ সিনেমার শুটিং করতে গিয়ে সম্পর্কে জড়ান রাজ-পরী। এরপর ২০২১ সালের ১৭ অক্টোবর বিয়ে করেন তারা। তবে বিষয়টি প্রকাশ্যে আনেন ২০২২ সালের ১০ জানুয়ারি। এরপর সে বছরই ২২ জানুয়ারি ঘরোয়া আয়োজনে আবার বিয়ের পিঁড়িতে বসেন রাজ-পরী। &nbsp;</p><p style=\"margin-right: 0px; margin-bottom: 10px; margin-left: 0px; color: rgb(51, 51, 51); font-family: SolaimanLipi, Vrinda; font-size: 18px;\">ওই বছরের ১০ আগস্ট এই দম্পতির ঘর আলো করে আসে পুত্রসন্তান। আর ২০২৩ সালে পারিবারিক কলহের জেরে বিচ্ছেদের পথ বেছে নেন তারা।</p><p style=\"margin-right: 0px; margin-bottom: 10px; margin-left: 0px; color: rgb(51, 51, 51); font-family: SolaimanLipi, Vrinda; font-size: 18px;\">বাংলাদেশ সময়: ১৫০০&nbsp;ঘণ্টা, সেপ্টেম্বর ১৮, ২০২৪<br>এনএটি&nbsp;</p>', '17,18,19,4,20', '66eb9a4d6424e.jpg', '66eb9a4d8f30a.jpg', 1, 1, '2024-09-18 21:28:13', NULL),
(4, 6, 2, 8, 'আ.লীগের মতো আচরণ করলে আমাদের পরিণতিও একই হবে: ফখরুল', 'আ-লীগের-মতো-আচরণ-করলে-আমাদের-পরিণতিও-একই-হবে-ফখরুল', '<div class=\"news-article\" style=\"margin-top: 20px; color: rgb(51, 51, 51); font-family: SolaimanLipi, Vrinda; font-size: 16px;\"><article style=\"margin-top: 15px; line-height: 28px; font-size: 18px;\"><p style=\"margin-right: 0px; margin-bottom: 10px; margin-left: 0px; text-align: justify;\"><span style=\"font-weight: 700;\">ঠাকুরগাঁও</span>: বিএনপির মহাসচিব মির্জা ফখরুল ইসলাম আলমগীর বলেছেন, ছাত্র-জনতার আন্দোলনে শেখ হাসিনা দুই হাজার মানুষকে খুন করেছেন। গত ১৫-১৬ বছরে সব রকমভাবে আমাদের নির্যাতন করা হয়েছে।</p><div class=\"ads\" style=\"margin: 0px 0px 8px;\"><div style=\"overflow: hidden; width: 739.031px; padding-bottom: 15px;\"><div data-id=\"47\"></div></div><div class=\"clearfix\" style=\"margin-bottom: 5px;\"></div></div>বিএনপি- জামায়াত করার কারণে আমাদের জেলে রাখা হয়েছে। নির্যাতনের স্টিমরোলার চালানো হয়েছে। &nbsp;আওয়ামী লীগের মতো আচরণ করলে তাদের মতো আমাদের পরিণতি হবে৷<p style=\"margin-right: 0px; margin-bottom: 10px; margin-left: 0px;\"></p><p style=\"margin-right: 0px; margin-bottom: 10px; margin-left: 0px; text-align: justify;\">বুধবার (১৮ সেপ্টেম্বর) দুপুরে ঠাকুরগাঁওয়ের হরিপুর উপজেলা ঈদগাহ ময়দানে উপজেলা বিএনপি আয়োজিত জনসভায় এসব বলেন তিনি৷&nbsp;</p><p style=\"margin-right: 0px; margin-bottom: 10px; margin-left: 0px; text-align: justify;\">মির্জা ফখরুল ইসলাম বলেন, আল্লাহ সীমালঙ্ঘনকারীকে ক্ষমা করেন না৷ তিনি যাকে খুশি মালিক বানান আবার যাকে খুশি ফকির বানিয়ে দেন৷ শেখ হাসিনা নিজেকে রাজরানি মনে করেছিলেন। তাকে দেশ ছেড়ে পালিয়ে যেতে হয়েছে। গণভবনে ছাত্র-জনতার আগমন দেখে ভয়ে হেলিকপ্টারে করে ভারতে পালিয়েছেন৷ প্রভাবশালী হাসিনা ভয়ে ভারতে গিয়ে করুণ অবস্থায় আশ্রয় নিয়েছেন৷&nbsp;</p><p style=\"margin-right: 0px; margin-bottom: 10px; margin-left: 0px; text-align: justify;\">তিনি বলেন, আমি নিজে এগারো বার কারাবরণ করেছি। যারা আমাদের ওপর নির্যাতন করেছে, আমাদের শাসন করেছে, জমি দখল করেছে- তারা এখন জেলে৷ বিএনপি-জামায়াতের মানুষকে নির্যাতন করার জন্য তারা আয়নাঘর বানিয়েছিল। গোলাম আজমের ছেলে আজমীকে আট বছর ধরে আয়নাঘরে নির্যাতন করেছে৷ আমাদের অনেক নেতাকর্মীকে তারা গুম করেছে। এখনো অনেক মানুষের খবর আমরা পাইনি৷</p><p style=\"margin-right: 0px; margin-bottom: 10px; margin-left: 0px; text-align: justify;\">সীমান্তে গুলি করলে কড়া জবাব দেওয়া হবে জানিয়ে মির্জা ফখরুল বলেন, ভারত সীমান্তে আমাদের গুলি করে। আমরা ভালোভাবে থাকতে চাই। তবে গুলি করলে প্রতিবাদ করা হবে৷ সংখ্যালঘুদের নিরাপত্তা আমাদের দিতে হবে। আমাদের সবার কাছে প্রিয় হতে হবে৷ আওয়ামী লীগের মতো আচরণ করলে তাদের মতো আমাদের পরিণতি হবে৷</p><p style=\"margin-right: 0px; margin-bottom: 10px; margin-left: 0px; text-align: justify;\">ওবায়দুল কাদেরকে নিয়ে তিনি বলেন, উনি বলতেন খেলা হবে, পালাব না৷ পালালে দেশের বাইরে যাব না৷ আমার বাসায় আসবেন৷ এখন তিনি কোথায় চলে গেছেন, তা দেশবাসীও জানে না৷ অনেকে বলে, ভারতে চলে গেছেন। এ দেশের মানুষের বিরুদ্ধে ছিলেন বলেই আজ পালিয়ে যেতে হয়েছে৷</p><p style=\"margin-right: 0px; margin-bottom: 10px; margin-left: 0px; text-align: justify;\">এসময় জেলা বিএনপির সাধারণ সম্পাদক মির্জা ফয়সাল আমীন, উপজেলা বিএনপির সভাপতি জামাল উদ্দীন, সাধারণ সম্পাদক আবু তাহেরসহ জেলা বিএনপি ও এর অন্য অঙ্গ সংগঠনগুলোর নেতৃবৃন্দ উপস্থিত ছিলেন। &nbsp;</p><p style=\"margin-right: 0px; margin-bottom: 10px; margin-left: 0px; text-align: justify;\">বাংলাদেশ সময়: ১৫৩৪ ঘণ্টা, সেপ্টেম্বর ১৮, ২০২৪<br></p></article></div>', '7,6', '66eb9ab83d8fc.jpg', '66eb9ab868bfd.jpg', 1, 1, '2024-09-18 21:30:00', NULL),
(5, 7, 3, 4, 'বিকেলে গণপিটুনি, রাতে জাবির সাবেক ছাত্রলীগ নেতার মৃত্যু', 'বিকেলে-গণপিটুনি-রাতে-জাবির-সাবেক-ছাত্রলীগ-নেতার-মৃত্যু', '<p style=\"margin-right: 0px; margin-bottom: 10px; margin-left: 0px; color: rgb(51, 51, 51); font-family: SolaimanLipi, Vrinda; font-size: 18px;\">সাভার: গণপিটুনির শিকার জাহাঙ্গীরনগর বিশ্ববিদ্যালয়ের সাবেক শিক্ষার্থী ও ছাত্রলীগের সাবেক নেতা শামীম মোল্লা (৩৮) চিকিৎসাধীন অবস্থায় মারা গেছেন। &nbsp;</p><p style=\"margin-right: 0px; margin-bottom: 10px; margin-left: 0px; color: rgb(51, 51, 51); font-family: SolaimanLipi, Vrinda; font-size: 18px;\">বুধবার (১৮ সেপ্টেম্বর) রাত ১০ টার দিকে সাভারের গণস্বাস্থ্য সমাজভিত্তিক মেডিকেল কলেজ হাসপাতালে চিকিৎসাধীন অবস্থায় তিনি মারা যান।</p><div class=\"ads\" style=\"margin: 0px 0px 8px; color: rgb(51, 51, 51); font-family: SolaimanLipi, Vrinda; font-size: 18px;\"><div style=\"overflow: hidden; width: 739.031px; padding-bottom: 15px;\"><div data-id=\"47\"></div></div><div class=\"clearfix\" style=\"margin-bottom: 5px;\"></div></div><p style=\"margin-right: 0px; margin-bottom: 10px; margin-left: 0px; color: rgb(51, 51, 51); font-family: SolaimanLipi, Vrinda; font-size: 18px;\"></p><p style=\"margin-right: 0px; margin-bottom: 10px; margin-left: 0px; color: rgb(51, 51, 51); font-family: SolaimanLipi, Vrinda; font-size: 18px;\">এদিন রাত ১২ টার দিকে তার মৃত্যুর খবর নিশ্চিত করেন আশুলিয়া থানার পরিদর্শক (ওসি) মো. আবু বকর সিদ্দিক। &nbsp;</p><p style=\"margin-right: 0px; margin-bottom: 10px; margin-left: 0px; color: rgb(51, 51, 51); font-family: SolaimanLipi, Vrinda; font-size: 18px;\">নিহত শামীম মোল্লা আশুলিয়ার আশুলিয়া ইউনিয়নের কাঠগড়া মোল্লাবাড়ীর ইয়াজ উদ্দিন মোল্লার ছেলে। তিনি বিশ্ববিদ্যালয়ের ৩৯ ব্যাচের সাবেক শিক্ষার্থী ও শাখা ছাত্রলীগের সাবেক সাংগঠনিক সম্পাদক ছিলেন বলে জানা গেছে।</p><p style=\"margin-right: 0px; margin-bottom: 10px; margin-left: 0px; color: rgb(51, 51, 51); font-family: SolaimanLipi, Vrinda; font-size: 18px;\">খোঁজ নিয়ে জানা যায়, গত ১৫ জুলাই রাতে জাহাঙ্গীরনগর বিশ্ববিদ্যালয়ের উপাচার্যের বাসভবনে আন্দোলনরত শিক্ষার্থীদের ওপর হামলার ঘটনা ঘটে। এই হামলায় শাখা ছাত্রলীগের সাবেক এই নেতা জড়িত থাকার অভিযোগে একদল শিক্ষার্থী তাকে আজ বিকেলে আটক করেন। পরে গণপিটুনি দিয়ে বিশ্ববিদ্যালয়ের প্রক্টরিয়াল বডির হাতে তুলে দেন তারা।</p><p style=\"margin-right: 0px; margin-bottom: 10px; margin-left: 0px; color: rgb(51, 51, 51); font-family: SolaimanLipi, Vrinda; font-size: 18px;\">প্রত্যক্ষদর্শীরা জানায়, আজ বিকেলে বিশ্ববিদ্যালয়ের জয় বাংলা গেট (প্রান্তিক গেট) সংলগ্ন একটি দোকানে শামীম মোল্লার অবস্থান সম্পর্কে জানতে পারেন একদল শিক্ষার্থী। পরে তাকে আটক করে গণপিটুনি দিয়ে বিশ্ববিদ্যালয়ের প্রক্টরিয়াল বডির হাতে তুলে দেয় তারা। খবর পেয়ে বিশ্ববিদ্যালয়ের প্রক্টরিয়াল টিম উপস্থিত হয়ে নিরাপত্তাকর্মীদের সহায়তায় তাকে নিরাপত্তা শাখায় নেন। সেখানেও শিক্ষার্থীরা তাকে আবার গণপিটুনি দেন।</p><p style=\"margin-right: 0px; margin-bottom: 10px; margin-left: 0px; color: rgb(51, 51, 51); font-family: SolaimanLipi, Vrinda; font-size: 18px;\">উত্তেজিত শিক্ষার্থীদের ভাষ্যমতে, শামীম মোল্লা বিশ্ববিদ্যালয়ের পাশের এলাকায় মাদক সিন্ডিকেট নিয়ন্ত্রণ, জমি দখল, চাঁদাবাজিসহ বিভিন্ন অভিযোগে অভিযুক্ত। তার বিরুদ্ধে চারটি মামলাও রয়েছে। এছাড়া গত ১৫ জুলাই রাতে উপাচার্যের বাসভবনে অবস্থানরত বৈষম্যবিরোধী শিক্ষার্থীদের ওপর হামলায় সামনে থেকে শামীম নেতৃত্ব দিয়েছিলেন।</p><p style=\"margin-right: 0px; margin-bottom: 10px; margin-left: 0px; color: rgb(51, 51, 51); font-family: SolaimanLipi, Vrinda; font-size: 18px;\">বিশ্ববিদ্যালয়ের নিরাপত্তা শাখার প্রধান কর্মকর্তা সুদীপ্ত শাহীন বাংলানিউজকে বলেন, গণপিটুনির খবর পেয়ে নিরাপত্তা শাখার কর্মকর্তারা ঘটনাস্থলে গিয়ে ৩৯ &nbsp;ব্যাচের এক সাবেক শিক্ষার্থীকে উদ্ধার করে প্রক্টর অফিসে নেন। পরবর্তীতে পূর্বের মামলায় তাকে থানায় হস্তান্তর করা হয়।</p><p style=\"margin-right: 0px; margin-bottom: 10px; margin-left: 0px; color: rgb(51, 51, 51); font-family: SolaimanLipi, Vrinda; font-size: 18px;\">আশুলিয়া থানার পরিদর্শক (ওসি) মো. আবু বকর সিদ্দিক বাংলানিউজকে বলেন, রাতে বিশ্ববিদ্যালয় প্রশাসন থেকে আমাদের একটি টিম পাঠাতে বলা হয়। পৌনে রাত ৯ টার দিকে মারধরের শিকার এক যুবককে উদ্ধার করে গণস্বাস্থ্য কেন্দ্র হাসপাতালে ভর্তি করার হয়। পরে চিকিৎসাধীন অবস্থায় তার মৃত্যু হয়েছে বলে জেনেছি। প্রাথমিকভাবে মারধরের কারণেই তার মৃত্যু হয়েছে বলে জানা গেছে। ময়নাতদন্তের রিপোর্ট পেলে মৃত্যুর কারণ নিশ্চিত নিশ্চিত হওয়া যাবে। &nbsp;</p><p style=\"margin-right: 0px; margin-bottom: 10px; margin-left: 0px; color: rgb(51, 51, 51); font-family: SolaimanLipi, Vrinda; font-size: 18px;\">বাংলাদেশ সময়: ০১৩৮ ঘণ্টা, সেপ্টেম্বর ১৯, ২০২৪</p>', '10,9,8', '66eb9af58a477.jpg', '66eb9af5b6d36.jpg', 1, 1, '2024-09-18 21:31:02', NULL),
(6, 8, 1, 3, 'সাবমেরিন ক্যাবলের সক্ষমতা বাড়ানোর তাগিদ নাহিদের', 'সাবমেরিন-ক্যাবলের-সক্ষমতা-বাড়ানোর-তাগিদ-নাহিদের', '<p style=\"margin-right: 0px; margin-bottom: 10px; margin-left: 0px; color: rgb(51, 51, 51); font-family: SolaimanLipi, Vrinda; font-size: 18px;\"><span style=\"font-weight: 700;\">ঢাকা:&nbsp;</span>বাংলাদেশ সাবমেরিন ক্যাবলস পিএলসির সক্ষমতা বাড়ানোর তাগিদ দিয়েছেন ডাক, টেলিযোগাযোগ ও তথ্যপ্রযুক্তি উপদেষ্টা মো. নাহিদ ইসলাম। &nbsp;</p><p style=\"margin-right: 0px; margin-bottom: 10px; margin-left: 0px; color: rgb(51, 51, 51); font-family: SolaimanLipi, Vrinda; font-size: 18px;\">সোমবার (৯ সেপ্টেম্বর) গুলশানে বাংলাদেশ সাবমেরিন ক্যাবলস পিএলসির প্রধান কার্যালয় পরিদর্শনকালে উপদেষ্টা এ কথা বলেন।</p><div class=\"ads\" style=\"margin: 0px 0px 8px; color: rgb(51, 51, 51); font-family: SolaimanLipi, Vrinda; font-size: 18px;\"><div style=\"overflow: hidden; width: 739.031px; padding-bottom: 15px;\"><div data-id=\"47\"></div></div><div class=\"clearfix\" style=\"margin-bottom: 5px;\"></div></div><p><span style=\"color: rgb(51, 51, 51); font-family: SolaimanLipi, Vrinda; font-size: 18px;\">&nbsp;</span></p><p style=\"margin-right: 0px; margin-bottom: 10px; margin-left: 0px; color: rgb(51, 51, 51); font-family: SolaimanLipi, Vrinda; font-size: 18px;\"></p><p style=\"margin-right: 0px; margin-bottom: 10px; margin-left: 0px; color: rgb(51, 51, 51); font-family: SolaimanLipi, Vrinda; font-size: 18px;\">নাহিদ ইসলাম বলেন, বিএসসিপিএলসির যে সক্ষমতা রয়েছে তারা সম্পূর্ণ কাজে লাগাতে হবে, প্রয়োজনে সক্ষমতা বাড়ানোর উদ্যোগ নিতে হবে।</p><p style=\"margin-right: 0px; margin-bottom: 10px; margin-left: 0px; color: rgb(51, 51, 51); font-family: SolaimanLipi, Vrinda; font-size: 18px;\">প্রতিষ্ঠানের নিয়োগে অনিয়ম-দুর্নীতির কথা উল্লেখ করে উপদেষ্টা বলেন, সুষ্ঠু তদন্তের মাধ্যমে দোষীদের শাস্তির ব্যবস্থা করতে হবে। &nbsp;</p><p style=\"margin-right: 0px; margin-bottom: 10px; margin-left: 0px; color: rgb(51, 51, 51); font-family: SolaimanLipi, Vrinda; font-size: 18px;\">বিএসসিপিএলসির কর্মকর্তারা উপদেষ্টাকে সাবমেরিন ক্যাবলস-৬ এর সংযোগ এবং এর ফলে বাংলাদেশ কী কী সুবিধা পাবে সেই বিষয়গুলো অবহিত করেন। ১৪টি দেশের ১৬টি প্রতিষ্ঠান সাবমেরিন ক্যাবলস-৬ এ সংযুক্ত থাকবে যার মেয়াদকাল ২০৪৫ সাল পর্যন্ত বলেও তারা উপদেষ্টাকে অবহিত করেন। &nbsp;</p><p style=\"margin-right: 0px; margin-bottom: 10px; margin-left: 0px; color: rgb(51, 51, 51); font-family: SolaimanLipi, Vrinda; font-size: 18px;\">পরিদর্শনকালে বাংলাদেশ সাবমেরিন ক্যাবলস পিএলসি’র ঊর্ধ্বতন কর্মকর্তারা উপস্থিত ছিলেন। &nbsp;</p><p style=\"margin-right: 0px; margin-bottom: 10px; margin-left: 0px; color: rgb(51, 51, 51); font-family: SolaimanLipi, Vrinda; font-size: 18px;\">বাংলাদেশ সময়: ২২৪১ ঘণ্টা, সেপ্টেম্বর ০৯, ২০২৪</p>', '3,5,4', '66eb9b3e62fd3.jpg', '66eb9b3e8be3c.jpg', 1, 1, '2024-09-18 21:32:14', NULL),
(7, 8, 6, 3, 'সেন্সর বোর্ডের সদস্য পদ ফিরিয়ে দিলেন আশফাক নিপুণ', 'সেন্সর-বোর্ডের-সদস্য-পদ-ফিরিয়ে-দিলেন-আশফাক-নিপুণ', '<p style=\"margin-right: 0px; margin-bottom: 10px; margin-left: 0px; color: rgb(51, 51, 51); font-family: SolaimanLipi, Vrinda; font-size: 18px;\">বাংলাদেশ চলচ্চিত্র সেন্সর বোর্ডের ১৫ সদস্যের নতুন কমিটি ঘোষণা করা হয়েছে রোববার (১৫ সেপ্টেম্বর)। তথ্য ও সম্প্রচার মন্ত্রণালয়ের উপসচিব সাইফুল ইসলামের সই করা একটি প্রজ্ঞাপন জারি করে নতুন এ কমিটি ঘোষণা করা হয়।</p><div class=\"ads\" style=\"margin: 0px 0px 8px; color: rgb(51, 51, 51); font-family: SolaimanLipi, Vrinda; font-size: 18px;\"><div style=\"overflow: hidden; width: 739.031px; padding-bottom: 15px;\"><div data-id=\"47\"></div></div><div class=\"clearfix\" style=\"margin-bottom: 5px;\"></div></div><p style=\"margin-right: 0px; margin-bottom: 10px; margin-left: 0px; color: rgb(51, 51, 51); font-family: SolaimanLipi, Vrinda; font-size: 18px;\"></p><p style=\"margin-right: 0px; margin-bottom: 10px; margin-left: 0px; color: rgb(51, 51, 51); font-family: SolaimanLipi, Vrinda; font-size: 18px;\">এ কমিটিতে নাম দেখা গেছে নির্মাতা আশফাক নিপুণের। যিনি বিগত সময়ে সেন্সর বোর্ডের বিরোধিতা করে আসছেন।</p><p style=\"margin-right: 0px; margin-bottom: 10px; margin-left: 0px; color: rgb(51, 51, 51); font-family: SolaimanLipi, Vrinda; font-size: 18px;\">বিভিন্ন সময়ে গণমাধ্যমে দেওয়া নিপুণের বক্তব্য ছিল, তিনি প্রাচীন প্রথা সেন্সর বোর্ডের বিরুদ্ধে। তার মতে, সিনেমায় গ্রেড বা ডিভিশন পদ্ধতি চালু করা উচিত।</p><p style=\"margin-right: 0px; margin-bottom: 10px; margin-left: 0px; color: rgb(51, 51, 51); font-family: SolaimanLipi, Vrinda; font-size: 18px;\">কথার সঙ্গে কাজের মিল রেখেছেন নির্মাতা। তিনি প্রথমবারের মতো সেন্সর বোর্ডে জায়গা পেয়েও সদস্য পদ ফিরিয়ে দিয়েছেন।</p><p style=\"margin-right: 0px; margin-bottom: 10px; margin-left: 0px; color: rgb(51, 51, 51); font-family: SolaimanLipi, Vrinda; font-size: 18px;\">রোববার (১৫ সেপ্টেম্বর) রাতেই এক ফেসবুক স্ট্যাটাসে বিষয়টি নিশ্চিত করেছেন তিনি।</p><p style=\"margin-right: 0px; margin-bottom: 10px; margin-left: 0px; color: rgb(51, 51, 51); font-family: SolaimanLipi, Vrinda; font-size: 18px;\">ফেসবুক স্ট্যাটাসে নিপুণ লিখেছেন, ‘সেন্সর বোর্ড আগামী কয়েক মাসের ভেতর সেন্সর সার্টিফিকেশন বোর্ডে রূপান্তরিত হবে বলে আমাকে জানিয়েছেন তথ্য মন্ত্রণালয়। আমি আজীবন চলচ্চিত্রে বা শিল্পে সেন্সর বোর্ড প্রথার বিরুদ্ধে।</p><p style=\"margin-right: 0px; margin-bottom: 10px; margin-left: 0px; color: rgb(51, 51, 51); font-family: SolaimanLipi, Vrinda; font-size: 18px;\">আমি খুবই সম্মানিত বোধ করেছি মন্ত্রণালয় আমাকে বোর্ডের সদস্য হওয়ার যোগ্য মনে করেছিলেন।</p><p style=\"margin-right: 0px; margin-bottom: 10px; margin-left: 0px; color: rgb(51, 51, 51); font-family: SolaimanLipi, Vrinda; font-size: 18px;\">কিন্তু একটা মিস-কমিউনিকেশন হয়ে গেছে। আমি এই বোর্ডের অফিশিয়াল সদস্য পদ গ্রহণ করিনি। বিনয়ের সঙ্গে ফিরিয়ে দিয়েছি। তথ্য মন্ত্রণালয়ের সঙ্গে এ ব্যাপারে আমার কথা হয়ে গেছে। ’</p><p style=\"margin-right: 0px; margin-bottom: 10px; margin-left: 0px; color: rgb(51, 51, 51); font-family: SolaimanLipi, Vrinda; font-size: 18px;\">সর্বশেষ এই নির্মাতা লেখেন, ‘সেন্সর বোর্ডের বাতিলের পক্ষে আমার অবস্থান সর্বদা চলমান থাকবে।</p><p style=\"margin-right: 0px; margin-bottom: 10px; margin-left: 0px; color: rgb(51, 51, 51); font-family: SolaimanLipi, Vrinda; font-size: 18px;\">নবগঠিত সেন্সর বোর্ডের বাকি সদস্যরা যারা আমার কলিগ, তাদের সেন্সর বোর্ড বাতিল করে দ্রুত সেন্সর সার্টিফিকেশন বোর্ড বা গ্রেডিং সিস্টেম চালুর পক্ষে আমার শুভকামনা রইল। ’</p><p style=\"margin-right: 0px; margin-bottom: 10px; margin-left: 0px; color: rgb(51, 51, 51); font-family: SolaimanLipi, Vrinda; font-size: 18px;\">রাষ্ট্রপতির আদেশক্রমে সেন্সর বোর্ড পুনর্গঠনের ওই প্রজ্ঞাপনে বলা হয়েছে, তথ্য মন্ত্রণালয়ের সচিবকে চেয়ারম্যান এবং সেন্সর বোর্ডের ভাইস চেয়ারম্যানকে সদস্যসচিব করে নতুন কমিটি যাত্রা করল।</p><p style=\"margin-right: 0px; margin-bottom: 10px; margin-left: 0px; color: rgb(51, 51, 51); font-family: SolaimanLipi, Vrinda; font-size: 18px;\">নতুন এ কমিটিতে সদস্য হিসেবে আছেন নির্মাতা জাকির হোসেন রাজু, আশফাক নিপুণ, অভিনেত্রী কাজী নওশাবা আহমেদ, পরিচালক সমিতির সভাপতি, তাসমিয়া আফরিন মৌ (পরিচালক), লেখক নাজিম উদ্দিন, রফিকুল আনোয়ার রাসেল (পরিচালক-প্রযোজক)।</p><p style=\"margin-right: 0px; margin-bottom: 10px; margin-left: 0px; color: rgb(51, 51, 51); font-family: SolaimanLipi, Vrinda; font-size: 18px;\">বাংলাদেশ সময়: ১৮০০ ঘণ্টা, সেপ্টেম্বর ১৬, ২০২৪</p>', '20,18,17', '66eb9bac6b1d7.jpg', '66eb9bac93c84.jpg', 1, 1, '2024-09-18 21:34:04', NULL);

-- --------------------------------------------------------

--
-- Table structure for table `roles`
--

CREATE TABLE `roles` (
  `id` bigint UNSIGNED NOT NULL,
  `name` varchar(255) CHARACTER SET utf8mb4 COLLATE utf8mb4_unicode_ci NOT NULL,
  `guard_name` varchar(255) CHARACTER SET utf8mb4 COLLATE utf8mb4_unicode_ci NOT NULL,
  `created_at` timestamp NULL DEFAULT NULL,
  `updated_at` timestamp NULL DEFAULT NULL
) ENGINE=InnoDB DEFAULT CHARSET=utf8mb4 COLLATE=utf8mb4_unicode_ci;

--
-- Dumping data for table `roles`
--

INSERT INTO `roles` (`id`, `name`, `guard_name`, `created_at`, `updated_at`) VALUES
(1, 'SuperAdmin', 'web', '2024-09-30 21:51:04', '2024-09-30 21:51:04'),
(2, 'Admin', 'web', '2024-09-30 21:52:09', '2024-09-30 21:52:09'),
(3, 'Moderator', 'web', '2024-09-30 21:52:52', '2024-09-30 21:52:52'),
(4, 'Editor', 'web', '2024-09-30 21:53:19', '2024-09-30 21:53:19'),
(5, 'Gorib', 'web', '2024-09-30 21:53:32', '2024-09-30 21:53:32');

-- --------------------------------------------------------

--
-- Table structure for table `role_has_permissions`
--

CREATE TABLE `role_has_permissions` (
  `permission_id` bigint UNSIGNED NOT NULL,
  `role_id` bigint UNSIGNED NOT NULL
) ENGINE=InnoDB DEFAULT CHARSET=utf8mb4 COLLATE=utf8mb4_unicode_ci;

--
-- Dumping data for table `role_has_permissions`
--

INSERT INTO `role_has_permissions` (`permission_id`, `role_id`) VALUES
(1, 1),
(2, 1),
(3, 1),
(4, 1),
(5, 1),
(6, 1),
(7, 1),
(8, 1),
(9, 1),
(10, 1),
(11, 1),
(12, 1),
(13, 1),
(14, 1),
(2, 2),
(4, 2),
(5, 2),
(6, 2),
(8, 2),
(9, 2),
(10, 2),
(11, 2),
(12, 2),
(13, 2),
(14, 2),
(2, 3),
(8, 3),
(9, 3),
(10, 3),
(11, 3),
(12, 3),
(13, 3),
(14, 3),
(11, 4),
(12, 4),
(13, 4),
(14, 4),
(9, 5),
(11, 5),
(12, 5);

-- --------------------------------------------------------

--
-- Table structure for table `sessions`
--

CREATE TABLE `sessions` (
  `id` varchar(255) CHARACTER SET utf8mb4 COLLATE utf8mb4_unicode_ci NOT NULL,
  `user_id` bigint UNSIGNED DEFAULT NULL,
  `ip_address` varchar(45) CHARACTER SET utf8mb4 COLLATE utf8mb4_unicode_ci DEFAULT NULL,
  `user_agent` text CHARACTER SET utf8mb4 COLLATE utf8mb4_unicode_ci,
  `payload` longtext CHARACTER SET utf8mb4 COLLATE utf8mb4_unicode_ci NOT NULL,
  `last_activity` int NOT NULL
) ENGINE=InnoDB DEFAULT CHARSET=utf8mb4 COLLATE=utf8mb4_unicode_ci;

--
-- Dumping data for table `sessions`
--

INSERT INTO `sessions` (`id`, `user_id`, `ip_address`, `user_agent`, `payload`, `last_activity`) VALUES
('EsJgPYEaNVHnpTFSo1z5KBfOCC7EbJuB7rl9W2ds', 2, '127.0.0.1', 'Mozilla/5.0 (Windows NT 10.0; Win64; x64) AppleWebKit/537.36 (KHTML, like Gecko) Chrome/129.0.0.0 Safari/537.36', 'YTo1OntzOjY6Il90b2tlbiI7czo0MDoiQTJ0TjJCY0ZmY2Y1TXg3ZXJtU2NvSGF6bjBLSnFyeVc4V05ieFZzMSI7czo5OiJfcHJldmlvdXMiO2E6MTp7czozOiJ1cmwiO3M6MjU6Imh0dHA6Ly8xMjcuMC4wLjE6ODAwMC9mYXEiO31zOjY6Il9mbGFzaCI7YToyOntzOjM6Im9sZCI7YTowOnt9czozOiJuZXciO2E6MDp7fX1zOjUwOiJsb2dpbl93ZWJfNTliYTM2YWRkYzJiMmY5NDAxNTgwZjAxNGM3ZjU4ZWE0ZTMwOTg5ZCI7aToyO3M6NTM6ImxvZ2luX2F1dGhvcl81OWJhMzZhZGRjMmIyZjk0MDE1ODBmMDE0YzdmNThlYTRlMzA5ODlkIjtpOjIzO30=', 1728361922),
('mq34Od7PNi8LEMtpjTYlDKy1MlunfGFUrgw9VqL6', 2, '127.0.0.1', 'Mozilla/5.0 (Windows NT 10.0; Win64; x64) AppleWebKit/537.36 (KHTML, like Gecko) Chrome/129.0.0.0 Safari/537.36', 'YTo0OntzOjY6Il90b2tlbiI7czo0MDoiR1NZcDJGaVBSekdnWEFvcDZUR0l3Mm5nenlaMkJUUmtGc0JUVkxxRyI7czo5OiJfcHJldmlvdXMiO2E6MTp7czozOiJ1cmwiO3M6MzQ6Imh0dHA6Ly8xMjcuMC4wLjE6ODAwMC9hZGQvY2F0ZWdvcnkiO31zOjY6Il9mbGFzaCI7YToyOntzOjM6Im9sZCI7YTowOnt9czozOiJuZXciO2E6MDp7fX1zOjUwOiJsb2dpbl93ZWJfNTliYTM2YWRkYzJiMmY5NDAxNTgwZjAxNGM3ZjU4ZWE0ZTMwOTg5ZCI7aToyO30=', 1728302006);

-- --------------------------------------------------------

--
-- Table structure for table `tags`
--

CREATE TABLE `tags` (
  `id` bigint UNSIGNED NOT NULL,
  `tag_name` varchar(255) CHARACTER SET utf8mb4 COLLATE utf8mb4_unicode_ci NOT NULL,
  `created_at` timestamp NULL DEFAULT NULL,
  `updated_at` timestamp NULL DEFAULT NULL
) ENGINE=InnoDB DEFAULT CHARSET=utf8mb4 COLLATE=utf8mb4_unicode_ci;

--
-- Dumping data for table `tags`
--

INSERT INTO `tags` (`id`, `tag_name`, `created_at`, `updated_at`) VALUES
(2, 'Mobiles', '2024-09-04 21:51:20', NULL),
(3, 'Computer', '2024-09-04 21:51:27', NULL),
(4, 'Internet', '2024-09-04 21:51:43', NULL),
(5, 'hacking', '2024-09-04 21:52:05', NULL),
(6, 'BAL', '2024-09-04 21:52:33', NULL),
(7, 'BNP', '2024-09-04 21:52:40', NULL),
(8, 'Noufel', '2024-09-04 21:55:14', NULL),
(9, 'HSC', '2024-09-04 21:55:41', NULL),
(10, 'Higher Study', '2024-09-04 21:56:00', NULL),
(11, 'Trump', '2024-09-04 21:56:11', NULL),
(12, 'Putin', '2024-09-04 21:56:18', NULL),
(13, 'WAR', '2024-09-04 21:56:23', NULL),
(14, 'Cricket', '2024-09-04 21:56:34', NULL),
(15, 'Football', '2024-09-04 21:56:40', NULL),
(16, 'Video Games', '2024-09-04 21:56:49', NULL),
(17, 'Movies', '2024-09-04 21:56:58', NULL),
(18, 'Natok', '2024-09-04 21:57:04', NULL),
(19, 'Actors', '2024-09-04 21:57:11', NULL),
(20, 'Web Series', '2024-09-04 21:57:26', NULL);

-- --------------------------------------------------------

--
-- Table structure for table `users`
--

CREATE TABLE `users` (
  `id` bigint UNSIGNED NOT NULL,
  `name` varchar(255) CHARACTER SET utf8mb4 COLLATE utf8mb4_unicode_ci NOT NULL,
  `email` varchar(255) CHARACTER SET utf8mb4 COLLATE utf8mb4_unicode_ci NOT NULL,
  `email_verified_at` timestamp NULL DEFAULT NULL,
  `password` varchar(255) CHARACTER SET utf8mb4 COLLATE utf8mb4_unicode_ci NOT NULL,
  `photo` varchar(100) CHARACTER SET utf8mb4 COLLATE utf8mb4_unicode_ci DEFAULT NULL,
  `remember_token` varchar(100) CHARACTER SET utf8mb4 COLLATE utf8mb4_unicode_ci DEFAULT NULL,
  `created_at` timestamp NULL DEFAULT NULL,
  `updated_at` timestamp NULL DEFAULT NULL
) ENGINE=InnoDB DEFAULT CHARSET=utf8mb4 COLLATE=utf8mb4_unicode_ci;

--
-- Dumping data for table `users`
--

INSERT INTO `users` (`id`, `name`, `email`, `email_verified_at`, `password`, `photo`, `remember_token`, `created_at`, `updated_at`) VALUES
(2, 'Rhoda Walter', 'xehi@mailinator.com', NULL, '$2y$12$j9trywqMTQHwdLj41VCwDeg.qbj.jY8HI/6kRMIziUFbKSeMOP.OO', NULL, NULL, '2024-08-21 22:29:00', '2024-08-21 22:29:00'),
(7, 'India Fernandez', 'qiben@mailinator.com', NULL, '$2y$12$sP4Dh1D67Z9ooCAG664EdeYagsj.Lr18IkR8bgvPleHTr44CUKt3G', NULL, NULL, '2024-08-28 21:30:54', '2024-08-28 21:30:54'),
(8, 'Mollie Berry', 'dirinyx@mailinator.com', NULL, '$2y$12$UTyaeGJ6XyDniCnG1SQ9NOCnm1b6oC8kegVtz0SxymoM4hepuxLdC', NULL, NULL, '2024-08-28 21:38:55', NULL),
(9, 'Castor Alston', 'peviz@mailinator.com', NULL, '$2y$12$zsSC6wEAVXOOi1lI8QpdiOhqfVYNSR/ib.gNcuLtIAL0Yv4qV13Y2', NULL, NULL, '2024-08-28 21:39:04', NULL),
(10, 'Zeus Zimmerman', 'fecydecux@mailinator.com', NULL, '$2y$12$LOrvUXhN2449dQYFRuHTyeOaZJRSWtK45Lelro4i31yEs.TSnD1Se', NULL, NULL, '2024-08-28 21:39:12', NULL);

--
-- Indexes for dumped tables
--

--
-- Indexes for table `authors`
--
ALTER TABLE `authors`
  ADD PRIMARY KEY (`id`),
  ADD UNIQUE KEY `authors_username_unique` (`username`),
  ADD UNIQUE KEY `authors_email_unique` (`email`);

--
-- Indexes for table `author_verifies`
--
ALTER TABLE `author_verifies`
  ADD PRIMARY KEY (`id`);

--
-- Indexes for table `cache`
--
ALTER TABLE `cache`
  ADD PRIMARY KEY (`key`);

--
-- Indexes for table `cache_locks`
--
ALTER TABLE `cache_locks`
  ADD PRIMARY KEY (`key`);

--
-- Indexes for table `categories`
--
ALTER TABLE `categories`
  ADD PRIMARY KEY (`id`),
  ADD UNIQUE KEY `categories_category_name_unique` (`category_name`);

--
-- Indexes for table `comments`
--
ALTER TABLE `comments`
  ADD PRIMARY KEY (`id`);

--
-- Indexes for table `failed_jobs`
--
ALTER TABLE `failed_jobs`
  ADD PRIMARY KEY (`id`),
  ADD UNIQUE KEY `failed_jobs_uuid_unique` (`uuid`);

--
-- Indexes for table `faqs`
--
ALTER TABLE `faqs`
  ADD PRIMARY KEY (`id`);

--
-- Indexes for table `jobs`
--
ALTER TABLE `jobs`
  ADD PRIMARY KEY (`id`),
  ADD KEY `jobs_queue_index` (`queue`);

--
-- Indexes for table `job_batches`
--
ALTER TABLE `job_batches`
  ADD PRIMARY KEY (`id`);

--
-- Indexes for table `migrations`
--
ALTER TABLE `migrations`
  ADD PRIMARY KEY (`id`);

--
-- Indexes for table `model_has_permissions`
--
ALTER TABLE `model_has_permissions`
  ADD PRIMARY KEY (`permission_id`,`model_id`,`model_type`),
  ADD KEY `model_has_permissions_model_id_model_type_index` (`model_id`,`model_type`);

--
-- Indexes for table `model_has_roles`
--
ALTER TABLE `model_has_roles`
  ADD PRIMARY KEY (`role_id`,`model_id`,`model_type`),
  ADD KEY `model_has_roles_model_id_model_type_index` (`model_id`,`model_type`);

--
-- Indexes for table `password_reset_tokens`
--
ALTER TABLE `password_reset_tokens`
  ADD PRIMARY KEY (`email`);

--
-- Indexes for table `pass_resets`
--
ALTER TABLE `pass_resets`
  ADD PRIMARY KEY (`id`);

--
-- Indexes for table `permissions`
--
ALTER TABLE `permissions`
  ADD PRIMARY KEY (`id`),
  ADD UNIQUE KEY `permissions_name_guard_name_unique` (`name`,`guard_name`);

--
-- Indexes for table `populars`
--
ALTER TABLE `populars`
  ADD PRIMARY KEY (`id`);

--
-- Indexes for table `posts`
--
ALTER TABLE `posts`
  ADD PRIMARY KEY (`id`);

--
-- Indexes for table `roles`
--
ALTER TABLE `roles`
  ADD PRIMARY KEY (`id`),
  ADD UNIQUE KEY `roles_name_guard_name_unique` (`name`,`guard_name`);

--
-- Indexes for table `role_has_permissions`
--
ALTER TABLE `role_has_permissions`
  ADD PRIMARY KEY (`permission_id`,`role_id`),
  ADD KEY `role_has_permissions_role_id_foreign` (`role_id`);

--
-- Indexes for table `sessions`
--
ALTER TABLE `sessions`
  ADD PRIMARY KEY (`id`),
  ADD KEY `sessions_user_id_index` (`user_id`),
  ADD KEY `sessions_last_activity_index` (`last_activity`);

--
-- Indexes for table `tags`
--
ALTER TABLE `tags`
  ADD PRIMARY KEY (`id`),
  ADD UNIQUE KEY `tags_tag_name_unique` (`tag_name`);

--
-- Indexes for table `users`
--
ALTER TABLE `users`
  ADD PRIMARY KEY (`id`),
  ADD UNIQUE KEY `users_email_unique` (`email`);

--
-- AUTO_INCREMENT for dumped tables
--

--
-- AUTO_INCREMENT for table `authors`
--
ALTER TABLE `authors`
  MODIFY `id` bigint UNSIGNED NOT NULL AUTO_INCREMENT, AUTO_INCREMENT=24;

--
-- AUTO_INCREMENT for table `author_verifies`
--
ALTER TABLE `author_verifies`
  MODIFY `id` bigint UNSIGNED NOT NULL AUTO_INCREMENT, AUTO_INCREMENT=12;

--
-- AUTO_INCREMENT for table `categories`
--
ALTER TABLE `categories`
  MODIFY `id` bigint UNSIGNED NOT NULL AUTO_INCREMENT, AUTO_INCREMENT=10;

--
-- AUTO_INCREMENT for table `comments`
--
ALTER TABLE `comments`
  MODIFY `id` bigint UNSIGNED NOT NULL AUTO_INCREMENT, AUTO_INCREMENT=9;

--
-- AUTO_INCREMENT for table `failed_jobs`
--
ALTER TABLE `failed_jobs`
  MODIFY `id` bigint UNSIGNED NOT NULL AUTO_INCREMENT;

--
-- AUTO_INCREMENT for table `faqs`
--
ALTER TABLE `faqs`
  MODIFY `id` bigint UNSIGNED NOT NULL AUTO_INCREMENT, AUTO_INCREMENT=3;

--
-- AUTO_INCREMENT for table `jobs`
--
ALTER TABLE `jobs`
  MODIFY `id` bigint UNSIGNED NOT NULL AUTO_INCREMENT;

--
-- AUTO_INCREMENT for table `migrations`
--
ALTER TABLE `migrations`
  MODIFY `id` int UNSIGNED NOT NULL AUTO_INCREMENT, AUTO_INCREMENT=18;

--
-- AUTO_INCREMENT for table `pass_resets`
--
ALTER TABLE `pass_resets`
  MODIFY `id` bigint UNSIGNED NOT NULL AUTO_INCREMENT, AUTO_INCREMENT=9;

--
-- AUTO_INCREMENT for table `permissions`
--
ALTER TABLE `permissions`
  MODIFY `id` bigint UNSIGNED NOT NULL AUTO_INCREMENT, AUTO_INCREMENT=15;

--
-- AUTO_INCREMENT for table `populars`
--
ALTER TABLE `populars`
  MODIFY `id` bigint UNSIGNED NOT NULL AUTO_INCREMENT, AUTO_INCREMENT=9;

--
-- AUTO_INCREMENT for table `posts`
--
ALTER TABLE `posts`
  MODIFY `id` bigint UNSIGNED NOT NULL AUTO_INCREMENT, AUTO_INCREMENT=8;

--
-- AUTO_INCREMENT for table `roles`
--
ALTER TABLE `roles`
  MODIFY `id` bigint UNSIGNED NOT NULL AUTO_INCREMENT, AUTO_INCREMENT=7;

--
-- AUTO_INCREMENT for table `tags`
--
ALTER TABLE `tags`
  MODIFY `id` bigint UNSIGNED NOT NULL AUTO_INCREMENT, AUTO_INCREMENT=21;

--
-- AUTO_INCREMENT for table `users`
--
ALTER TABLE `users`
  MODIFY `id` bigint UNSIGNED NOT NULL AUTO_INCREMENT, AUTO_INCREMENT=11;

--
-- Constraints for dumped tables
--

--
-- Constraints for table `model_has_permissions`
--
ALTER TABLE `model_has_permissions`
  ADD CONSTRAINT `model_has_permissions_permission_id_foreign` FOREIGN KEY (`permission_id`) REFERENCES `permissions` (`id`) ON DELETE CASCADE;

--
-- Constraints for table `model_has_roles`
--
ALTER TABLE `model_has_roles`
  ADD CONSTRAINT `model_has_roles_role_id_foreign` FOREIGN KEY (`role_id`) REFERENCES `roles` (`id`) ON DELETE CASCADE;

--
-- Constraints for table `role_has_permissions`
--
ALTER TABLE `role_has_permissions`
  ADD CONSTRAINT `role_has_permissions_permission_id_foreign` FOREIGN KEY (`permission_id`) REFERENCES `permissions` (`id`) ON DELETE CASCADE,
  ADD CONSTRAINT `role_has_permissions_role_id_foreign` FOREIGN KEY (`role_id`) REFERENCES `roles` (`id`) ON DELETE CASCADE;
COMMIT;

/*!40101 SET CHARACTER_SET_CLIENT=@OLD_CHARACTER_SET_CLIENT */;
/*!40101 SET CHARACTER_SET_RESULTS=@OLD_CHARACTER_SET_RESULTS */;
/*!40101 SET COLLATION_CONNECTION=@OLD_COLLATION_CONNECTION */;
